Density,Young's Modulus,Yield Strength,Tensile Strength,Specific Heat,Coefficient of Thermal Expansion,"Aluminum, Al","Chromium, Cr","Copper, Cu","Iron, Fe","Magnesium, Mg","Manganese, Mn","Silicon, Si","Titanium, Ti","Zinc, Zn","Zirconium, Zr","Vanadium, V","Boron, B","Nickel, Ni","Gallium, Ga","Oxygen, O","Beryllium, Be","Bismuth, Bi","Lead, Pb","Tin, Sn","Scandium, Sc","Lithium, Li","Silver, Ag"
2.8,0.29190267066694486,1.984998632922081,1.93128737874275,-0.9834041490346183,0.3011001065630141,91.4,0.18,1.2,0.2,2.1,0.1,0.15,0.1,5.1,0.0,0.0,0.0,0.0,0.0,0.0,0.0,0.0,0.0,0.0,0.0,0.0,0.0
2.72,-0.7596610787081491,-0.7387879337489418,-1.0553904631696083,-0.28795731624196,0.4447906570488868,95.9,0.2,0.3,0.7,0.2,0.3,0.6,0.1,0.4,0.0,0.0,0.0,0.0,0.0,0.0,0.0,0.0,0.0,0.0,0.0,0.0,0.0
2.67,-0.28476132092585066,-0.100160009924945,-0.22992673801795147,-0.2247348768971729,0.588481207534757,97.7,0.15,0.04,0.4,2.2,0.01,0.0,0.0,0.1,0.0,0.0,0.0,0.0,0.0,0.0,0.0,0.0,0.0,0.0,0.0,0.0,0.0
2.68,-0.38652555473634287,0.7539086592854605,0.28035992843943636,-0.6462178058624204,0.588481207534757,97.7,0.15,0.1,0.4,2.2,0.1,0.25,0.0,0.1,0.0,0.0,0.0,0.0,0.0,0.0,0.0,0.0,0.0,0.0,0.0,0.0,0.0
2.78,0.29190267066694486,-1.1311978628456145,-0.7327091887921424,-0.7515885381037322,0.4447906570488868,94.7,0.06,0.1,0.4,1.0,0.2,0.35,0.01,4.0,0.08,0.0,0.0,0.0,0.0,0.0,0.0,0.0,0.0,0.0,0.0,0.0,0.0
2.78,0.6650381946387511,0.4846077275524497,1.11332786927429,-0.7515885381037322,-0.7183843491342183,94.7,0.1,3.8,0.5,1.2,0.3,0.5,0.15,0.25,0.0,0.0,0.0,0.0,0.0,0.0,0.0,0.0,0.0,0.0,0.0,0.0,0.0
2.81,-0.047311442034699,0.2691669821660411,-0.019808698888438833,1.1029363493433542,1.235088684721174,92.5,0.06,0.1,0.15,0.8,0.1,0.15,0.1,6.5,0.0,0.0,0.0,0.0,0.0,0.0,0.0,0.0,0.0,0.0,0.0,0.0,0.0
2.68,0.4275883157476043,-0.5772073747091354,-0.4850700712466454,1.1029363493433542,-1.1358053982956928,93.3,0.0,0.25,0.6,0.2,0.35,6.5,0.25,0.35,0.0,0.0,0.0,0.0,0.0,0.0,0.0,0.0,0.0,0.0,0.0,0.0,0.0
2.7,-0.7596610787081491,-1.3751075638723702,-1.3180380120814992,-0.3151429651602047,-1.5101192823113865,98.6,0.04,0.15,0.7,0.8,0.15,0.4,0.15,0.25,0.0,0.0,0.0,0.0,0.0,0.0,0.0,0.0,0.0,0.0,0.0,0.0,0.0
2.81,-0.28476132092585066,1.7003090765186124,1.683648261197253,-0.6462178058624204,0.3011001065630141,91.5,0.18,1.2,0.12,1.9,0.06,0.1,0.06,5.2,0.0,0.0,0.0,0.0,0.0,0.0,0.0,0.0,0.0,0.0,0.0,0.0,0.0
2.8,0.29190267066694486,2.2542995646550916,2.231456006070625,-0.9834041490346183,0.3011001065630141,91.4,0.18,1.2,0.2,2.1,0.1,0.15,0.1,5.1,0.0,0.0,0.0,0.0,0.0,0.0,0.0,0.0,0.0,0.0,0.0,0.0,0.0
2.72,-0.7596610787081491,-0.20788038261814928,-0.38751526736508596,-0.3722539020350095,0.6603264827776908,98.2,0.0,0.25,0.7,0.8,1.0,0.3,0.0,0.25,0.0,0.0,0.0,0.0,0.0,0.0,0.0,0.0,0.0,0.0,0.0,0.0,0.0
2.7,-0.7257396674379867,-0.8618969311126039,-1.1079199729519864,-0.1404382911041234,0.4447906570488868,99.45,0.0,0.05,0.55,0.05,0.05,0.0,0.03,0.05,0.0,0.05,0.0,0.0,0.0,0.0,0.0,0.0,0.0,0.0,0.0,0.0,0.0
2.69,-0.28476132092585066,-0.36946094165795573,-0.22992673801795147,-0.2247348768971729,0.5166359322918206,97.1,0.05,0.1,0.4,2.4,0.5,0.25,0.2,0.25,0.0,0.0,0.0,0.0,0.0,0.0,0.0,0.0,0.0,0.0,0.0,0.0,0.0
2.7,-0.7596610787081491,-1.4281983189854492,-1.265508502299121,-0.2247348768971729,0.588481207534757,97.0,0.1,0.2,0.7,0.5,0.2,0.3,0.0,0.25,0.0,0.0,0.0,0.0,0.0,0.0,0.0,0.0,0.0,0.0,0.0,0.0,0.0
2.72,3.4126725075220694,0.25377835749558336,0.01771237952754557,1.1029363493433542,-3.5785447565554933,79.6,0.0,4.0,1.3,0.45,0.1,16.0,0.2,0.1,0.0,0.0,0.0,0.0,0.0,0.0,0.0,0.0,0.0,0.0,0.0,0.0,0.0
2.69,-0.7257396674379867,0.6384939742570273,0.28035992843943636,-0.33010560913848475,0.3011001065630141,98.9,0.03,0.1,0.5,0.6,0.03,0.5,0.0,0.1,0.0,0.0,0.06,0.0,0.0,0.0,0.0,0.0,0.0,0.0,0.0,0.0,0.0
2.78,0.6650381946387511,1.4387024571208304,1.1658573790566682,-0.7501133478523535,-0.1177578481032825,94.7,0.1,3.8,0.5,1.2,0.3,0.5,0.15,0.25,0.0,0.0,0.0,0.0,0.0,0.0,0.0,0.0,0.0,0.0,0.0,0.0,0.0
2.8,-0.7257396674379867,-0.36176662932272685,-0.38751526736508596,1.1029363493433542,-0.7047337468380797,94.0,0.0,4.0,1.2,0.05,0.35,2.0,0.25,0.5,0.0,0.0,0.0,0.35,0.0,0.0,0.0,0.0,0.0,0.0,0.0,0.0,0.0
2.84,0.6650381946387511,1.2771218980810242,1.375975418186181,-0.9834041490346183,-0.345507370623403,93.8,0.0,5.8,0.3,0.02,0.2,0.2,0.02,0.1,0.1,0.05,0.0,0.0,0.0,0.0,0.0,0.0,0.0,0.0,0.0,0.0,0.0
2.705,-0.7596610787081491,-1.5343798292116078,-1.5754326100151521,-0.2247348768971729,0.588481207534757,99.5,0.01,0.05,0.4,0.0,0.01,0.1,0.02,0.05,0.0,0.0,0.05,0.0,0.03,0.0,0.0,0.0,0.0,0.0,0.0,0.0,0.0
2.83,0.19013843685645265,1.592588703825408,1.5260597318501186,-1.0677007348276677,0.4447906570488868,90.3,0.04,2.0,0.15,1.9,0.1,0.12,0.06,5.7,0.08,0.0,0.0,0.0,0.0,0.0,0.0,0.0,0.0,0.0,0.0,0.0,0.0
2.66,-0.047311442034699,-0.7387879337489418,-0.17739722823557333,-0.2247348768971729,0.4447906570488868,96.3,0.05,0.1,0.5,3.5,0.2,0.4,0.15,0.25,0.0,0.0,0.0,0.0,0.0,0.0,0.0,0.0,0.0,0.0,0.0,0.0,0.0
2.705,-0.7257396674379867,-0.9542286791353505,-1.3705675218638773,-0.2247348768971729,0.588481207534757,99.5,0.0,0.05,0.4,0.05,0.05,0.25,0.03,0.05,0.0,0.05,0.0,0.0,0.0,0.0,0.0,0.0,0.0,0.0,0.0,0.0,0.0
2.78,0.29190267066694486,-0.1694088209420049,0.39292316368738955,-0.7515885381037322,0.4447906570488868,94.7,0.06,0.1,0.4,1.0,0.2,0.35,0.01,4.0,0.08,0.0,0.0,0.0,0.0,0.0,0.0,0.0,0.0,0.0,0.0,0.0,0.0
2.705,-1.4041678928412744,-1.5928566029593474,-1.7457783060237213,-0.2247348768971729,0.4447906570488868,99.8,0.0,0.01,0.09,0.02,0.02,0.09,0.02,0.03,0.0,0.05,0.0,0.0,0.03,0.0,0.0,0.0,0.0,0.0,0.0,0.0,0.0
2.83,-0.28476132092585066,1.7541692628652146,1.6686398298308591,-0.7012213280923921,0.4447906570488868,90.9,0.1,1.5,0.3,1.8,0.15,0.2,0.06,5.7,0.08,0.0,0.0,0.0,0.0,0.0,0.0,0.0,0.0,0.0,0.0,0.0,0.0
2.67,-0.7257396674379867,-1.0927263011694703,-0.8452724240400956,-0.2247348768971729,0.37294538180595044,97.8,0.0,0.1,0.1,2.2,0.1,0.08,0.0,0.05,0.0,0.05,0.0,0.0,0.0,0.0,0.0,0.0,0.0,0.0,0.0,0.0,0.0
2.69,-0.7596610787081491,-1.0573324644274174,-1.0553904631696083,-0.4354763413797966,0.588481207534757,97.9,0.0,0.2,0.15,0.45,0.05,0.2,0.0,0.05,0.0,0.0,0.0,0.0,0.0,0.0,0.0,0.0,0.0,0.0,0.0,0.0,0.0
2.84,0.9024880735299028,-0.36176662932272685,0.09275453635951438,-0.9834041490346183,0.3011001065630141,99.2,0.0,0.1,0.7,0.1,0.1,0.0,0.0,0.8,0.0,0.0,0.0,0.0,0.0,0.0,0.0,0.0,0.0,0.0,0.0,0.0,0.0
2.79,0.9703308960702326,-1.0573324644274174,-1.0028609533872301,1.1029363493433542,-0.345507370623403,91.5,0.0,3.0,1.0,0.1,0.5,5.5,0.25,1.0,0.0,0.0,0.0,0.35,0.0,0.0,0.0,0.0,0.0,0.0,0.0,0.0,0.0
2.79,-0.047311442034699,-0.9542286791353505,-0.4850700712466454,1.1029363493433542,-1.1358053982956928,93.0,0.0,3.5,1.2,0.1,0.5,2.5,0.25,1.0,0.0,0.0,0.0,0.35,0.0,0.0,0.0,0.0,0.0,0.0,0.0,0.0,0.0
2.72,-0.7596610787081491,0.16144660947283684,-0.07233820867081699,-0.37162167764155046,-0.4891979211092731,98.2,0.0,0.25,0.7,0.8,1.0,0.3,0.0,0.25,0.0,0.0,0.0,0.0,0.0,0.0,0.0,0.0,0.0,0.0,0.0,0.0,0.0
2.72,-0.7596610787081491,-0.6849277474023397,-0.9578356592880488,-0.2892217650288406,-1.2198643703299303,95.9,0.2,0.3,0.7,0.2,0.3,0.6,0.1,0.4,0.0,0.0,0.0,0.0,0.0,0.0,0.0,0.0,0.0,0.0,0.0,0.0,0.0
2.81,-0.047311442034699,0.1075864231262347,-0.019808698888438833,1.1029363493433542,0.4447906570488868,92.5,0.06,0.1,0.15,0.8,0.1,0.15,0.1,6.5,0.0,0.0,0.0,0.0,0.0,0.0,0.0,0.0,0.0,0.0,0.0,0.0,0.0
2.71,-0.28476132092585066,-0.792648120095544,-0.9053061495056707,1.1029363493433542,1.235088684721174,94.1,0.25,1.0,0.6,0.4,0.5,4.5,0.25,0.35,0.0,0.0,0.0,0.0,0.0,0.0,0.0,0.0,0.0,0.0,0.0,0.0,0.0
2.82,1.1399379524210544,0.6923541606036294,0.9632435556103525,-0.6462178058624204,-0.4891979211092731,94.4,0.1,3.5,1.0,0.45,0.2,0.9,0.0,0.25,0.0,0.0,0.0,1.7,0.0,0.0,0.0,0.0,0.0,0.0,0.0,0.0,0.0
2.7,-0.38652555473634287,0.5615508509047384,0.28035992843943636,-0.37478279960880584,-0.4891979211092731,98.1,0.0,0.3,0.0,1.1,0.0,0.5,0.0,0.0,0.0,0.0,0.0,0.0,0.0,0.0,0.0,0.0,0.0,0.0,0.0,0.0,0.0
2.71,-0.28476132092585066,-0.5772073747091354,-0.6426586005937799,1.1029363493433542,0.40407833441122987,94.1,0.25,1.0,0.6,0.4,0.5,4.5,0.25,0.35,0.0,0.0,0.0,0.0,0.0,0.0,0.0,0.0,0.0,0.0,0.0,0.0,0.0
2.67,0.4275883157476043,0.1075864231262347,0.13027561477549876,1.1029363493433542,-0.4891979211092731,93.0,0.0,0.2,0.2,0.4,0.1,6.5,0.04,0.1,0.0,0.0,0.0,0.0,0.0,0.0,0.04,0.0,0.0,0.0,0.0,0.0,0.0
2.83,-0.28476132092585066,0.6384939742570273,0.8581845360455962,-0.6462178058624204,-1.1358053982956928,94.6,0.0,5.0,0.7,0.0,0.0,0.4,0.0,0.3,0.0,0.0,0.0,0.0,0.0,0.0,0.0,0.2,0.2,0.0,0.0,0.0,0.0
2.69,-0.7596610787081491,-0.47718131435116,-0.7477176201585362,-0.2247348768971729,-0.05812626965166262,98.9,0.1,0.2,0.7,1.1,0.1,0.4,0.0,0.25,0.0,0.0,0.0,0.0,0.0,0.0,0.0,0.0,0.0,0.0,0.0,0.0,0.0
2.73,-0.7596610787081491,-0.792648120095544,-1.2129789925167427,-0.3722539020349978,0.588481207534757,99.0,0.0,0.05,0.7,0.0,1.0,0.6,0.0,0.1,0.0,0.0,0.0,0.0,0.0,0.0,0.0,0.0,0.0,0.0,0.0,0.0,0.0
2.71,-0.7596610787081491,-0.6849277474023397,-1.1079199729519864,-0.1404382911041234,-0.06182630132667155,99.0,0.0,0.05,0.95,0.0,0.05,0.0,0.0,0.1,0.0,0.0,0.0,0.0,0.0,0.0,0.0008,0.0,0.0,0.0,0.0,0.0,0.0
2.8,-0.047311442034699,1.538728517478806,1.5785892416324967,1.039713909998567,0.4447906570488868,91.4,0.18,1.2,0.5,2.1,0.3,0.4,0.2,5.1,0.0,0.0,0.0,0.0,0.0,0.0,0.0,0.0,0.0,0.0,0.0,0.0,0.0
2.76,1.9879732341751641,1.0616811526946155,0.9107140458279743,-0.2938580772474981,0.13729287900914083,86.8,0.0,2.5,0.5,0.7,0.0,9.0,0.05,0.1,0.0,0.0,0.0,0.0,0.0,0.0,0.0,1.0,0.0,0.0,0.0,0.0,0.0
2.72,-0.7596610787081491,1.0155152786832422,0.7531255164808398,-0.49869878072458373,-0.13068999764702155,97.0,0.4,0.7,0.5,0.8,0.6,0.9,0.2,0.25,0.0,0.0,0.0,0.0,0.0,0.0,0.0,0.0,0.0,0.0,0.0,0.0,0.0
2.75,-0.047311442034699,-0.26174056896475145,0.3403936539050114,-0.6040695129658956,0.1574095560771439,97.4,0.1,2.2,0.5,0.3,0.1,0.5,0.15,0.25,0.0,0.0,0.0,0.0,0.0,0.0,0.0,0.0,0.0,0.0,0.0,0.0,0.0
2.66,-0.047311442034699,0.007560362768259287,0.18280512455787692,-0.2247348768971729,0.3011001065630141,95.6,0.05,0.1,0.4,4.0,0.4,0.4,0.15,0.25,0.0,0.0,0.0,0.0,0.0,0.0,0.0,0.0,0.0,0.0,0.0,0.0,0.0
2.62,-0.047311442034699,-0.669539122731882,-0.13237193413639203,1.1029363493433542,0.8758623085064974,93.4,0.0,0.1,0.2,6.5,0.1,0.2,0.25,0.0,0.0,0.0,0.0,0.0,0.0,0.0,0.0,0.0,0.0,0.0,0.0,0.0,0.0
2.69,-0.7596610787081491,-0.6849277474023397,-1.0028609533872301,-0.6462178058624204,0.4447906570488868,98.5,0.0,0.1,0.1,0.6,0.03,0.08,0.0,0.0,0.0,0.05,0.0,0.0,0.03,0.0,0.0,0.0,0.0,0.0,0.0,0.0,0.0
2.83,0.19013843685645265,1.861889635558419,1.736177770979631,-1.0677007348276677,0.588481207534757,90.3,0.04,2.0,0.15,1.9,0.1,0.12,0.06,5.7,0.08,0.0,0.0,0.0,0.0,0.0,0.0,0.0,0.0,0.0,0.0,0.0,0.0
2.82,0.6311167833685887,0.40766460420016093,1.0307814967591244,-1.0677007348276677,0.37294538180595044,95.0,0.1,3.3,0.8,0.4,0.5,0.8,0.2,0.8,0.0,0.0,0.0,0.2,0.0,0.0,0.0,0.2,0.8,0.2,0.0,0.0,0.0
2.69,-0.047311442034699,-1.4281983189854492,-1.1079199729519864,1.1029363493433542,-0.08255366323427007,95.5,0.0,0.15,0.8,0.05,0.35,4.5,0.25,0.35,0.0,0.0,0.0,0.0,0.0,0.0,0.0,0.0,0.0,0.0,0.0,0.0,0.0
2.66,-0.047311442034699,0.44613616587630534,0.39292316368738955,-0.2247348768971729,-0.6328884715951433,96.3,0.0,0.0,0.5,3.5,0.2,0.4,0.15,0.25,0.0,0.0,0.0,0.0,0.0,0.0,0.0,0.0,0.0,0.0,0.0,0.0,0.0
2.7,-0.7596610787081491,-0.6310675610557376,-0.38751526736508596,-0.30903146269022236,0.588481207534757,98.6,0.04,0.15,0.7,0.8,0.15,0.4,0.15,0.25,0.0,0.0,0.0,0.0,0.0,0.0,0.0,0.0,0.0,0.0,0.0,0.0,0.0
2.7,-0.7257396674379867,-1.4389703562547698,-1.3705675218638773,-0.4354763413797966,0.4447906570488868,97.0,0.0,0.15,0.8,0.4,0.1,0.2,0.0,0.2,0.0,0.0,0.0,0.0,0.0,0.0,0.0,0.0,0.0,0.0,0.0,0.0,0.0
2.81,0.6311167833685887,0.09989211079100582,0.6555707125992803,-1.0677007348276677,0.3011001065630141,95.2,0.1,3.3,0.7,0.5,0.2,0.8,0.2,0.5,0.0,0.0,0.0,0.0,0.0,0.0,0.0,0.2,0.8,0.0,0.0,0.0,0.0
2.81,1.106016541150892,0.40766460420016093,0.39292316368738955,-0.6462178058624204,0.35211025198549417,93.6,0.1,3.5,1.0,1.2,0.2,0.9,0.0,0.25,0.0,0.0,0.0,1.7,0.0,0.0,0.0,0.0,0.0,0.0,0.0,0.0,0.0
2.69,-0.7596610787081491,-0.100160009924945,-0.38751526736508596,-0.4354763413797966,-0.41735264586633936,97.9,0.0,0.2,0.15,0.45,0.05,0.2,0.0,0.05,0.0,0.0,0.0,0.0,0.0,0.0,0.0,0.0,0.0,0.0,0.0,0.0,0.0
2.81,0.6311167833685887,0.40766460420016093,1.0307814967591244,-1.0677007348276677,0.3011001065630141,95.2,0.1,3.3,0.7,0.5,0.2,0.8,0.2,0.5,0.0,0.0,0.0,0.0,0.0,0.0,0.0,0.2,0.8,0.0,0.0,0.0,0.0
2.81,1.1399379524210544,0.21530679581943898,0.2878641441226333,-0.6462178058624204,0.20051672122290165,93.6,0.1,3.5,1.0,1.2,0.2,0.9,0.0,0.25,0.0,0.0,0.0,1.7,0.0,0.0,0.0,0.0,0.0,0.0,0.0,0.0,0.0
2.7,-0.7596610787081491,0.3768873548592454,0.13027561477549876,-0.30903146269022236,-0.41735264586633936,98.6,0.04,0.15,0.7,0.8,0.15,0.4,0.15,0.25,0.0,0.0,0.0,0.0,0.0,0.0,0.0,0.0,0.0,0.0,0.0,0.0,0.0
2.69,-0.047311442034699,-1.4281983189854492,-1.3180380120814992,1.1029363493433542,0.4447906570488868,95.5,0.0,0.15,0.8,0.05,0.35,4.5,0.25,0.35,0.0,0.0,0.0,0.0,0.0,0.0,0.0,0.0,0.0,0.0,0.0,0.0,0.0
2.66,-0.047311442034699,-0.8465083064421461,-0.22992673801795147,-0.2247348768971729,-0.6328884715951433,96.3,0.05,0.1,0.5,3.5,0.2,0.4,0.15,0.25,0.0,0.0,0.0,0.0,0.0,0.0,0.0,0.0,0.0,0.0,0.0,0.0,0.0
2.83,0.19013843685645265,2.0234701945982256,1.9462958101091439,-1.0677007348276677,0.588481207534757,90.3,0.04,2.0,0.15,1.9,0.1,0.12,0.06,5.7,0.08,0.0,0.0,0.0,0.0,0.0,0.0,0.0,0.0,0.0,0.0,0.0,0.0
2.82,0.6311167833685887,0.09989211079100582,0.6555707125992803,-1.0677007348276677,0.37294538180595044,95.0,0.1,3.3,0.8,0.4,0.5,0.8,0.2,0.8,0.0,0.0,0.0,0.2,0.0,0.0,0.0,0.2,0.8,0.2,0.0,0.0,0.0
2.66,-0.28476132092585066,0.1768352341432946,0.2053177716074676,-0.2247348768971729,-0.034417328821477744,95.6,0.05,0.1,0.4,4.0,0.4,0.4,0.15,0.25,0.0,0.0,0.0,0.0,0.0,0.0,0.0,0.0,0.0,0.0,0.0,0.0,0.0
2.62,-0.047311442034699,-0.669539122731882,-0.13237193413639203,1.1029363493433542,0.8758623085064974,93.4,0.0,0.1,0.15,6.5,0.05,0.15,0.1,0.0,0.0,0.0,0.0,0.0,0.0,0.0,0.0,0.0,0.0,0.0,0.0,0.0,0.0
2.67,-0.28476132092585066,-1.0573324644274174,-0.7477176201585362,-0.2247348768971729,0.4447906570488868,97.7,0.15,0.04,0.4,2.2,0.01,0.0,0.0,0.1,0.0,0.0,0.0,0.0,0.0,0.0,0.0,0.0,0.0,0.0,0.0,0.0,0.0
2.75,-0.38652555473634287,1.4463967694560593,1.2183868888390463,0.32319293075764877,0.588481207534757,95.8,0.0,2.8,0.2,1.2,0.2,0.15,0.1,0.25,0.0,0.0,0.0,0.0,0.0,0.0,0.0,0.0,0.0,0.0,0.0,0.0,0.0
2.88,-0.047311442034699,-1.169669424521759,-1.3705675218638773,1.1029363493433542,0.37294538180595044,93.1,0.0,0.7,0.7,0.1,0.1,0.7,0.2,0.0,0.0,0.0,0.0,0.7,0.0,0.0,0.0,0.0,0.0,5.5,0.0,0.0,0.0
2.76,1.9879732341751641,1.2771218980810242,1.0082688497095338,-0.2938580772474981,0.3011001065630141,86.8,0.0,2.5,0.5,0.7,0.0,9.0,0.05,0.1,0.0,0.0,0.0,0.0,0.0,0.0,0.0,1.0,0.0,0.0,0.0,0.0,0.0
2.73,-0.38652555473634287,-1.4312760439195409,-1.4456096786958461,-0.3722539020350095,-0.6049885563757987,99.2,0.0,0.1,0.7,0.1,0.1,0.0,0.0,0.8,0.0,0.0,0.0,0.0,0.0,0.0,0.0,0.0,0.0,0.0,0.0,0.0,0.0
2.71,-0.7596610787081491,-0.5772073747091354,-0.9578356592880488,-0.1404382911041234,0.1574095560771439,99.0,0.0,0.05,0.95,0.0,0.05,0.0,0.0,0.1,0.0,0.0,0.0,0.0,0.0,0.0,0.0008,0.0,0.0,0.0,0.0,0.0,0.0
2.84,-1.4041678928412744,1.8695839478936478,1.6311187514148748,-0.6462178058624204,0.4447906570488868,91.2,0.0,0.3,0.6,1.2,0.3,0.4,0.2,7.0,0.0,0.0,0.0,0.0,0.0,0.0,0.0,0.0,0.0,0.0,0.0,0.0,0.0
2.66,-0.047311442034699,-0.7387879337489418,-0.019808698888438833,1.1029363493433542,-0.9921148478098201,89.0,0.0,1.0,1.3,0.1,0.35,11.0,0.0,0.5,0.0,0.0,0.0,0.5,0.0,0.0,0.0,0.0,0.0,0.15,0.0,0.0,0.0
2.69,-0.7596610787081491,-0.36946094165795573,-0.6426586005937799,-0.2247348768971729,-1.8542581507250462,98.9,0.1,0.2,0.7,1.1,0.1,0.4,0.0,0.25,0.0,0.0,0.0,0.0,0.0,0.0,0.0,0.0,0.0,0.0,0.0,0.0,0.0
2.71,-0.5222111998170024,-0.15402019627154714,-0.12486771845319515,1.1029363493433542,0.588481207534757,94.1,0.0,1.0,0.2,0.4,0.1,4.5,0.2,0.1,0.0,0.0,0.0,0.0,0.0,0.0,0.0,0.0,0.0,0.0,0.0,0.0,0.0
2.83,-0.38652555473634287,0.3307214808478722,0.7681339478472335,-0.6462178058624204,-0.4891979211092731,94.6,0.0,5.0,0.7,0.0,0.0,0.4,0.0,0.3,0.0,0.0,0.0,0.0,0.0,0.0,0.0,0.2,0.2,0.0,0.0,0.0,0.0
2.68,0.4275883157476043,-0.20788038261814928,-0.5901290908114017,1.1029363493433542,-0.05812626965166262,93.3,0.0,0.25,0.6,0.2,0.35,6.5,0.25,0.35,0.0,0.0,0.0,0.0,0.0,0.0,0.0,0.0,0.0,0.0,0.0,0.0,0.0
2.76,1.1399379524210544,1.1155413390412177,1.11332786927429,-0.7515885381037322,-1.1358053982956928,94.9,0.0,1.9,0.9,1.3,0.0,0.1,0.04,0.1,0.0,0.0,0.0,0.9,0.0,0.0,0.0,0.0,0.0,0.0,0.0,0.0,0.0
2.71,-0.28476132092585066,-0.09246569758971612,-0.057329777304423235,1.1029363493433542,-0.4891979211092731,94.1,0.25,1.0,0.6,0.4,0.5,4.5,0.25,0.35,0.0,0.0,0.0,0.0,0.0,0.0,0.0,0.0,0.0,0.0,0.0,0.0,0.0
2.79,0.4275883157476043,0.3768873548592454,1.0082688497095338,-0.6462178058624204,-0.4891979211092731,95.5,0.1,3.5,0.7,0.4,0.4,0.2,0.15,0.25,0.0,0.0,0.0,0.0,0.0,0.0,0.0,0.0,0.0,0.0,0.0,0.0,0.0
2.81,-0.047311442034699,-0.31560075531135356,-0.3349857575827078,1.1029363493433542,0.4447906570488868,92.5,0.06,0.1,0.15,0.8,0.1,0.15,0.1,6.5,0.0,0.0,0.0,0.0,0.0,0.0,0.0,0.0,0.0,0.0,0.0,0.0,0.0
2.79,-0.047311442034699,-1.1104232195404966,-1.2129789925167427,1.1029363493433542,1.235088684721174,93.0,0.0,3.5,1.2,0.1,0.5,2.5,0.25,1.0,0.0,0.0,0.0,0.35,0.0,0.0,0.0,0.0,0.0,0.0,0.0,0.0,0.0
2.72,-0.7596610787081491,0.007560362768259287,-0.22992673801795147,-0.37162167764155046,-0.4891979211092731,98.2,0.0,0.25,0.7,0.8,1.0,0.3,0.0,0.25,0.0,0.0,0.0,0.0,0.0,0.0,0.0,0.0,0.0,0.0,0.0,0.0,0.0
2.72,-0.7596610787081491,-0.5772073747091354,-0.8527766397232925,-0.2892217650288406,-1.2116021636769736,95.9,0.2,0.3,0.7,0.2,0.3,0.6,0.1,0.4,0.0,0.0,0.0,0.0,0.0,0.0,0.0,0.0,0.0,0.0,0.0,0.0,0.0
2.78,0.4275883157476043,1.6387545778367814,1.6686398298308591,-0.7515885381037322,0.4447906570488868,94.7,0.1,3.8,0.5,1.2,0.3,0.5,0.15,0.25,0.0,0.0,0.0,0.0,0.0,0.0,0.0,0.0,0.0,0.0,0.0,0.0,0.0
2.69,-0.7257396674379867,-1.362027232902481,-1.520651835527815,-0.4354763413797966,0.1574095560771439,97.9,0.0,0.2,0.15,0.45,0.05,0.2,0.0,0.05,0.0,0.0,0.0,0.0,0.0,0.0,0.0,0.0,0.0,0.0,0.0,0.0,0.0
2.84,0.9024880735299028,0.06142054911486143,0.13027561477549876,-0.9834041490346183,0.3011001065630141,99.2,0.0,0.1,0.7,0.1,0.1,0.0,0.0,0.8,0.0,0.0,0.0,0.0,0.0,0.0,0.0,0.0,0.0,0.0,0.0,0.0,0.0
2.67,-0.7596610787081491,0.1075864231262347,-0.07233820867081699,-0.2458090233454259,-0.345507370623403,97.8,0.0,0.1,0.1,2.2,0.1,0.08,0.0,0.05,0.0,0.05,0.0,0.0,0.0,0.0,0.0,0.0,0.0,0.0,0.0,0.0,0.0
2.78,-0.047311442034699,0.6769655359331717,0.5054863989353428,-0.6462178058624204,0.588481207534757,94.8,0.0,0.45,0.12,0.8,0.03,0.1,0.03,4.0,0.0,0.05,0.0,0.0,0.0,0.0,0.0,0.0,0.0,0.0,0.0,0.0,0.0
2.7,-3.100238456349494,-0.9003684927887483,-1.3330464434478928,-0.2247348768971729,0.4447906570488868,99.99,0.0,0.006,0.006,0.006,0.002,0.006,0.002,0.006,0.0,0.005,0.0,0.0,0.005,0.0,0.0,0.0,0.0,0.0,0.0,0.0,0.0
2.83,-0.28476132092585066,1.984998632922081,1.8937663003267655,-0.7054361573820441,0.4447906570488868,90.9,0.1,1.5,0.3,1.8,0.15,0.2,0.06,5.7,0.08,0.0,0.0,0.0,0.0,0.0,0.0,0.0,0.0,0.0,0.0,0.0,0.0
2.76,-0.047311442034699,-0.8465083064421461,-0.6426586005937799,1.1029363493433542,0.37294538180595044,95.3,0.2,0.2,0.8,1.4,0.4,0.2,0.25,2.7,0.0,0.0,0.0,0.0,0.0,0.0,0.0,0.0,0.0,0.0,0.0,0.0,0.0
2.66,-0.047311442034699,-0.15402019627154714,-0.019808698888438833,-0.2247348768971729,0.4447906570488868,96.3,0.05,0.1,0.5,3.5,0.2,0.4,0.15,0.25,0.0,0.0,0.0,0.0,0.0,0.0,0.0,0.0,0.0,0.0,0.0,0.0,0.0
2.7,-0.7596610787081491,-1.5313021042775163,-1.573181345310193,-0.22684229154198252,0.588481207534757,99.7,0.01,0.02,0.25,0.02,0.01,0.1,0.02,0.04,0.0,0.0,0.02,0.0,0.03,0.0,0.0,0.0,0.0,0.0,0.0,0.0,0.0
2.83,0.19013843685645265,1.7541692628652146,1.736177770979631,-1.0677007348276677,0.588481207534757,90.3,0.04,2.0,0.15,1.9,0.1,0.12,0.06,5.7,0.08,0.0,0.0,0.0,0.0,0.0,0.0,0.0,0.0,0.0,0.0,0.0,0.0
2.69,-0.7257396674379867,-0.2463519442942937,-0.5451037967122204,-0.33010560913848475,0.37294538180595044,98.9,0.03,0.1,0.5,0.6,0.03,0.5,0.0,0.1,0.0,0.0,0.06,0.0,0.0,0.0,0.0,0.0,0.0,0.0,0.0,0.0,0.0
2.77,0.4275883157476043,0.5230792892285941,0.6930917910152647,-0.7515885381037322,0.3011001065630141,99.3,0.0,0.1,0.7,0.05,0.05,0.0,0.03,0.1,0.0,0.05,0.0,0.0,0.0,0.0,0.0,0.0,0.0,0.0,0.0,0.0,0.0
2.796,-0.7257396674379867,-0.669539122731882,-0.16989301255237643,1.1029363493433542,-0.05812626965166262,94.0,0.0,4.0,1.2,0.05,0.35,2.0,0.25,0.5,0.0,0.0,0.0,0.35,0.0,0.0,0.0,0.0,0.0,0.0,0.0,0.0,0.0
2.84,0.6650381946387511,1.2771218980810242,1.375975418186181,-0.9834041490346183,-0.7047337468380797,93.8,0.0,5.8,0.3,0.02,0.2,0.2,0.02,0.1,0.1,0.05,0.0,0.0,0.0,0.0,0.0,0.0,0.0,0.0,0.0,0.0,0.0
2.66,-0.28476132092585066,-0.05399413591357174,0.09275453635951438,-0.2247348768971729,-0.345507370623403,95.3,0.25,0.2,0.25,4.0,0.7,0.25,0.15,0.4,0.2,0.0,0.0,0.0,0.0,0.0,0.0,0.0,0.0,0.0,0.0,0.0,0.0
2.65,0.29190267066694486,0.6000224125808828,0.16779669319148316,-0.012307480698695852,0.588481207534757,95.95,0.1,0.2,0.4,3.9,0.2,0.25,0.2,0.25,0.05,0.0,0.0,0.0,0.0,0.0,0.0,0.0,0.0,0.0,0.1,0.0,0.0
2.72,3.4126725075220694,1.0616811526946155,0.5430074773513272,1.1029363493433542,-1.1006012134266547,79.6,0.0,4.0,1.3,0.45,0.1,16.0,0.2,0.1,0.0,0.0,0.0,0.0,0.0,0.0,0.0,0.0,0.0,0.0,0.0,0.0,0.0
2.81,-0.28476132092585066,1.7003090765186124,1.683648261197253,-0.6462178058624204,-3.5785447565554933,91.5,0.18,1.2,0.12,1.9,0.06,0.1,0.06,5.2,0.0,0.0,0.0,0.0,0.0,0.0,0.0,0.0,0.0,0.0,0.0,0.0,0.0
2.8,0.29190267066694486,1.600283016160637,1.5935976729988903,-0.9834041490346183,0.3011001065630141,91.4,0.18,1.2,0.2,2.1,0.1,0.15,0.1,5.1,0.0,0.0,0.0,0.0,0.0,0.0,0.0,0.0,0.0,0.0,0.0,0.0,0.0
2.72,-0.7596610787081491,0.007560362768259287,-0.22992673801795147,-0.3722539020350095,0.3011001065630141,98.2,0.0,0.25,0.7,0.8,1.0,0.3,0.0,0.25,0.0,0.0,0.0,0.0,0.0,0.0,0.0,0.0,0.0,0.0,0.0,0.0,0.0
2.7,-0.7257396674379867,-0.6310675610557376,-0.9578356592880488,-0.1404382911041234,0.6603264827776908,99.45,0.0,0.05,0.55,0.05,0.05,0.0,0.03,0.05,0.0,0.05,0.0,0.0,0.0,0.0,0.0,0.0,0.0,0.0,0.0,0.0,0.0
2.7,-0.7596610787081491,-0.7387879337489418,-0.4850700712466454,-0.30945294561917636,0.4447906570488868,98.6,0.04,0.15,0.7,0.8,0.15,0.4,0.15,0.25,0.0,0.0,0.0,0.0,0.0,0.0,0.0,0.0,0.0,0.0,0.0,0.0,0.0
2.77,-0.047311442034699,0.1075864231262347,0.13027561477549876,1.1029363493433542,0.18614766617430978,93.6,0.2,0.2,0.8,1.8,0.4,0.2,0.25,4.0,0.0,0.0,0.0,0.0,0.0,0.0,0.0,0.0,0.0,0.0,0.0,0.0,0.0
2.68,0.4275883157476043,-0.9003684927887483,-1.0028609533872301,1.1029363493433542,0.588481207534757,93.3,0.0,0.25,0.6,0.2,0.35,6.5,0.25,0.35,0.0,0.0,0.0,0.0,0.0,0.0,0.0,0.0,0.0,0.0,0.0,0.0,0.0
2.84,-0.047311442034699,2.06194175627437,2.1564138492386564,-1.0677007348276677,-1.1358053982956928,87.0,0.18,1.6,0.4,2.6,0.2,0.35,0.2,6.8,0.0,0.0,0.0,0.0,0.0,0.0,0.0,0.0,0.0,0.0,0.0,0.0,0.0
2.78,0.6650381946387511,1.592588703825408,1.2709163986214245,-0.7515885381037322,0.3011001065630141,94.7,0.1,3.8,0.5,1.2,0.3,0.5,0.15,0.25,0.0,0.0,0.0,0.0,0.0,0.0,0.0,0.0,0.0,0.0,0.0,0.0,0.0
2.67,-0.28476132092585066,-0.26174056896475145,-0.4850700712466454,-0.2247348768971729,-0.05812626965166262,97.7,0.15,0.04,0.4,2.2,0.01,0.0,0.0,0.1,0.0,0.0,0.0,0.0,0.0,0.0,0.0,0.0,0.0,0.0,0.0,0.0,0.0
2.68,-0.28476132092585066,-0.26174056896475145,-0.4850700712466454,-0.6462178058624204,0.588481207534757,97.7,0.15,0.1,0.4,2.2,0.1,0.25,0.0,0.1,0.0,0.0,0.0,0.0,0.0,0.0,0.0,0.0,0.0,0.0,0.0,0.0,0.0
2.8,0.29190267066694486,1.984998632922081,1.93128737874275,-0.9834041490346183,0.588481207534757,91.4,0.18,1.2,0.2,2.1,0.1,0.15,0.1,5.1,0.0,0.0,0.0,0.0,0.0,0.0,0.0,0.0,0.0,0.0,0.0,0.0,0.0
2.72,-0.7596610787081491,-0.5772073747091354,-0.9053061495056707,-0.28795731624196,0.3011001065630141,95.9,0.2,0.3,0.7,0.2,0.3,0.6,0.1,0.4,0.0,0.0,0.0,0.0,0.0,0.0,0.0,0.0,0.0,0.0,0.0,0.0,0.0
2.64,-0.047311442034699,1.3848422707742285,1.060798359491912,-0.1404382911041234,0.4447906570488868,95.4,0.05,0.1,0.4,4.5,0.05,0.3,0.0,0.1,0.0,0.0,0.0,0.0,0.0,0.0,0.0,0.0,0.0,0.0,0.0,0.0,0.0
2.72,3.4126725075220694,0.1768352341432946,-0.31997732621631403,1.1029363493433542,0.8040170332635636,79.6,0.0,4.0,0.5,0.45,0.1,16.0,0.2,0.1,0.0,0.0,0.0,0.0,0.0,0.0,0.0,0.0,0.0,0.0,0.0,0.0,0.0
2.8,-0.047311442034699,1.1770958377230487,0.9557393399271555,1.1029363493433542,-3.5785447565554933,95.5,0.0,4.2,0.35,0.15,0.1,0.2,0.15,0.1,0.0,0.0,0.0,0.05,0.0,0.0,0.0,0.0,0.0,0.05,0.0,0.0,0.0
2.73,-0.7257396674379867,-0.05399413591357174,-0.31997732621631403,-0.3722539020350095,-2.6445561783973335,99.0,0.0,0.05,0.7,0.0,1.0,0.6,0.0,0.1,0.0,0.0,0.0,0.0,0.0,0.0,0.0,0.0,0.0,0.0,0.0,0.0,0.0
2.59,2.768165693388944,1.223261711734422,1.11332786927429,6.160731496926322,0.1574095560771439,95.6,0.05,2.4,0.12,0.25,0.05,0.1,0.15,0.1,0.08,0.0,0.0,0.0,0.0,0.0,0.0,0.0,0.0,0.0,0.0,1.9,0.0
2.71,-0.28476132092585066,0.1768352341432946,-0.38751526736508596,1.1029363493433542,0.4447906570488868,94.1,0.25,1.0,0.6,0.4,0.5,4.5,0.25,0.35,0.0,0.0,0.0,0.0,0.0,0.0,0.0,0.0,0.0,0.0,0.0,0.0,0.0
2.79,0.4275883157476043,-1.2166047297666551,-0.8527766397232925,-0.6462178058624204,-0.4891979211092731,95.5,0.1,3.5,0.7,0.4,0.4,0.2,0.15,0.25,0.0,0.0,0.0,0.0,0.0,0.0,0.0,0.0,0.0,0.0,0.0,0.0,0.0
2.76,-0.047311442034699,-0.5233471883625332,0.18280512455787692,1.1029363493433542,0.4447906570488868,89.5,0.0,3.0,2.0,0.1,0.5,7.5,0.0,3.0,0.0,0.0,0.0,0.5,0.0,0.0,0.0,0.0,0.0,0.35,0.0,0.0,0.0
2.81,-0.047311442034699,-0.42332112800455785,-0.4400447771474641,1.1029363493433542,-1.279495948781563,94.0,0.4,0.25,0.5,0.5,0.1,0.3,0.15,5.0,0.0,0.0,0.0,0.0,0.0,0.0,0.0,0.0,0.0,0.0,0.0,0.0,0.0
2.8,0.4275883157476043,0.3768873548592454,1.060798359491912,-0.6483252205072557,1.235088684721174,95.0,0.1,3.9,0.7,0.2,0.4,0.5,0.15,0.25,0.0,0.0,0.0,0.0,0.0,0.0,0.0,0.0,0.0,0.0,0.0,0.0,0.0
2.81,-0.047311442034699,-0.1694088209420049,-0.695188110376158,1.1029363493433542,0.29319712628631217,93.6,0.25,3.5,1.0,1.2,0.35,0.7,0.25,0.35,0.0,0.0,0.0,1.7,0.0,0.0,0.0,0.0,0.0,0.0,0.0,0.0,0.0
2.71,-0.7596610787081491,-0.9542286791353505,-1.3705675218638773,-0.1404382911041234,0.1574095560771439,99.0,0.0,0.05,0.95,0.0,0.05,0.0,0.0,0.1,0.0,0.0,0.0,0.0,0.0,0.0,0.0008,0.0,0.0,0.0,0.0,0.0,0.0
2.81,0.19013843685645265,2.123496254956201,2.0963801237730815,1.039713909998567,-0.2018168201375328,91.4,0.18,1.2,0.5,2.1,0.3,0.4,0.2,5.1,0.0,0.0,0.0,0.0,0.0,0.0,0.0,0.0,0.0,0.0,0.0,0.0,0.0
2.73,-0.7257396674379867,-1.3235556712263365,-1.2204832081999397,-0.4354763413797966,0.4447906570488868,98.8,0.1,0.3,0.7,0.2,1.0,0.6,0.1,0.25,0.0,0.0,0.0,0.0,0.0,0.0,0.0,0.0,0.0,0.0,0.0,0.0,0.0
2.63,6.397756699296534,1.4848683311322037,1.3309501240869996,-0.3735183508219276,0.4447906570488868,71.7,0.0,2.0,0.4,1.5,0.0,24.0,0.0,0.0,0.0,0.0,0.0,0.4,0.0,0.0,0.0,0.0,0.0,0.0,0.0,0.0,0.0
2.7,-0.7596610787081491,0.1075864231262347,-0.28245624780032963,-0.2247348768971729,0.6603264827776908,97.5,0.1,0.1,0.35,0.45,0.1,0.2,0.1,0.1,0.0,0.0,0.0,0.0,0.0,0.0,0.0,0.0,0.0,0.0,0.0,0.0,0.0
2.78,0.6650381946387511,0.7462143469502316,1.3234459084038026,-0.7515885381037322,-0.14218524168587207,94.7,0.1,3.8,0.5,1.2,0.3,0.5,0.15,0.25,0.0,0.0,0.0,0.0,0.0,0.0,0.0,0.0,0.0,0.0,0.0,0.0,0.0
2.72,-0.7257396674379867,0.530773601563823,0.13027561477549876,-0.4354763413797966,0.3011001065630141,97.8,0.04,0.15,0.7,0.8,0.15,0.4,0.15,0.25,0.0,0.0,0.0,0.0,0.0,0.0,0.0,0.4,0.4,0.0,0.0,0.0,0.0
2.59,1.6487591214735202,2.2542995646550916,1.93128737874275,6.160731496926322,0.1574095560771439,95.6,0.05,2.4,0.12,0.25,0.05,0.1,0.15,0.1,0.08,0.0,0.0,0.0,0.0,0.0,0.0,0.0,0.0,0.0,0.0,1.9,0.0
2.65,-0.38652555473634287,1.10015271437076,0.7681339478472335,-0.6462178058624204,0.3011001065630141,96.0,0.15,0.15,0.35,4.0,0.15,0.2,0.1,0.25,0.0,0.0,0.0,0.0,0.0,0.0,0.0,0.0,0.0,0.0,0.0,0.0,0.0
2.57,-0.7257396674379867,-0.26174056896475145,0.13027561477549876,1.1029363493433542,0.4447906570488868,92.5,0.0,0.25,1.8,7.5,0.35,0.35,0.0,0.15,0.0,0.0,0.0,0.15,0.0,0.0,0.0,0.0,0.0,0.15,0.0,0.0,0.0
2.69,-0.047311442034699,-1.0003945531467238,-0.4850700712466454,1.1029363493433542,0.7321717580206272,95.5,0.0,0.6,2.0,0.1,0.35,4.5,0.0,0.5,0.0,0.0,0.0,0.5,0.0,0.0,0.0,0.0,0.0,0.15,0.0,0.0,0.0
2.66,-0.28476132092585066,-0.8465083064421461,-0.38751526736508596,-0.2247348768971729,2.528303639094011,96.8,0.15,0.1,0.4,3.1,0.1,0.25,0.2,0.2,0.0,0.0,0.0,0.0,0.0,0.0,0.0008,0.0,0.0,0.0,0.0,0.0,0.0
2.705,-0.7257396674379867,-1.554385041283203,-1.7307698746573275,-0.2247348768971729,-0.6328884715951433,99.5,0.01,0.05,0.4,0.0,0.01,0.1,0.02,0.05,0.0,0.0,0.05,0.0,0.03,0.0,0.0,0.0,0.0,0.0,0.0,0.0,0.0
2.89,-0.047311442034699,3.870105155053156,3.432130515382126,0.03700602199022186,0.6603264827776908,86.1,0.2,0.8,0.12,2.0,0.25,0.1,0.0,11.0,0.08,0.0,0.0,0.0,0.0,0.0,0.0,0.0,0.0,0.0,0.0,0.0,0.0
2.7,-0.7596610787081491,-1.0573324644274174,-1.0553904631696083,-0.2247348768971729,0.4447906570488868,97.5,0.1,0.1,0.35,0.45,0.1,0.2,0.1,0.1,0.0,0.0,0.0,0.0,0.0,0.0,0.0,0.0,0.0,0.0,0.0,0.0,0.0
2.83,0.19013843685645265,2.3927971866892115,2.3590276726849724,-1.1519973206207172,-0.8843469349453951,89.5,0.18,1.6,0.5,2.4,0.3,0.4,0.2,6.3,0.0,0.0,0.0,0.0,0.0,0.0,0.0,0.0,0.0,0.0,0.0,0.0,0.0
2.71,-0.047311442034699,-1.5236077919422875,-1.505643404161421,-0.03127421250211818,0.3011001065630141,97.8,0.0,0.1,0.7,0.0,0.05,0.4,0.1,0.3,0.0,0.0,0.0,0.0,0.0,0.0,0.0,0.0,0.0,0.0,0.0,0.0,0.0
2.66,-0.047311442034699,-0.47718131435116,0.13027561477549876,-0.20892926706095447,0.37294538180595044,94.8,0.05,0.1,0.4,4.7,0.5,0.25,0.2,0.25,0.0,0.0,0.0,0.0,0.0,0.0,0.0,0.0,0.0,0.0,0.0,0.0,0.0
2.68,-0.28476132092585066,-0.100160009924945,-0.22992673801795147,-0.6462178058624204,0.6337437309377952,97.7,0.15,0.1,0.4,2.2,0.1,0.25,0.0,0.1,0.0,0.0,0.0,0.0,0.0,0.0,0.0,0.0,0.0,0.0,0.0,0.0,0.0
2.67,0.4275883157476043,0.2691669821660411,0.2353346343402551,1.1029363493433542,0.6603264827776908,91.0,0.0,0.2,0.2,0.5,0.1,8.5,0.2,0.1,0.0,0.0,0.0,0.0,0.0,0.0,0.0,0.0,0.0,0.0,0.0,0.0,0.0
2.71,-0.7257396674379867,0.7154370976093161,0.35540208527140515,-0.4354763413797966,0.588481207534757,98.7,0.1,0.15,0.5,0.4,0.2,0.6,0.1,0.25,0.0,0.0,0.0,0.0,0.0,0.0,0.0,0.0,0.0,0.0,0.0,0.0,0.0
2.72,-0.7596610787081491,-1.3220168087592907,-1.3180380120814992,-0.28795731624196,-1.4950317745103694,95.9,0.2,0.3,0.7,0.2,0.3,0.6,0.1,0.4,0.0,0.0,0.0,0.0,0.0,0.0,0.0,0.0,0.0,0.0,0.0,0.0,0.0
2.81,-0.047311442034699,-0.5772073747091354,-0.5375995810290236,1.1029363493433542,0.4447906570488868,92.4,0.35,0.4,1.1,0.2,0.6,0.25,0.25,7.0,0.0,0.0,0.0,0.15,0.0,0.0,0.0,0.0,0.0,0.0,0.0,0.0,0.0
2.8,0.4275883157476043,0.09989211079100582,0.8431761046792023,-0.6483252205072557,0.4447906570488868,95.0,0.1,3.9,0.7,0.2,0.4,0.5,0.15,0.25,0.0,0.0,0.0,0.0,0.0,0.0,0.0,0.0,0.0,0.0,0.0,0.0,0.0
2.81,-0.28476132092585066,2.0234701945982256,2.043850613990703,-0.6462178058624204,0.8040170332635636,91.5,0.18,1.2,0.12,1.9,0.06,0.1,0.06,5.2,0.0,0.0,0.0,0.0,0.0,0.0,0.0,0.0,0.0,0.0,0.0,0.0,0.0
2.72,-0.7596610787081491,0.16144660947283684,-0.07233820867081699,-0.3722539020350095,-0.345507370623403,98.2,0.0,0.25,0.7,0.8,1.0,0.3,0.0,0.25,0.0,0.0,0.0,0.0,0.0,0.0,0.0,0.0,0.0,0.0,0.0,0.0,0.0
2.7,-0.7596610787081491,-0.47718131435116,-0.8527766397232925,-0.2247348768971729,0.3011001065630141,97.0,0.1,0.2,0.7,0.5,0.2,0.3,0.0,0.25,0.0,0.0,0.0,0.0,0.0,0.0,0.0,0.0,0.0,0.0,0.0,0.0,0.0
2.72,3.4126725075220694,-0.2463519442942937,-0.6576670319601736,1.1029363493433542,0.6603264827776908,79.6,0.0,4.0,1.3,0.45,0.1,16.0,0.2,0.1,0.0,0.0,0.0,0.0,0.0,0.0,0.0,0.0,0.0,0.0,0.0,0.0,0.0
2.71,-0.7257396674379867,0.4846077275524497,0.13027561477549876,-0.4354763413797966,0.6603264827776908,98.9,0.05,0.2,0.7,0.4,0.05,0.6,0.15,0.25,0.05,0.0,0.0,0.0,0.0,0.0,0.0,0.0,0.0,0.0,0.0,0.0,0.0
2.78,0.6650381946387511,-1.163513974653576,-0.8002471299409144,-0.7515885381037322,0.588481207534757,94.7,0.1,3.8,0.5,1.2,0.3,0.5,0.15,0.25,0.0,0.0,0.0,0.0,0.0,0.0,0.0,0.0,0.0,0.0,0.0,0.0,0.0
2.81,-0.047311442034699,-1.0573324644274174,-0.9578356592880488,1.1029363493433542,-3.5785447565554933,93.6,0.25,3.5,1.0,1.2,0.35,0.7,0.25,0.35,0.0,0.0,0.0,1.7,0.0,0.0,0.0,0.0,0.0,0.0,0.0,0.0,0.0
2.84,0.6650381946387511,-0.31560075531135356,0.4979821832521459,-0.9834041490346113,0.01371900559127374,93.8,0.0,5.8,0.3,0.02,0.2,0.2,0.02,0.1,0.1,0.05,0.0,0.0,0.0,0.0,0.0,0.0,0.0,0.0,0.0,0.0,0.0
2.7,-0.7596610787081491,-0.26174056896475145,-0.695188110376158,-0.2247348768971729,0.1574095560771439,97.0,0.1,0.2,0.7,0.5,0.2,0.3,0.0,0.25,0.0,0.0,0.0,0.0,0.0,0.0,0.0,0.0,0.0,0.0,0.0,0.0,0.0
2.84,0.19013843685645265,1.592588703825408,1.683648261197253,0.08948064664639964,-0.2018168201375328,89.5,0.1,1.2,0.35,2.0,0.2,0.25,0.1,7.2,0.0,0.0,0.0,0.0,0.0,0.0,0.0,0.0,0.0,0.0,0.0,0.0,0.0
2.84,0.9024880735299028,0.5230792892285941,0.39292316368738955,-0.9842471148925426,-0.345507370623403,93.0,0.0,5.8,0.4,0.1,0.2,0.3,0.02,0.1,0.1,0.0,0.0,0.0,0.0,0.0,0.0,0.0,0.0,0.0,0.0,0.0,0.0
2.8,-0.047311442034699,0.907794905990038,0.9107140458279743,1.1029363493433542,0.588481207534757,95.1,0.0,4.0,0.15,0.15,0.2,0.1,0.15,0.0,0.0,0.0,0.0,0.0,0.0,0.0,0.0,0.0,0.0,0.0,0.0,0.0,0.4
2.65,-0.5222111998170024,0.022948987438717042,0.2053177716074676,-0.1404382911041234,0.3011001065630141,95.8,0.1,0.15,0.35,4.0,0.2,0.2,0.1,0.25,0.0,0.0,0.0,0.0,0.0,0.0,0.0,0.0,0.0,0.0,0.0,0.0,0.0
2.705,-0.7596610787081491,-1.0573324644274174,-1.471874433587035,-0.2247348768971729,-0.345507370623403,99.6,0.0,0.05,0.35,0.03,0.03,0.25,0.03,0.05,0.0,0.05,0.0,0.0,0.0,0.0,0.0,0.0,0.0,0.0,0.0,0.0,0.0
2.7,-3.100238456349494,-1.669799726311636,-1.8583415412716744,-0.2247348768971729,-2.6445561783973335,99.99,0.0,0.006,0.006,0.006,0.002,0.006,0.002,0.006,0.0,0.005,0.0,0.0,0.005,0.0,0.0,0.0,0.0,0.0,0.0,0.0,0.0
2.66,-0.28476132092585066,0.3230271685126433,0.2878641441226333,-0.2247348768971729,0.8040170332635636,96.8,0.15,0.1,0.4,3.1,0.1,0.25,0.2,0.2,0.0,0.0,0.0,0.0,0.0,0.0,0.0008,0.0,0.0,0.0,0.0,0.0,0.0
2.66,-0.28476132092585066,-0.8465083064421461,-0.38751526736508596,-0.2247348768971729,0.4447906570488868,96.8,0.15,0.05,0.45,3.1,0.01,0.0,0.05,0.2,0.0,0.0,0.0,0.0,0.0,0.0,0.0,0.0,0.0,0.0,0.0,0.0,0.0
2.78,0.4275883157476043,1.3309820844276263,1.2183868888390463,-0.7515885381037322,0.4447906570488868,94.7,0.1,3.8,0.5,1.2,0.3,0.5,0.15,0.25,0.0,0.0,0.0,0.0,0.0,0.0,0.0,0.0,0.0,0.0,0.0,0.0,0.0
2.71,-0.7596610787081491,0.4307475412058476,0.13027561477549876,-0.4354763413797966,0.6603264827776908,98.5,0.0,0.1,0.5,0.4,0.4,0.7,0.2,0.2,0.0,0.0,0.0,0.0,0.0,0.0,0.0,0.0,0.0,0.0,0.0,0.0,0.0
2.84,0.6650381946387511,-1.163513974653576,-0.9053061495056707,-0.9834041490346183,0.7321717580206272,93.8,0.0,5.8,0.3,0.02,0.2,0.2,0.02,0.1,0.1,0.05,0.0,0.0,0.0,0.0,0.0,0.0,0.0,0.0,0.0,0.0,0.0
2.76,0.6311167833685887,-0.26174056896475145,-0.5901290908114017,1.1029363493433542,0.1574095560771439,88.7,0.0,2.0,1.2,0.5,0.5,8.8,0.25,1.0,0.0,0.0,0.0,0.5,0.0,0.0,0.0,0.0,0.0,0.0,0.0,0.0,0.0
2.71,-0.7257396674379867,-1.2081409861979033,-1.1079199729519864,-0.41440219493153424,0.3011001065630141,98.0,0.1,0.15,0.5,0.5,0.4,1.0,0.15,0.25,0.0,0.0,0.0,0.0,0.0,0.0,0.0,0.0,0.0,0.0,0.0,0.0,0.0
2.66,-0.047311442034699,-0.792648120095544,-0.07233820867081699,0.1748309397618785,-0.345507370623403,94.0,0.0,0.1,0.1,4.0,0.4,0.0,0.0,0.0,0.0,0.0,0.0,0.0,0.0,0.0,0.0,0.0,0.0,0.0,0.0,0.0,0.0
2.8,0.19013843685645265,-1.108114925839928,-0.9578356592880488,-0.3239941066685024,-1.6387223249962397,93.0,0.0,1.0,0.5,0.9,0.3,0.05,0.0,2.5,0.0,0.0,0.0,0.0,0.0,0.0,0.0,0.0,0.0,0.0,0.0,0.0,0.0
2.78,0.4275883157476043,1.7156977011890702,1.4435133593349527,-0.7515885381037322,0.1574095560771439,94.7,0.1,3.8,0.5,1.2,0.3,0.5,0.15,0.25,0.0,0.0,0.0,0.0,0.0,0.0,0.0,0.0,0.0,0.0,0.0,0.0,0.0
2.71,-0.7257396674379867,-0.669539122731882,-0.6201459535441892,-0.4354763413797966,0.588481207534757,98.5,0.0,0.1,0.5,0.4,0.4,0.7,0.2,0.2,0.0,0.0,0.0,0.0,0.0,0.0,0.0,0.0,0.0,0.0,0.0,0.0,0.0
2.84,0.6650381946387511,0.16144660947283684,0.4979821832521459,-0.9834041490346183,0.4447906570488868,93.8,0.0,5.8,0.3,0.02,0.2,0.2,0.02,0.1,0.1,0.05,0.0,0.0,0.0,0.0,0.0,0.0,0.0,0.0,0.0,0.0,0.0
2.66,-0.28476132092585066,-0.8465083064421461,-0.38751526736508596,-0.2247348768971729,0.1574095560771439,96.8,0.15,0.1,0.4,3.1,0.1,0.25,0.2,0.2,0.0,0.0,0.0,0.0,0.0,0.0,0.0008,0.0,0.0,0.0,0.0,0.0,0.0
2.65,-0.047311442034699,-1.2166047297666551,-1.3180380120814992,1.1029363493433542,0.3011001065630141,95.1,0.25,0.35,0.6,3.5,0.8,1.4,0.25,0.0,0.0,0.0,0.0,0.0,0.0,0.0,0.0,0.0,0.0,0.0,0.0,0.0,0.0
2.66,-0.28476132092585066,0.3230271685126433,0.2878641441226333,-0.2247348768971729,-0.345507370623403,96.8,0.15,0.05,0.45,3.1,0.01,0.0,0.05,0.2,0.0,0.0,0.0,0.0,0.0,0.0,0.0,0.0,0.0,0.0,0.0,0.0,0.0
2.705,-0.7257396674379867,-0.6310675610557376,-0.9578356592880488,-0.2247348768971729,0.6603264827776908,99.35,0.0,0.05,0.65,0.05,0.05,0.0,0.06,0.1,0.0,0.05,0.0,0.0,0.0,0.0,0.0,0.0,0.0,0.0,0.0,0.0,0.0
2.65,-0.5222111998170024,1.292510522751482,0.9557393399271555,-0.1404382911041234,-0.05812626965166262,95.8,0.1,0.15,0.35,4.0,0.2,0.2,0.1,0.25,0.0,0.0,0.0,0.0,0.0,0.0,0.0,0.0,0.0,0.0,0.0,0.0,0.0
2.705,-0.7596610787081491,-1.163513974653576,-1.5754326100151521,-0.2247348768971729,0.7321717580206272,99.6,0.0,0.05,0.35,0.03,0.03,0.25,0.03,0.05,0.0,0.05,0.0,0.0,0.0,0.0,0.0,0.0,0.0,0.0,0.0,0.0,0.0
2.705,-0.7596610787081491,-0.47718131435116,-0.8002471299409144,-0.2247348768971729,0.4447906570488868,99.5,0.01,0.05,0.4,0.0,0.01,0.1,0.02,0.05,0.0,0.0,0.05,0.0,0.03,0.0,0.0,0.0,0.0,0.0,0.0,0.0,0.0
2.84,0.19013843685645265,1.7003090765186124,1.683648261197253,1.039713909998567,0.8040170332635636,89.5,0.1,1.2,0.35,2.0,0.2,0.25,0.1,7.2,0.0,0.0,0.0,0.0,0.0,0.0,0.0,0.0,0.0,0.0,0.0,0.0,0.0
2.84,0.9024880735299028,0.6000224125808828,0.5430074773513272,-0.9842471148925426,0.4447906570488868,93.0,0.0,5.8,0.4,0.1,0.2,0.3,0.02,0.1,0.1,0.0,0.0,0.0,0.0,0.0,0.0,0.0,0.0,0.0,0.0,0.0,0.0
2.8,-0.047311442034699,1.600283016160637,1.4435133593349527,1.1029363493433542,0.588481207534757,95.1,0.0,4.0,0.15,0.15,0.2,0.1,0.15,0.0,0.0,0.0,0.0,0.0,0.0,0.0,0.0,0.0,0.0,0.0,0.0,0.0,0.4
2.7,-0.7596610787081491,-0.42332112800455785,-0.8527766397232925,-0.2247348768971729,0.3011001065630141,97.0,0.1,0.2,0.7,0.5,0.2,0.3,0.0,0.25,0.0,0.0,0.0,0.0,0.0,0.0,0.0,0.0,0.0,0.0,0.0,0.0,0.0
2.7,-0.7596610787081491,-0.26174056896475145,-0.5375995810290236,-0.33010560913848475,-0.345507370623403,97.6,0.03,0.1,0.5,0.35,0.03,0.3,0.0,0.1,0.0,0.0,0.06,0.0,0.0,0.0,0.0,0.0,0.0,0.0,0.0,0.0,0.0
2.71,-0.7257396674379867,-0.669539122731882,-0.24493516938434523,-0.4354763413797966,8.41961620901471,98.9,0.05,0.2,0.7,0.4,0.05,0.6,0.15,0.25,0.05,0.0,0.0,0.0,0.0,0.0,0.0,0.0,0.0,0.0,0.0,0.0,0.0
2.78,0.6650381946387511,1.7541692628652146,1.428504927968559,-0.7515885381037322,0.588481207534757,94.7,0.1,3.8,0.5,1.2,0.3,0.5,0.15,0.25,0.0,0.0,0.0,0.0,0.0,0.0,0.0,0.0,0.0,0.0,0.0,0.0,0.0
2.81,-0.38652555473634287,-1.0573324644274174,-0.695188110376158,1.1029363493433542,0.37294538180595044,95.3,0.0,4.0,1.0,0.03,0.35,0.7,0.25,0.35,0.0,0.0,0.0,0.0,0.0,0.0,0.0,0.0,0.0,0.0,0.0,0.0,0.0
2.69,-0.28476132092585066,-0.8465083064421461,-0.3349857575827078,-0.2247348768971729,0.01371900559127374,97.1,0.05,0.1,0.4,2.4,0.5,0.25,0.2,0.25,0.0,0.0,0.0,0.0,0.0,0.0,0.0,0.0,0.0,0.0,0.0,0.0,0.0
2.7,-0.7596610787081491,-0.31560075531135356,-0.695188110376158,-0.2247348768971729,-0.05812626965166262,97.0,0.1,0.2,0.7,0.5,0.2,0.3,0.0,0.25,0.0,0.0,0.0,0.0,0.0,0.0,0.0,0.0,0.0,0.0,0.0,0.0,0.0
2.72,3.4126725075220694,0.09989211079100582,-0.09485085572040763,1.1029363493433542,-0.05812626965166262,79.6,0.0,4.0,1.3,0.45,0.1,16.0,0.2,0.1,0.0,0.0,0.0,0.0,0.0,0.0,0.0,0.0,0.0,0.0,0.0,0.0,0.0
2.81,-0.28476132092585066,1.4925626434674326,1.4810344377509372,-0.6112347227583143,0.5166359322918206,91.5,0.18,1.2,0.12,1.9,0.06,0.1,0.06,5.2,0.0,0.0,0.0,0.0,0.0,0.0,0.0,0.0,0.0,0.0,0.0,0.0,0.0
2.72,-0.7596610787081491,-1.2166047297666551,-0.8527766397232925,-0.3722539020350095,0.588481207534757,98.2,0.0,0.25,0.7,0.8,1.0,0.3,0.0,0.25,0.0,0.0,0.0,0.0,0.0,0.0,0.0,0.0,0.0,0.0,0.0,0.0,0.0
2.8,0.6650381946387511,-1.004241709314338,-0.8002471299409144,-0.6462178058624204,-3.5785447565554933,95.0,0.1,3.9,0.7,0.2,0.4,0.5,0.15,0.25,0.0,0.0,0.0,0.0,0.0,0.0,0.0,0.0,0.0,0.0,0.0,0.0,0.0
2.71,-0.7257396674379867,-0.4387097526750156,-0.019808698888438833,-0.4354763413797966,0.2191964927860749,98.3,0.1,0.15,0.5,0.6,0.2,0.8,0.1,0.25,0.0,0.0,0.0,0.0,0.0,0.0,0.0,0.0,0.0,0.0,0.0,0.0,0.0
2.72,-0.7596610787081491,-0.36946094165795573,-0.8527766397232925,-0.28964324795780866,0.6603264827776908,95.9,0.2,0.3,0.7,0.2,0.3,0.6,0.1,0.4,0.0,0.0,0.0,0.0,0.0,0.0,0.0,0.0,0.0,0.0,0.0,0.0,0.0
2.81,-0.047311442034699,-0.5772073747091354,-0.5375995810290236,1.1029363493433542,0.01371900559127374,92.4,0.35,0.4,1.1,0.2,0.6,0.25,0.25,7.0,0.0,0.0,0.0,0.15,0.0,0.0,0.0,0.0,0.0,0.0,0.0,0.0,0.0
2.66,-0.28476132092585066,0.40766460420016093,0.5805285557673115,-0.2247348768971729,0.1574095560771439,94.8,0.05,0.1,0.4,4.7,0.5,0.25,0.2,0.25,0.0,0.0,0.0,0.0,0.0,0.0,0.0,0.0,0.0,0.0,0.0,0.0,0.0
2.72,3.4126725075220694,0.6384939742570273,0.13027561477549876,1.1029363493433542,0.4447906570488868,79.6,0.0,4.0,0.5,0.45,0.1,16.0,0.2,0.1,0.0,0.0,0.0,0.0,0.0,0.0,0.0,0.0,0.0,0.0,0.0,0.0,0.0
2.68,-0.28476132092585066,0.1075864231262347,-0.12486771845319515,-0.6462178058624204,0.8040170332635636,97.7,0.15,0.1,0.4,2.2,0.1,0.25,0.0,0.1,0.0,0.0,0.0,0.0,0.0,0.0,0.0,0.0,0.0,0.0,0.0,0.0,0.0
2.83,0.19013843685645265,2.3927971866892115,2.3590276726849724,-1.1519973206207172,-1.4950317745103694,89.5,0.18,1.6,0.5,2.4,0.3,0.4,0.2,6.3,0.0,0.0,0.0,0.0,0.0,0.0,0.0,0.0,0.0,0.0,0.0,0.0,0.0
2.81,0.19013843685645265,-1.004241709314338,-0.5375995810290236,0.9592106705661736,0.6603264827776908,91.4,0.18,1.2,0.5,2.1,0.3,0.4,0.2,5.1,0.0,0.0,0.0,0.0,0.0,0.0,0.0,0.0,0.0,0.0,0.0,0.0,0.0
2.72,-0.7257396674379867,0.25377835749558336,-0.019808698888438833,-0.6462178058624204,-3.5785447565554933,98.4,0.0,0.05,0.8,0.8,0.8,0.6,0.1,0.25,0.0,0.05,0.0,0.0,0.05,0.0,0.0,0.0,0.0,0.0,0.0,0.0,0.0
2.78,0.6311167833685887,0.7539086592854605,1.3309501240869996,-0.6040695129658956,0.588481207534757,94.7,0.1,3.8,0.3,1.2,0.3,0.2,0.15,0.25,0.0,0.0,0.0,0.0,0.0,0.0,0.0,0.0,0.0,0.0,0.0,0.0,0.0
2.68,2.530715814497792,0.6923541606036294,0.6480664969160835,-1.2784421993102915,0.37294538180595044,87.2,0.1,0.5,1.0,0.8,0.0,11.0,0.0,0.25,0.0,0.0,0.0,0.5,0.0,0.0,0.0,0.0,0.0,0.0,0.0,0.0,0.0
2.7,-0.7596610787081491,-1.0573324644274174,-0.9053061495056707,-0.2247348768971729,0.32265368913588277,97.5,0.1,0.1,0.35,0.45,0.1,0.2,0.1,0.1,0.0,0.0,0.0,0.0,0.0,0.0,0.0,0.0,0.0,0.0,0.0,0.0,0.0
2.705,-0.7596610787081491,-1.1104232195404966,-1.471874433587035,-0.2247348768971729,0.588481207534757,99.5,0.01,0.05,0.4,0.0,0.01,0.1,0.02,0.05,0.0,0.0,0.05,0.0,0.03,0.0,0.0,0.0,0.0,0.0,0.0,0.0,0.0
2.74,-0.5222111998170024,-0.9773116161410371,-0.4925742869298423,-0.6462178058624204,-0.05812626965166262,90.5,0.15,0.1,0.4,2.3,0.1,0.3,0.1,3.5,0.0,0.0,0.0,0.0,0.0,0.0,0.0,0.0,0.0,0.0,0.0,0.0,0.0
2.69,-0.047311442034699,-1.3751075638723702,-1.1079199729519864,1.1029363493433542,-2.5727109031543995,95.5,0.25,0.6,0.8,0.05,0.5,4.5,0.25,0.5,0.0,0.0,0.0,0.0,0.0,0.0,0.0,0.0,0.0,0.0,0.0,0.0,0.0
2.66,-0.28476132092585066,-0.15402019627154714,-0.17739722823557333,-0.2247348768971729,0.3011001065630141,96.8,0.15,0.1,0.4,3.1,0.1,0.25,0.2,0.2,0.0,0.0,0.0,0.0,0.0,0.0,0.0008,0.0,0.0,0.0,0.0,0.0,0.0
2.66,-0.28476132092585066,-0.2848235059704381,0.05523345794352997,-0.2247348768971729,0.588481207534757,95.6,0.05,0.1,0.4,4.0,0.4,0.4,0.15,0.25,0.0,0.0,0.0,0.0,0.0,0.0,0.0,0.0,0.0,0.0,0.0,0.0,0.0
2.57,-1.7433820055429183,-0.5772073747091354,-0.019808698888438833,1.1029363493433542,0.3011001065630141,90.5,0.0,0.25,0.3,9.5,0.15,0.25,0.25,0.15,0.0,0.0,0.0,0.0,0.0,0.0,0.0,0.0,0.0,0.0,0.0,0.0,0.0
2.67,-0.28476132092585066,0.1383636724671502,-0.019808698888438833,-0.2247348768971729,-0.6328884715951433,97.3,0.3,0.1,0.4,2.6,0.5,0.4,0.15,0.2,0.0,0.0,0.0,0.0,0.0,0.0,0.0,0.0,0.0,0.0,0.0,0.0,0.0
2.78,0.6650381946387511,0.7462143469502316,1.3234459084038026,-0.7515885381037322,0.6603264827776908,94.7,0.1,3.8,0.5,1.2,0.3,0.5,0.15,0.25,0.0,0.0,0.0,0.0,0.0,0.0,0.0,0.0,0.0,0.0,0.0,0.0,0.0
2.72,-0.7257396674379867,0.1075864231262347,-0.019808698888438833,-0.4354763413797966,0.8758623085064974,97.8,0.04,0.15,0.7,0.8,0.15,0.4,0.15,0.25,0.0,0.0,0.0,0.0,0.0,0.0,0.0,0.4,0.4,0.0,0.0,0.0,0.0
2.58,1.3095450087718763,0.7923802209616049,1.0307814967591244,-1.0677007348276677,1.235088684721174,95.4,0.1,1.8,0.3,1.1,0.1,0.2,0.1,0.25,0.04,0.0,0.0,0.0,0.0,0.0,0.0,0.0,0.0,0.0,0.0,1.7,0.0
2.75,6.397756699296534,0.5615508509047384,0.8056550262632179,-0.05572022238213164,0.6603264827776908,73.0,0.0,0.0,5.0,0.0,0.0,20.0,0.0,0.0,0.0,0.0,0.0,2.0,0.0,0.0,0.0,0.0,0.0,0.0,0.0,0.0,0.0
2.7,-0.7596610787081491,-0.31560075531135356,-0.6426586005937799,-0.2247348768971729,0.1574095560771439,97.5,0.1,0.1,0.35,0.45,0.1,0.2,0.1,0.1,0.0,0.0,0.0,0.0,0.0,0.0,0.0,0.0,0.0,0.0,0.0,0.0,0.0
2.73,-0.38652555473634287,-1.4312760439195409,-2.1209890901835653,-0.3722539020350095,0.3011001065630141,98.5,0.0,0.05,0.7,0.0,1.0,0.6,0.0,0.1,0.0,0.0,0.0,0.0,0.0,0.0,0.0,0.0,0.0,0.0,0.0,0.0,0.0
2.81,-0.047311442034699,0.06142054911486143,-0.4400447771474641,1.1029363493433542,0.6603264827776908,93.6,0.25,3.5,1.0,1.2,0.35,0.7,0.25,0.35,0.0,0.0,0.0,1.7,0.0,0.0,0.0,0.0,0.0,0.0,0.0,0.0,0.0
2.71,-0.7596610787081491,-0.8465083064421461,-1.265508502299121,-0.1404382911041234,0.16962325286844765,99.0,0.0,0.05,0.95,0.0,0.05,0.0,0.0,0.1,0.0,0.0,0.0,0.0,0.0,0.0,0.0008,0.0,0.0,0.0,0.0,0.0,0.0
2.81,0.29190267066694486,1.223261711734422,1.2709163986214245,1.039713909998567,0.3011001065630141,91.4,0.18,1.2,0.5,2.1,0.3,0.4,0.2,5.1,0.0,0.0,0.0,0.0,0.0,0.0,0.0,0.0,0.0,0.0,0.0,0.0,0.0
2.74,-0.7596610787081491,-1.4004987945786254,-1.4080886002798616,-0.3722539020350095,0.1574095560771439,98.4,0.0,0.5,1.0,0.2,0.9,0.6,0.0,0.5,0.0,0.0,0.0,0.0,0.0,0.0,0.0,0.0,0.0,0.0,0.0,0.0,0.0
2.72,0.6311167833685887,-0.26174056896475145,-0.5901290908114017,1.1029363493433542,-0.2018168201375328,85.8,0.0,0.5,1.2,0.7,0.35,11.0,0.25,0.35,0.0,0.0,0.0,2.0,0.0,0.0,0.0,0.0,0.0,0.0,0.0,0.0,0.0
2.8,0.4275883157476043,-1.2166047297666551,-0.9053061495056707,-0.6483252205072534,0.4447906570488868,95.0,0.1,3.9,0.7,0.2,0.4,0.5,0.15,0.25,0.0,0.0,0.0,0.0,0.0,0.0,0.0,0.0,0.0,0.0,0.0,0.0,0.0
2.84,-0.047311442034699,-0.792648120095544,-0.7477176201585362,1.1029363493433542,0.4447906570488868,92.7,0.0,0.35,0.7,0.25,0.05,0.3,0.2,6.0,0.0,0.0,0.0,0.0,0.0,0.0,0.0,0.0,0.0,0.0,0.0,0.0,0.0
2.77,0.4275883157476043,1.10015271437076,1.368471202502984,-0.7515885381037322,0.1574095560771439,94.7,0.1,3.8,0.12,1.2,0.3,0.1,0.15,0.25,0.0,0.0,0.0,0.0,0.0,0.0,0.0,0.0,0.0,0.0,0.0,0.0,0.0
2.76,-0.047311442034699,-0.5233471883625332,0.2353346343402551,1.1029363493433542,-2.2853298021826567,89.5,0.0,3.0,1.3,0.1,0.5,7.5,0.0,3.0,0.0,0.0,0.0,0.5,0.0,0.0,0.0,0.0,0.0,0.35,0.0,0.0,0.0
2.8,0.6650381946387511,1.4387024571208304,1.428504927968559,-0.6462178058624204,-0.08470902149154545,95.0,0.1,3.9,0.7,0.2,0.4,0.5,0.15,0.25,0.0,0.0,0.0,0.0,0.0,0.0,0.0,0.0,0.0,0.0,0.0,0.0,0.0
2.8,-0.047311442034699,0.022948987438717042,0.7681339478472335,1.1029363493433542,0.4447906570488868,95.5,0.0,4.2,0.35,0.15,0.1,0.2,0.15,0.1,0.0,0.0,0.0,0.05,0.0,0.0,0.0,0.0,0.0,0.05,0.0,0.0,0.0
2.73,-0.7596610787081491,-0.31560075531135356,-0.695188110376158,-0.3722539020350095,1.235088684721174,99.0,0.0,0.05,0.7,0.0,1.0,0.6,0.0,0.1,0.0,0.0,0.0,0.0,0.0,0.0,0.0,0.0,0.0,0.0,0.0,0.0,0.0
2.64,0.29190267066694486,1.600283016160637,1.180865810423062,-0.1404382911041234,-1.3513412240244966,95.4,0.05,0.1,0.4,4.5,0.05,0.3,0.0,0.1,0.0,0.0,0.0,0.0,0.0,0.0,0.0,0.0,0.0,0.0,0.0,0.0,0.0
2.72,3.4126725075220694,-0.20788038261814928,-0.695188110376158,1.1029363493433542,0.01371900559127374,79.6,0.0,4.0,0.5,0.45,0.1,16.0,0.2,0.1,0.0,0.0,0.0,0.0,0.0,0.0,0.0,0.0,0.0,0.0,0.0,0.0,0.0
2.78,0.6650381946387511,1.6464488901720102,1.428504927968559,-0.6040695129658956,-2.6445561783973335,94.7,0.1,3.8,0.3,1.2,0.3,0.2,0.15,0.25,0.0,0.0,0.0,0.0,0.0,0.0,0.0,0.0,0.0,0.0,0.0,0.0,0.0
2.84,0.6650381946387511,0.16144660947283684,0.4979821832521459,-0.9834041490346183,0.1574095560771439,93.8,0.0,5.8,0.3,0.02,0.2,0.2,0.02,0.1,0.1,0.05,0.0,0.0,0.0,0.0,0.0,0.0,0.0,0.0,0.0,0.0,0.0
2.7,-0.7257396674379867,1.7541692628652146,1.2559079672550308,-0.30903146269022236,0.8040170332635636,98.6,0.04,0.15,0.7,0.8,0.15,0.4,0.15,0.25,0.0,0.0,0.0,0.0,0.0,0.0,0.0,0.0,0.0,0.0,0.0,0.0,0.0
2.69,-0.047311442034699,-1.3751075638723702,-1.3180380120814992,1.1029363493433542,-3.5785447565554933,95.5,0.25,0.6,0.8,0.05,0.5,4.5,0.25,0.5,0.0,0.0,0.0,0.0,0.0,0.0,0.0,0.0,0.0,0.0,0.0,0.0,0.0
2.66,-0.28476132092585066,0.007560362768259287,-0.019808698888438833,-0.2247348768971729,-0.05812626965166262,96.8,0.15,0.1,0.4,3.1,0.1,0.25,0.2,0.2,0.0,0.0,0.0,0.0,0.0,0.0,0.0008,0.0,0.0,0.0,0.0,0.0,0.0
2.8,-0.047311442034699,-0.26174056896475145,0.13027561477549876,1.1029363493433542,-0.345507370623403,95.5,0.0,4.2,0.35,0.15,0.1,0.2,0.15,0.1,0.0,0.0,0.0,0.05,0.0,0.0,0.0,0.0,0.0,0.05,0.0,0.0,0.0
2.84,0.9024880735299028,0.6769655359331717,0.7681339478472335,-0.9842471148925426,0.4447906570488868,93.0,0.0,5.8,0.4,0.1,0.2,0.3,0.02,0.1,0.1,0.0,0.0,0.0,0.0,0.0,0.0,0.0,0.0,0.0,0.0,0.0,0.0
2.705,-0.7596610787081491,-0.792648120095544,-1.2129789925167427,-0.2247348768971729,-0.6328884715951433,99.6,0.0,0.05,0.35,0.03,0.03,0.25,0.03,0.05,0.0,0.05,0.0,0.0,0.0,0.0,0.0,0.0,0.0,0.0,0.0,0.0,0.0
2.67,-0.28476132092585066,-0.09246569758971612,-0.16989301255237643,-0.2247348768971729,0.6603264827776908,97.3,0.3,0.1,0.4,2.6,0.5,0.4,0.15,0.2,0.0,0.0,0.0,0.0,0.0,0.0,0.0,0.0,0.0,0.0,0.0,0.0,0.0
2.64,-0.047311442034699,0.907794905990038,0.9107140458279743,-0.1404382911041234,-2.6445561783973335,95.4,0.05,0.1,0.4,4.5,0.05,0.3,0.0,0.1,0.0,0.0,0.0,0.0,0.0,0.0,0.0,0.0,0.0,0.0,0.0,0.0,0.0
2.68,-0.047311442034699,-1.1104232195404966,-1.0553904631696083,1.1029363493433542,-0.345507370623403,95.1,0.0,0.1,0.4,3.5,0.3,0.3,0.2,1.4,0.0,0.0,0.0,0.0,0.0,0.0,0.0,0.0,0.0,0.0,0.0,0.0,0.0
2.59,1.6487591214735202,2.2542995646550916,1.93128737874275,6.160731496926322,0.4447906570488868,95.6,0.05,2.4,0.12,0.25,0.05,0.1,0.15,0.1,0.08,0.0,0.0,0.0,0.0,0.0,0.0,0.0,0.0,0.0,0.0,1.9,0.0
2.7,-0.7257396674379867,0.3230271685126433,-0.019808698888438833,-0.2247348768971729,0.6603264827776908,97.5,0.1,0.1,0.35,0.45,0.1,0.2,0.1,0.1,0.0,0.0,0.0,0.0,0.0,0.0,0.0,0.0,0.0,0.0,0.0,0.0,0.0
2.88,-0.047311442034699,-0.792648120095544,-0.9578356592880488,1.1029363493433542,0.8040170332635636,91.3,0.0,1.7,0.7,0.6,0.1,0.4,0.2,0.0,0.0,0.0,0.0,0.9,0.0,0.0,0.0,0.0,0.0,5.5,0.0,0.0,0.0
2.7,-0.7596610787081491,-0.5772073747091354,-1.0028609533872301,-0.2247348768971729,0.8040170332635636,97.0,0.1,0.2,0.7,0.5,0.2,0.3,0.0,0.25,0.0,0.0,0.0,0.0,0.0,0.0,0.0,0.0,0.0,0.0,0.0,0.0,0.0
2.705,-0.7596610787081491,-1.5343798292116078,-1.678990786443269,-0.2247348768971729,0.4447906570488868,99.6,0.0,0.05,0.35,0.03,0.03,0.25,0.03,0.05,0.0,0.05,0.0,0.0,0.0,0.0,0.0,0.0,0.0,0.0,0.0,0.0,0.0
2.81,0.19013843685645265,1.8080294492118167,1.736177770979631,0.6822963862360124,0.3011001065630141,91.4,0.18,1.2,0.5,2.1,0.3,0.4,0.2,5.1,0.0,0.0,0.0,0.0,0.0,0.0,0.0,0.0,0.0,0.0,0.0,0.0,0.0
2.73,-0.7596610787081491,-1.4281983189854492,-1.3705675218638773,-0.3722539020349978,0.1574095560771439,99.0,0.0,0.05,0.7,0.0,1.0,0.6,0.0,0.1,0.0,0.0,0.0,0.0,0.0,0.0,0.0,0.0,0.0,0.0,0.0,0.0,0.0
2.823,-0.047311442034699,-0.7849538077603151,-0.8077513456241112,1.1029363493433542,0.588481207534757,93.6,0.25,3.5,1.0,1.2,0.35,0.7,0.25,0.35,0.0,0.0,0.0,1.7,0.0,0.0,0.0,0.0,0.0,0.0,0.0,0.0,0.0
2.66,-0.047311442034699,0.21530679581943898,0.44545267346976775,-0.2247348768971729,0.4447906570488868,94.8,0.05,0.1,0.4,4.7,0.5,0.25,0.2,0.25,0.0,0.0,0.0,0.0,0.0,0.0,0.0,0.0,0.0,0.0,0.0,0.0,0.0
2.8,0.4275883157476043,1.4387024571208304,1.3234459084038026,-0.6483252205072557,0.5266942708258209,95.0,0.1,3.9,0.7,0.2,0.4,0.5,0.15,0.25,0.0,0.0,0.0,0.0,0.0,0.0,0.0,0.0,0.0,0.0,0.0,0.0,0.0
2.72,0.6311167833685887,0.530773601563823,-0.12486771845319515,1.1029363493433542,-0.20900134766182235,85.8,0.0,0.5,1.2,0.7,0.35,11.0,0.25,0.35,0.0,0.0,0.0,2.0,0.0,0.0,0.0,0.0,0.0,0.0,0.0,0.0,0.0
2.8,0.6650381946387511,1.4387024571208304,1.428504927968559,-0.6462178058624204,-0.2018168201375328,95.0,0.1,3.9,0.7,0.2,0.4,0.5,0.15,0.25,0.0,0.0,0.0,0.0,0.0,0.0,0.0,0.0,0.0,0.0,0.0,0.0,0.0
2.7,-1.4041678928412744,1.223261711734422,0.8056550262632179,-0.4479100877842663,0.6603264827776908,97.3,0.1,0.4,0.5,0.7,0.05,0.8,0.15,0.5,0.0,0.0,0.0,0.0,0.0,0.0,0.0,0.3,0.0,0.0,0.0,0.0,0.0
2.71,-0.28476132092585066,-0.6849277474023397,-0.5375995810290236,1.1029363493433542,0.4511369896953577,94.1,0.25,1.0,0.6,0.4,0.5,4.5,0.25,0.35,0.0,0.0,0.0,0.0,0.0,0.0,0.0,0.0,0.0,0.0,0.0,0.0,0.0
2.8,-0.047311442034699,1.292510522751482,0.9557393399271555,1.1029363493433542,-2.2853298021826567,95.5,0.0,4.2,0.35,0.15,0.1,0.2,0.15,0.1,0.0,0.0,0.0,0.05,0.0,0.0,0.0,0.0,0.0,0.05,0.0,0.0,0.0
2.72,-0.38652555473634287,-1.292778421885421,-1.0703988945360021,-0.3722539020350095,0.01371900559127374,99.2,0.0,0.1,0.7,0.1,0.1,0.0,0.0,0.8,0.0,0.0,0.0,0.0,0.0,0.0,0.0,0.0,0.0,0.0,0.0,0.0,0.0
2.81,-0.28476132092585066,1.7541692628652146,1.683648261197253,-0.6462178058624297,-0.6335829759224944,91.5,0.18,1.2,0.12,1.9,0.06,0.1,0.06,5.2,0.0,0.0,0.0,0.0,0.0,0.0,0.0,0.0,0.0,0.0,0.0,0.0,0.0
2.7,-0.7596610787081491,-0.6310675610557376,-0.8002471299409144,-0.2247348768971729,-0.05812626965166262,97.5,0.1,0.1,0.35,0.45,0.1,0.2,0.1,0.1,0.0,0.0,0.0,0.0,0.0,0.0,0.0,0.0,0.0,0.0,0.0,0.0,0.0
2.8,1.1399379524210544,-0.15402019627154714,0.02521659521074245,-0.7012213280923898,-0.4891979211092731,94.85,0.0,2.8,0.7,0.9,0.0,0.05,0.05,0.0,0.0,0.0,0.0,0.7,0.0,0.0,0.0,0.0,0.0,0.0,0.0,0.0,0.0
2.71,-0.7596610787081491,0.9616550923366401,0.6480664969160835,-0.41440219493153424,-2.6445561783973335,98.0,0.1,0.15,0.5,0.5,0.4,1.0,0.15,0.25,0.0,0.0,0.0,0.0,0.0,0.0,0.0,0.0,0.0,0.0,0.0,0.0,0.0
2.84,0.9024880735299028,0.4846077275524497,0.8056550262632179,-0.9834041490346183,0.442635298791591,99.2,0.0,0.1,0.7,0.1,0.1,0.0,0.0,0.8,0.0,0.0,0.0,0.0,0.0,0.0,0.0,0.0,0.0,0.0,0.0,0.0,0.0
2.7,0.6311167833685887,-1.004241709314338,-0.9053061495056707,1.1029363493433542,-0.2375598445708877,86.0,0.35,1.0,1.0,0.2,0.2,7.5,0.25,1.5,0.0,0.0,0.0,0.25,0.0,0.0,0.0,0.0,0.0,0.0,0.0,0.0,0.0
2.77,0.4275883157476043,0.6769655359331717,0.9182182615111711,-0.7515885381037322,0.3011001065630141,94.7,0.1,3.8,0.5,1.2,0.3,0.5,0.15,0.25,0.0,0.0,0.0,0.0,0.0,0.0,0.0,0.0,0.0,0.0,0.0,0.0,0.0
2.71,-0.7596610787081491,-0.5772073747091354,-0.3349857575827078,-0.4354763413797966,0.1574095560771439,98.5,0.0,0.1,0.5,0.4,0.4,0.7,0.2,0.2,0.0,0.0,0.0,0.0,0.0,0.0,0.0,0.0,0.0,0.0,0.0,0.0,0.0
2.66,-0.28476132092585066,0.16144660947283684,0.13027561477549876,-0.2247348768971729,0.1574095560771439,96.8,0.15,0.05,0.45,3.1,0.01,0.0,0.05,0.2,0.0,0.0,0.0,0.0,0.0,0.0,0.0,0.0,0.0,0.0,0.0,0.0,0.0
2.78,0.29190267066694486,1.1770958377230487,0.9557393399271555,-0.6462178058624204,-0.345507370623403,93.7,0.05,0.25,0.4,1.2,0.1,0.25,0.1,5.0,0.08,0.0,0.0,0.0,0.0,0.0,0.0,0.0,0.0,0.0,0.0,0.0,0.0
2.705,-0.7257396674379867,-1.5159134796070586,-1.633215070775768,-0.2247348768971729,-1.1358053982956928,99.35,0.0,0.05,0.65,0.05,0.05,0.0,0.06,0.1,0.0,0.05,0.0,0.0,0.0,0.0,0.0,0.0,0.0,0.0,0.0,0.0,0.0
2.65,-0.5222111998170024,-0.7464822460841707,-0.13237193413639203,-0.1404382911041234,-0.05812626965166262,95.8,0.1,0.15,0.35,4.0,0.2,0.2,0.1,0.25,0.0,0.0,0.0,0.0,0.0,0.0,0.0,0.0,0.0,0.0,0.0,0.0,0.0
2.705,-0.7257396674379867,-1.615939539965034,-1.760786737390115,-0.2247348768971729,0.3011001065630141,99.6,0.0,0.05,0.35,0.03,0.03,0.25,0.03,0.05,0.0,0.05,0.0,0.0,0.0,0.0,0.0,0.0,0.0,0.0,0.0,0.0,0.0
2.84,0.9024880735299028,0.7154370976093161,0.8431761046792023,-0.9842471148925426,0.7321717580206272,93.0,0.0,5.8,0.4,0.1,0.2,0.3,0.02,0.1,0.1,0.0,0.0,0.0,0.0,0.0,0.0,0.0,0.0,0.0,0.0,0.0,0.0
2.8,-0.047311442034699,-0.09246569758971612,0.5430074773513272,1.1029363493433542,0.4447906570488868,95.1,0.0,4.0,0.15,0.15,0.2,0.1,0.15,0.0,0.0,0.0,0.0,0.0,0.0,0.0,0.0,0.0,0.0,0.0,0.0,0.0,0.4
2.705,-0.7596610787081491,-1.004241709314338,-1.3705675218638773,-0.2247348768971729,0.4447906570488868,99.5,0.01,0.05,0.4,0.0,0.01,0.1,0.02,0.05,0.0,0.0,0.05,0.0,0.03,0.0,0.0,0.0,0.0,0.0,0.0,0.0,0.0
2.74,-0.5222111998170024,0.7923802209616049,0.8056550262632179,-0.6462178058624204,0.8040170332635636,94.0,0.15,0.1,0.4,2.3,0.1,0.3,0.1,3.5,0.0,0.0,0.0,0.0,0.0,0.0,0.0,0.0,0.0,0.0,0.0,0.0,0.0
2.7,-0.7257396674379867,-1.163513974653576,-1.471874433587035,-0.33010560913848475,-0.023353156434078728,97.6,0.03,0.1,0.5,0.35,0.03,0.3,0.0,0.1,0.0,0.0,0.06,0.0,0.0,0.0,0.0,0.0,0.0,0.0,0.0,0.0,0.0
2.81,-0.38652555473634287,-0.6849277474023397,-0.5375995810290236,1.1029363493433542,-0.345507370623403,95.3,0.0,4.0,1.0,0.03,0.35,0.7,0.25,0.35,0.0,0.0,0.0,0.0,0.0,0.0,0.0,0.0,0.0,0.0,0.0,0.0,0.0
2.58,1.3095450087718763,1.4079252077799151,1.2559079672550308,-1.0677007348276677,-2.6445561783973335,95.4,0.1,1.8,0.3,1.1,0.1,0.2,0.1,0.25,0.04,0.0,0.0,0.0,0.0,0.0,0.0,0.0,0.0,0.0,0.0,1.7,0.0
2.84,0.6650381946387511,0.4846077275524497,0.9107140458279743,-0.9834041490346183,0.588481207534757,93.8,0.0,5.8,0.3,0.02,0.2,0.2,0.02,0.1,0.1,0.05,0.0,0.0,0.0,0.0,0.0,0.0,0.0,0.0,0.0,0.0,0.0
2.72,-0.7257396674379867,-0.2848235059704381,-0.5451037967122204,-0.4354763413797966,0.3011001065630141,97.8,0.04,0.15,0.7,0.8,0.15,0.4,0.15,0.25,0.0,0.0,0.0,0.0,0.0,0.0,0.0,0.4,0.4,0.0,0.0,0.0,0.0
2.78,0.6650381946387511,1.2771218980810242,1.5260597318501186,-0.7515885381037322,0.37294538180595044,94.7,0.1,3.8,0.5,1.2,0.3,0.5,0.15,0.25,0.0,0.0,0.0,0.0,0.0,0.0,0.0,0.0,0.0,0.0,0.0,0.0,0.0
2.7,-0.7596610787081491,-0.8465083064421461,-1.1604494827343645,-0.2247348768971729,-0.05812626965166262,97.0,0.1,0.2,0.7,0.5,0.2,0.3,0.0,0.25,0.0,0.0,0.0,0.0,0.0,0.0,0.0,0.0,0.0,0.0,0.0,0.0,0.0
2.72,3.4126725075220694,-0.36176662932272685,-0.8452724240400956,1.1029363493433542,0.6603264827776908,79.6,0.0,4.0,0.5,0.45,0.1,16.0,0.2,0.1,0.0,0.0,0.0,0.0,0.0,0.0,0.0,0.0,0.0,0.0,0.0,0.0,0.0
2.73,-0.7257396674379867,-0.47718131435116,-0.8452724240400956,-0.4354763413797966,-0.345507370623403,98.8,0.1,0.3,0.7,0.2,1.0,0.6,0.1,0.25,0.0,0.0,0.0,0.0,0.0,0.0,0.0,0.0,0.0,0.0,0.0,0.0,0.0
2.823,-0.047311442034699,-0.6849277474023397,-0.5375995810290236,1.1029363493433542,0.3011001065630141,93.6,0.25,3.5,1.0,1.2,0.35,0.7,0.25,0.35,0.0,0.0,0.0,1.7,0.0,0.0,0.0,0.0,0.0,0.0,0.0,0.0,0.0
2.73,-0.7596610787081491,-0.42332112800455785,-0.8527766397232925,-0.3722539020350095,0.1574095560771439,99.0,0.0,0.05,0.7,0.0,1.0,0.6,0.0,0.1,0.0,0.0,0.0,0.0,0.0,0.0,0.0,0.0,0.0,0.0,0.0,0.0,0.0
2.81,0.19013843685645265,2.1773564413028033,2.2014391433378377,-0.6462178058624204,0.588481207534757,91.5,0.18,1.2,0.12,1.9,0.06,0.1,0.06,5.2,0.0,0.0,0.0,0.0,0.0,0.0,0.0,0.0,0.0,0.0,0.0,0.0,0.0
2.72,-0.7596610787081491,-0.47718131435116,-0.9578356592880488,-0.2892217650288406,-3.5785447565554933,95.9,0.2,0.3,0.7,0.2,0.3,0.6,0.1,0.4,0.0,0.0,0.0,0.0,0.0,0.0,0.0,0.0,0.0,0.0,0.0,0.0,0.0
2.81,-0.047311442034699,-0.5772073747091354,-0.5375995810290236,1.1029363493433542,0.6603264827776908,92.4,0.35,0.4,1.1,0.2,0.6,0.25,0.25,7.0,0.0,0.0,0.0,0.15,0.0,0.0,0.0,0.0,0.0,0.0,0.0,0.0,0.0
2.7,-0.7257396674379867,0.09989211079100582,-0.24493516938434523,-0.4354763413797966,-0.2018168201375328,99.0,0.1,0.1,0.35,0.4,0.1,0.6,0.1,0.1,0.0,0.0,0.0,0.0,0.0,0.0,0.0,0.0,0.0,0.0,0.0,0.0,0.0
2.68,-0.047311442034699,-0.4387097526750156,0.05523345794352997,1.1029363493433542,0.1574095560771439,90.6,0.0,0.6,2.0,0.4,0.35,9.0,0.0,0.5,0.0,0.0,0.0,0.5,0.0,0.0,0.0,0.0,0.0,0.15,0.0,0.0,0.0
2.68,0.4275883157476043,-0.792648120095544,-0.9053061495056707,1.1029363493433542,0.3011001065630141,93.3,0.0,0.25,0.6,0.2,0.35,6.5,0.25,0.35,0.0,0.0,0.0,0.0,0.0,0.0,0.0,0.0,0.0,0.0,0.0,0.0,0.0
2.72,3.4126725075220694,0.3691930425240165,-0.13237193413639203,1.1029363493433542,0.4447906570488868,79.6,0.0,4.0,0.5,0.45,0.1,16.0,0.2,0.1,0.0,0.0,0.0,0.0,0.0,0.0,0.0,0.0,0.0,0.0,0.0,0.0,0.0
2.68,-0.28476132092585066,0.21530679581943898,-0.019808698888438833,-0.6462178058624204,0.8040170332635636,97.7,0.15,0.1,0.4,2.2,0.1,0.25,0.0,0.1,0.0,0.0,0.0,0.0,0.0,0.0,0.0,0.0,0.0,0.0,0.0,0.0,0.0
2.69,-0.7596610787081491,-0.5233471883625332,-0.8527766397232925,-0.6462178058624204,0.3011001065630141,97.7,0.0,0.2,0.1,0.8,0.15,0.08,0.0,0.05,0.0,0.05,0.0,0.0,0.0,0.0,0.0,0.0,0.0,0.0,0.0,0.0,0.0
2.74,-0.7596610787081491,-0.669539122731882,-1.0328778161200176,-0.3722539020350095,-1.4950317745103694,98.4,0.0,0.5,1.0,0.2,0.9,0.6,0.0,0.5,0.0,0.0,0.0,0.0,0.0,0.0,0.0,0.0,0.0,0.0,0.0,0.0,0.0
2.83,0.19013843685645265,-0.9542286791353505,-0.4850700712466454,-1.1519973206207172,-1.1358053982956928,89.5,0.18,1.6,0.5,2.4,0.3,0.4,0.2,6.3,0.0,0.0,0.0,0.0,0.0,0.0,0.0,0.0,0.0,0.0,0.0,0.0,0.0
2.71,-0.047311442034699,-1.4774419179309142,-1.4456096786958461,-0.03127421250211818,-3.5785447565554933,97.8,0.0,0.1,0.7,0.0,0.05,0.4,0.1,0.3,0.0,0.0,0.0,0.0,0.0,0.0,0.0,0.0,0.0,0.0,0.0,0.0,0.0
2.83,0.19013843685645265,2.0234701945982256,1.991321104208325,-1.1477824913310724,0.588481207534757,89.5,0.18,1.6,0.5,2.4,0.3,0.4,0.2,6.3,0.0,0.0,0.0,0.0,0.0,0.0,0.0,0.0,0.0,0.0,0.0,0.0,0.0
2.72,3.4126725075220694,0.25377835749558336,-0.24493516938434523,1.1029363493433542,0.588481207534757,79.6,0.0,4.0,0.5,0.45,0.1,16.0,0.2,0.1,0.0,0.0,0.0,0.0,0.0,0.0,0.0,0.0,0.0,0.0,0.0,0.0,0.0
2.68,-0.28476132092585066,-1.0573324644274174,-0.7477176201585362,-0.6462178058624204,0.1574095560771439,97.7,0.15,0.1,0.4,2.2,0.1,0.25,0.0,0.1,0.0,0.0,0.0,0.0,0.0,0.0,0.0,0.0,0.0,0.0,0.0,0.0,0.0
2.66,-0.047311442034699,-0.5233471883625332,0.13027561477549876,-0.2247348768971729,0.37294538180595044,94.8,0.05,0.1,0.4,4.7,0.5,0.25,0.2,0.25,0.0,0.0,0.0,0.0,0.0,0.0,0.0,0.0,0.0,0.0,0.0,0.0,0.0
2.68,-0.047311442034699,-0.47718131435116,0.18280512455787692,1.1029363493433542,0.009408289076687245,90.6,0.0,0.6,1.3,0.4,0.35,9.0,0.0,0.5,0.0,0.0,0.0,0.5,0.0,0.0,0.0,0.0,0.0,0.15,0.0,0.0,0.0
2.67,0.4275883157476043,-0.36946094165795573,-0.28245624780032963,1.1029363493433542,-0.6084610780125257,93.3,0.0,0.2,0.2,0.25,0.1,6.5,0.2,0.1,0.0,0.0,0.0,0.0,0.0,0.0,0.0,0.0,0.0,0.0,0.0,0.0,0.0
2.72,-0.7596610787081491,-0.5233471883625332,-0.8527766397232925,-0.28795731624196,-3.5785447565554933,95.9,0.2,0.3,0.7,0.2,0.3,0.6,0.1,0.4,0.0,0.0,0.0,0.0,0.0,0.0,0.0,0.0,0.0,0.0,0.0,0.0,0.0
2.81,-0.047311442034699,-0.42332112800455785,-0.4400447771474641,1.1029363493433542,0.588481207534757,94.0,0.4,0.25,0.5,0.5,0.1,0.3,0.15,5.0,0.0,0.0,0.0,0.0,0.0,0.0,0.0,0.0,0.0,0.0,0.0,0.0,0.0
2.71,-0.7257396674379867,-0.7849538077603151,-0.4700616398802516,-0.4354763413797966,0.6603264827776908,98.7,0.1,0.15,0.5,0.4,0.2,0.6,0.1,0.25,0.0,0.0,0.0,0.0,0.0,0.0,0.0,0.0,0.0,0.0,0.0,0.0,0.0
2.67,0.4275883157476043,-0.47718131435116,-0.4400447771474641,1.1029363493433542,-1.4950317745103694,93.3,0.0,0.2,0.2,0.25,0.1,6.5,0.2,0.1,0.0,0.0,0.0,0.0,0.0,0.0,0.0,0.0,0.0,0.0,0.0,0.0,0.0
2.81,-0.047311442034699,-0.6849277474023397,-0.5375995810290236,1.1029363493433542,-1.1358053982956928,93.1,0.0,0.35,0.5,0.6,0.05,0.15,0.25,6.0,0.0,0.0,0.0,0.0,0.0,0.0,0.0,0.0,0.0,0.0,0.0,0.0,0.0
2.69,-0.7257396674379867,-1.3235556712263365,-1.3705675218638773,-0.4354763413797966,0.4447906570488868,98.8,0.15,0.1,0.35,1.1,0.0,0.0,0.0,0.1,0.0,0.0,0.0,0.0,0.0,0.0,0.0,0.0,0.0,0.0,0.0,0.0,0.0
2.73,-0.7257396674379867,-0.015522574237427346,-0.3950194830482828,-0.4354763413797966,1.235088684721174,98.8,0.1,0.3,0.7,0.2,1.0,0.6,0.1,0.25,0.0,0.0,0.0,0.0,0.0,0.0,0.0,0.0,0.0,0.0,0.0,0.0,0.0
2.823,-0.047311442034699,0.4846077275524497,-0.12486771845319515,1.1029363493433542,0.4447906570488868,93.6,0.25,3.5,1.0,1.2,0.35,0.7,0.25,0.35,0.0,0.0,0.0,1.7,0.0,0.0,0.0,0.0,0.0,0.0,0.0,0.0,0.0
2.73,-0.7596610787081491,-0.6310675610557376,-1.0553904631696083,-0.3722539020350095,-1.1358053982956928,99.0,0.0,0.05,0.7,0.0,1.0,0.6,0.0,0.1,0.0,0.0,0.0,0.0,0.0,0.0,0.0,0.0,0.0,0.0,0.0,0.0,0.0
2.81,-0.28476132092585066,2.0234701945982256,2.043850613990703,-0.6462178058624204,0.8040170332635636,91.5,0.18,1.2,0.12,1.9,0.06,0.1,0.06,5.2,0.0,0.0,0.0,0.0,0.0,0.0,0.0,0.0,0.0,0.0,0.0,0.0,0.0
2.7,-0.7596610787081491,-0.6849277474023397,-1.0028609533872301,-0.2247348768971729,0.01371900559127374,97.0,0.1,0.2,0.7,0.5,0.2,0.3,0.0,0.25,0.0,0.0,0.0,0.0,0.0,0.0,0.0,0.0,0.0,0.0,0.0,0.0,0.0
2.71,3.4805153300623988,0.16144660947283684,0.18280512455787692,1.1029363493433542,0.6603264827776908,79.6,0.0,4.0,1.3,0.45,0.5,16.0,0.2,1.5,0.0,0.0,0.0,0.1,0.0,0.0,0.0,0.0,0.0,0.0,0.0,0.0,0.0
2.69,-0.28476132092585066,0.1075864231262347,0.07774610499312061,-0.2247348768971729,-0.2018168201375328,97.1,0.05,0.1,0.4,2.4,0.5,0.25,0.2,0.25,0.0,0.0,0.0,0.0,0.0,0.0,0.0,0.0,0.0,0.0,0.0,0.0,0.0
2.75,-0.047311442034699,-0.47718131435116,0.02521659521074245,-0.6462178058624204,0.1574095560771439,97.6,0.1,2.2,0.7,0.2,0.2,0.8,0.0,0.25,0.0,0.0,0.0,0.0,0.0,0.0,0.0,0.0,0.0,0.0,0.0,0.0,0.0
2.81,-0.38652555473634287,-0.26174056896475145,-0.3349857575827078,1.1029363493433542,0.3011001065630141,95.3,0.0,4.0,1.0,0.03,0.35,0.7,0.25,0.35,0.0,0.0,0.0,0.0,0.0,0.0,0.0,0.0,0.0,0.0,0.0,0.0,0.0
2.84,0.6650381946387511,0.9616550923366401,1.2183868888390463,-0.9834041490346183,0.588481207534757,93.8,0.0,5.8,0.3,0.02,0.2,0.2,0.02,0.1,0.1,0.05,0.0,0.0,0.0,0.0,0.0,0.0,0.0,0.0,0.0,0.0,0.0
2.78,0.6650381946387511,0.907794905990038,1.428504927968559,-0.7515885381037322,-3.2193183803408165,94.7,0.1,3.8,0.5,1.2,0.3,0.5,0.15,0.25,0.0,0.0,0.0,0.0,0.0,0.0,0.0,0.0,0.0,0.0,0.0,0.0,0.0
2.84,0.9024880735299028,0.8308517826377492,1.1058236535910932,-0.9842471148925426,0.5166359322918206,93.0,0.0,5.8,0.4,0.1,0.2,0.3,0.02,0.1,0.1,0.0,0.0,0.0,0.0,0.0,0.0,0.0,0.0,0.0,0.0,0.0,0.0
2.89,-0.047311442034699,3.870105155053156,3.432130515382126,-0.14128125696207813,0.588481207534757,85.6,0.0,1.1,0.0,2.3,0.0,0.0,0.0,11.0,0.0,0.0,0.0,0.0,0.0,0.0,0.0,0.0,0.0,0.0,0.0,0.0,0.0
2.705,-0.7596610787081491,-0.9003684927887483,-1.265508502299121,-0.2247348768971729,-0.05812626965166262,99.5,0.01,0.05,0.4,0.0,0.01,0.1,0.02,0.05,0.0,0.0,0.05,0.0,0.03,0.0,0.0,0.0,0.0,0.0,0.0,0.0,0.0
2.74,-0.5222111998170024,1.1770958377230487,1.180865810423062,-0.6462178058624204,-0.345507370623403,94.0,0.15,0.1,0.4,2.3,0.1,0.3,0.1,3.5,0.0,0.0,0.0,0.0,0.0,0.0,0.0,0.0,0.0,0.0,0.0,0.0,0.0
2.65,-0.5222111998170024,0.09989211079100582,0.35540208527140515,-0.1404382911041234,0.1574095560771439,95.8,0.1,0.15,0.35,4.0,0.2,0.2,0.1,0.25,0.0,0.0,0.0,0.0,0.0,0.0,0.0,0.0,0.0,0.0,0.0,0.0,0.0
2.705,-0.7257396674379867,-1.5313021042775163,-1.6257108550925712,-0.2247348768971729,-0.345507370623403,99.5,0.0,0.05,0.4,0.05,0.05,0.25,0.03,0.05,0.0,0.05,0.0,0.0,0.0,0.0,0.0,0.0,0.0,0.0,0.0,0.0,0.0
2.77,0.29190267066694486,1.1770958377230487,1.0307814967591244,-0.6462178058624204,0.20118727712517598,94.0,0.0,0.5,0.12,1.3,0.03,0.1,0.05,4.2,0.0,0.05,0.0,0.0,0.0,0.0,0.0,0.0,0.0,0.0,0.0,0.0,0.0
2.705,-0.7257396674379867,-1.554385041283203,-1.760786737390115,-0.2247348768971729,0.588481207534757,99.5,0.01,0.05,0.4,0.0,0.01,0.1,0.02,0.05,0.0,0.0,0.05,0.0,0.03,0.0,0.0,0.0,0.0,0.0,0.0,0.0,0.0
2.66,-0.28476132092585066,0.007560362768259287,-0.019808698888438833,-0.2247348768971729,0.3011001065630141,96.8,0.15,0.05,0.45,3.1,0.01,0.0,0.05,0.2,0.0,0.0,0.0,0.0,0.0,0.0,0.0,0.0,0.0,0.0,0.0,0.0,0.0
2.84,0.9024880735299028,0.6769655359331717,0.7681339478472335,-0.9834041490346183,0.8040170332635636,99.2,0.0,0.1,0.7,0.1,0.1,0.0,0.0,0.8,0.0,0.0,0.0,0.0,0.0,0.0,0.0,0.0,0.0,0.0,0.0,0.0,0.0
2.7,0.6311167833685887,-0.6310675610557376,-0.4400447771474641,1.1029363493433542,0.4447906570488868,86.0,0.35,1.0,1.0,0.2,0.2,7.5,0.25,1.5,0.0,0.0,0.0,0.25,0.0,0.0,0.0,0.0,0.0,0.0,0.0,0.0,0.0
2.78,0.4275883157476043,0.6769655359331717,0.9182182615111711,-0.7515885381037322,0.4447906570488868,94.7,0.1,3.8,0.5,1.2,0.3,0.5,0.15,0.25,0.0,0.0,0.0,0.0,0.0,0.0,0.0,0.0,0.0,0.0,0.0,0.0,0.0
2.72,-0.7596610787081491,1.1694015253878198,0.8056550262632179,-0.4354763413797966,0.4447906570488868,97.8,0.04,0.15,0.7,0.8,0.15,0.4,0.15,0.25,0.0,0.0,0.0,0.0,0.0,0.0,0.0,0.4,0.4,0.0,0.0,0.0,0.0
2.7,-0.7596610787081491,-0.100160009924945,-0.38751526736508596,-0.2247348768971729,0.7321717580206272,97.5,0.1,0.1,0.35,0.45,0.1,0.2,0.1,0.1,0.0,0.0,0.0,0.0,0.0,0.0,0.0,0.0,0.0,0.0,0.0,0.0,0.0
2.71,-0.7257396674379867,-0.4387097526750156,0.2053177716074676,-0.41440219493153424,-0.345507370623403,98.0,0.1,0.15,0.5,0.5,0.4,1.0,0.15,0.25,0.0,0.0,0.0,0.0,0.0,0.0,0.0,0.0,0.0,0.0,0.0,0.0,0.0
2.72,-1.0649537801396305,-1.1311978628456145,-1.3330464434478928,-0.3722539020350095,-1.1358053982956928,97.5,0.0,0.1,0.7,0.1,0.1,0.0,0.0,0.8,0.0,0.0,0.0,0.0,0.0,0.0,0.0,0.0,0.0,0.0,0.0,0.0,0.0
2.8,-0.047311442034699,0.1768352341432946,0.7681339478472335,1.1029363493433542,0.1574095560771439,95.5,0.0,4.2,0.35,0.15,0.1,0.2,0.15,0.1,0.0,0.0,0.0,0.05,0.0,0.0,0.0,0.0,0.0,0.05,0.0,0.0,0.0
2.73,-0.7596610787081491,-1.4281983189854492,-1.3705675218638773,-0.3722539020350095,0.3011001065630141,99.0,0.0,0.05,0.7,0.0,1.0,0.6,0.0,0.1,0.0,0.0,0.0,0.0,0.0,0.0,0.0,0.0,0.0,0.0,0.0,0.0,0.0
2.83,-0.047311442034699,2.123496254956201,2.0963801237730815,-1.1519973206207172,0.3011001065630141,89.5,0.18,1.6,0.5,2.4,0.3,0.4,0.2,6.3,0.0,0.0,0.0,0.0,0.0,0.0,0.0,0.0,0.0,0.0,0.0,0.0,0.0
2.8,0.6650381946387511,0.4846077275524497,1.0082688497095338,-0.6462178058624204,0.1574095560771439,95.0,0.1,3.9,0.7,0.2,0.4,0.5,0.15,0.25,0.0,0.0,0.0,0.0,0.0,0.0,0.0,0.0,0.0,0.0,0.0,0.0,0.0
2.7,-1.4041678928412744,1.2771218980810242,0.9107140458279743,-0.4160881266473899,0.4447906570488868,97.3,0.1,0.4,0.5,0.7,0.05,0.8,0.15,0.5,0.0,0.0,0.0,0.0,0.0,0.0,0.0,0.3,0.0,0.0,0.0,0.0,0.0
2.82,-0.38652555473634287,0.3768873548592454,0.5955369871337053,-0.6508541180810474,-2.6445561783973335,93.7,0.0,5.0,0.7,0.0,0.0,0.4,0.0,0.3,0.0,0.0,0.0,0.0,0.0,0.0,0.0,0.2,0.2,0.0,0.0,0.0,0.0
2.71,-0.28476132092585066,-0.1694088209420049,-0.3349857575827078,1.1029363493433542,0.1574095560771439,94.1,0.25,1.0,0.6,0.4,0.5,4.5,0.25,0.35,0.0,0.0,0.0,0.0,0.0,0.0,0.0,0.0,0.0,0.0,0.0,0.0,0.0
2.8,0.4275883157476043,0.21530679581943898,0.9632435556103525,-0.6483252205072557,0.37294538180595044,95.0,0.1,3.9,0.7,0.2,0.4,0.5,0.15,0.25,0.0,0.0,0.0,0.0,0.0,0.0,0.0,0.0,0.0,0.0,0.0,0.0,0.0
2.71,0.6650381946387511,0.21530679581943898,0.2878641441226333,1.1029363493433542,0.01371900559127374,89.4,0.0,1.6,0.2,0.4,0.1,8.6,0.2,0.1,0.0,0.0,0.0,0.0,0.0,0.0,0.0,0.0,0.0,0.0,0.0,0.0,0.0
2.66,-0.28476132092585066,-0.47718131435116,0.13027561477549876,-0.2247348768971729,0.2544006776551103,94.8,0.05,0.1,0.4,4.7,0.5,0.25,0.2,0.25,0.0,0.0,0.0,0.0,0.0,0.0,0.0,0.0,0.0,0.0,0.0,0.0,0.0
2.71,-0.7257396674379867,-1.5928566029593474,-1.633215070775768,-0.1404382911041234,-0.05812626965166262,99.0,0.0,0.05,1.0,0.0,0.05,0.0,0.0,0.1,0.0,0.0,0.0,0.0,0.0,0.0,0.0,0.0,0.0,0.0,0.0,0.0,0.0
2.81,0.19013843685645265,-0.9542286791353505,-0.4850700712466454,1.039713909998567,-0.4891979211092731,91.4,0.18,1.2,0.5,2.1,0.3,0.4,0.2,5.1,0.0,0.0,0.0,0.0,0.0,0.0,0.0,0.0,0.0,0.0,0.0,0.0,0.0
2.7,-0.7257396674379867,0.5230792892285941,0.28035992843943636,-0.2247348768971729,0.5295680818355674,97.5,0.1,0.1,0.35,0.45,0.1,0.2,0.1,0.1,0.0,0.0,0.0,0.0,0.0,0.0,0.0,0.0,0.0,0.0,0.0,0.0,0.0
2.7,-0.7596610787081491,-0.7387879337489418,-1.1604494827343645,-0.2247348768971729,-1.4950317745103694,97.0,0.1,0.2,0.7,0.5,0.2,0.3,0.0,0.25,0.0,0.0,0.0,0.0,0.0,0.0,0.0,0.0,0.0,0.0,0.0,0.0,0.0
2.59,1.6487591214735202,1.8695839478936478,1.743681986662828,6.160731496926322,0.6603264827776908,95.6,0.05,2.4,0.12,0.25,0.05,0.1,0.15,0.1,0.08,0.0,0.0,0.0,0.0,0.0,0.0,0.0,0.0,0.0,0.0,1.9,0.0
2.705,-0.7596610787081491,-0.9542286791353505,-1.3705675218638773,-0.2247348768971729,0.00868983632426212,99.6,0.0,0.05,0.35,0.03,0.03,0.25,0.03,0.05,0.0,0.05,0.0,0.0,0.0,0.0,0.0,0.0,0.0,0.0,0.0,0.0,0.0
2.67,-0.28476132092585066,-0.32329506764658245,-0.3574984046322984,-0.2247348768971729,0.4447906570488868,97.3,0.3,0.1,0.4,2.6,0.5,0.4,0.15,0.2,0.0,0.0,0.0,0.0,0.0,0.0,0.0,0.0,0.0,0.0,0.0,0.0,0.0
2.64,-0.047311442034699,-0.5772073747091354,-0.019808698888438833,-0.1404382911041234,-0.9396677968824795,95.4,0.05,0.1,0.4,4.5,0.05,0.3,0.0,0.1,0.0,0.0,0.0,0.0,0.0,0.0,0.0,0.0,0.0,0.0,0.0,0.0,0.0
2.65,-0.047311442034699,-1.2689260536462115,-1.0553904631696083,1.1029363493433542,0.3011001065630141,96.5,0.0,0.15,0.5,3.5,0.35,0.35,0.25,0.15,0.0,0.0,0.0,0.0,0.0,0.0,0.0,0.0,0.0,0.0,0.0,0.0,0.0
2.8,-0.047311442034699,-0.20788038261814928,0.2878641441226333,1.1029363493433542,0.588481207534757,95.5,0.0,4.2,0.35,0.15,0.1,0.2,0.15,0.1,0.0,0.0,0.0,0.05,0.0,0.0,0.0,0.0,0.0,0.05,0.0,0.0,0.0
2.84,0.9024880735299028,0.6769655359331717,0.7681339478472335,-0.9842471148925426,0.4447906570488868,93.0,0.0,5.8,0.4,0.1,0.2,0.3,0.02,0.1,0.1,0.0,0.0,0.0,0.0,0.0,0.0,0.0,0.0,0.0,0.0,0.0,0.0
2.66,-0.28476132092585066,0.16144660947283684,0.13027561477549876,-0.2247348768971729,0.4447906570488868,96.8,0.15,0.1,0.4,3.1,0.1,0.25,0.2,0.2,0.0,0.0,0.0,0.0,0.0,0.0,0.0008,0.0,0.0,0.0,0.0,0.0,0.0
2.7,-0.7596610787081491,-1.3751075638723702,-1.5236535218010936,-0.2247348768971729,0.6603264827776908,97.5,0.1,0.1,0.35,0.45,0.1,0.2,0.1,0.1,0.0,0.0,0.0,0.0,0.0,0.0,0.0,0.0,0.0,0.0,0.0,0.0,0.0
2.74,6.397756699296534,0.5615508509047384,0.8056550262632179,-0.05572022238213164,0.8040170332635636,75.1,0.0,0.0,4.6,0.0,0.0,18.5,0.0,0.0,0.0,0.0,0.0,1.8,0.0,0.0,0.0,0.0,0.0,0.0,0.0,0.0,0.0
2.78,0.6650381946387511,1.6464488901720102,1.428504927968559,-0.6040695129658956,0.8040170332635636,94.7,0.1,3.8,0.3,1.2,0.3,0.2,0.15,0.25,0.0,0.0,0.0,0.0,0.0,0.0,0.0,0.0,0.0,0.0,0.0,0.0,0.0
2.84,0.6650381946387511,0.6923541606036294,0.7531255164808398,-0.9834041490346183,-2.6445561783973335,93.8,0.0,5.8,0.3,0.02,0.2,0.2,0.02,0.1,0.1,0.05,0.0,0.0,0.0,0.0,0.0,0.0,0.0,0.0,0.0,0.0,0.0
2.84,0.9024880735299028,-0.20788038261814928,0.09275453635951438,-0.9834041490346183,-0.345507370623403,99.2,0.0,0.1,0.7,0.1,0.1,0.0,0.0,0.8,0.0,0.0,0.0,0.0,0.0,0.0,0.0,0.0,0.0,0.0,0.0,0.0,0.0
2.84,0.9024880735299028,-0.9003684927887483,-0.5451037967122204,-0.9834041490346183,0.6603264827776908,99.2,0.0,0.1,0.7,0.1,0.1,0.0,0.0,0.8,0.0,0.0,0.0,0.0,0.0,0.0,0.0,0.0,0.0,0.0,0.0,0.0,0.0
2.79,0.9703308960702326,-0.32329506764658245,-0.4400447771474641,1.1029363493433542,0.3011001065630141,91.5,0.0,3.0,1.0,0.1,0.5,5.5,0.25,1.0,0.0,0.0,0.0,0.35,0.0,0.0,0.0,0.0,0.0,0.0,0.0,0.0,0.0
2.81,0.6311167833685887,0.1768352341432946,0.7306128694312491,-1.0677007348276677,0.30110010656303704,95.2,0.1,3.3,0.7,0.5,0.2,0.8,0.2,0.5,0.0,0.0,0.0,0.0,0.0,0.0,0.0,0.2,0.8,0.0,0.0,0.0,0.0
2.69,-0.7596610787081491,-0.6310675610557376,-0.8002471299409144,-0.4354763413797966,-0.05812626965166262,97.9,0.0,0.2,0.15,0.45,0.05,0.2,0.0,0.05,0.0,0.0,0.0,0.0,0.0,0.0,0.0,0.0,0.0,0.0,0.0,0.0,0.0
2.66,-0.28476132092585066,-0.15402019627154714,-0.17739722823557333,-0.2247348768971729,-0.345507370623403,96.8,0.15,0.05,0.45,3.1,0.01,0.0,0.05,0.2,0.0,0.0,0.0,0.0,0.0,0.0,0.0,0.0,0.0,0.0,0.0,0.0,0.0
2.83,-0.28476132092585066,2.369714249683525,2.118892770822672,-0.7096509866716985,-0.345507370623403,90.9,0.1,1.5,0.3,1.8,0.15,0.2,0.06,5.7,0.08,0.0,0.0,0.0,0.0,0.0,0.0,0.0,0.0,0.0,0.0,0.0,0.0
2.78,0.29190267066694486,0.907794905990038,0.7306128694312491,-0.7515885381037322,-0.345507370623403,94.7,0.06,0.1,0.4,1.0,0.2,0.35,0.01,4.0,0.08,0.0,0.0,0.0,0.0,0.0,0.0,0.0,0.0,0.0,0.0,0.0,0.0
2.7,-0.7257396674379867,-1.4774419179309142,-1.633215070775768,-0.1404382911041234,-1.1358053982956928,99.45,0.0,0.05,0.55,0.05,0.05,0.0,0.03,0.05,0.0,0.05,0.0,0.0,0.0,0.0,0.0,0.0,0.0,0.0,0.0,0.0,0.0
2.705,-0.7257396674379867,-0.6310675610557376,-0.9953567377040332,-0.2247348768971729,0.4376061295246049,99.5,0.0,0.05,0.4,0.05,0.05,0.25,0.03,0.05,0.0,0.05,0.0,0.0,0.0,0.0,0.0,0.0,0.0,0.0,0.0,0.0,0.0
2.84,0.9024880735299028,0.9462664676661824,1.2183868888390463,-0.9842471148925426,0.3011001065630141,93.0,0.0,5.8,0.4,0.1,0.2,0.3,0.02,0.1,0.1,0.0,0.0,0.0,0.0,0.0,0.0,0.0,0.0,0.0,0.0,0.0,0.0
2.89,-0.047311442034699,3.870105155053156,3.432130515382126,-0.14128125696207813,0.7321717580206272,85.6,0.0,1.1,0.0,2.3,0.0,0.0,0.0,11.0,0.0,0.0,0.0,0.0,0.0,0.0,0.0,0.0,0.0,0.0,0.0,0.0,0.0
2.83,0.19013843685645265,1.7541692628652146,1.6311187514148748,-1.0677007348276677,0.37294538180595044,90.3,0.04,2.0,0.15,1.9,0.1,0.12,0.06,5.7,0.08,0.0,0.0,0.0,0.0,0.0,0.0,0.0,0.0,0.0,0.0,0.0,0.0
2.81,-0.38652555473634287,-0.9003684927887483,-0.695188110376158,1.1029363493433542,0.4447906570488868,95.3,0.0,4.0,1.0,0.03,0.35,0.7,0.25,0.35,0.0,0.0,0.0,0.0,0.0,0.0,0.0,0.0,0.0,0.0,0.0,0.0,0.0
2.84,0.6650381946387511,0.9616550923366401,1.2183868888390463,-0.9834041490346183,0.4447906570488868,93.8,0.0,5.8,0.3,0.02,0.2,0.2,0.02,0.1,0.1,0.05,0.0,0.0,0.0,0.0,0.0,0.0,0.0,0.0,0.0,0.0,0.0
2.71,-0.7257396674379867,0.1075864231262347,-0.019808698888438833,-0.33010560913848475,0.4447906570488868,98.8,0.15,0.35,1.0,0.45,0.2,0.6,0.15,0.25,0.0,0.0,0.0,0.0,0.0,0.0,0.0,0.0,0.0,0.0,0.0,0.0,0.0
2.77,0.4275883157476043,0.7539086592854605,0.9182182615111711,-0.7515885381037322,-0.345507370623403,99.3,0.0,0.1,0.7,0.05,0.05,0.0,0.03,0.1,0.0,0.05,0.0,0.0,0.0,0.0,0.0,0.0,0.0,0.0,0.0,0.0,0.0
2.67,-0.38652555473634287,0.907794905990038,0.5054863989353428,-0.6462178058624204,0.039583304678736546,96.8,0.1,0.15,0.35,3.0,0.2,0.2,0.1,0.25,0.0,0.0,0.0,0.0,0.0,0.0,0.0,0.0,0.0,0.0,0.0,0.0,0.0
2.72,3.4126725075220694,0.3691930425240165,-0.13237193413639203,1.1029363493433542,0.37294538180595044,79.6,0.0,4.0,1.3,0.45,0.1,16.0,0.2,0.1,0.0,0.0,0.0,0.0,0.0,0.0,0.0,0.0,0.0,0.0,0.0,0.0,0.0
2.69,-0.28476132092585066,-0.15402019627154714,-0.12486771845319515,-0.2247348768971729,-0.05812626965166262,97.1,0.05,0.1,0.4,2.4,0.5,0.25,0.2,0.25,0.0,0.0,0.0,0.0,0.0,0.0,0.0,0.0,0.0,0.0,0.0,0.0,0.0
2.72,-0.7257396674379867,0.44613616587630534,0.01771237952754557,-0.3722539020350095,-0.345507370623403,98.2,0.0,0.25,0.7,0.8,1.0,0.3,0.0,0.25,0.0,0.0,0.0,0.0,0.0,0.0,0.0,0.0,0.0,0.0,0.0,0.0,0.0
2.77,-0.047311442034699,-0.5772073747091354,-0.4850700712466454,1.1029363493433542,0.1574095560771439,93.6,0.2,0.2,0.8,1.8,0.4,0.2,0.25,4.0,0.0,0.0,0.0,0.0,0.0,0.0,0.0,0.0,0.0,0.0,0.0,0.0,0.0
2.68,0.4275883157476043,-0.47718131435116,-0.9053061495056707,1.1029363493433542,-0.05812626965166262,93.3,0.0,0.25,0.6,0.2,0.35,6.5,0.25,0.35,0.0,0.0,0.0,0.0,0.0,0.0,0.0,0.0,0.0,0.0,0.0,0.0,0.0
2.71,-0.5222111998170024,-0.42332112800455785,-0.3349857575827078,1.1029363493433542,0.7321717580206272,94.1,0.0,1.0,0.2,0.4,0.1,4.5,0.2,0.1,0.0,0.0,0.0,0.0,0.0,0.0,0.0,0.0,0.0,0.0,0.0,0.0,0.0
2.81,-0.047311442034699,-0.15402019627154714,-0.3349857575827078,1.1029363493433542,-3.5785447565554933,92.5,0.06,0.1,0.15,0.8,0.1,0.15,0.1,6.5,0.0,0.0,0.0,0.0,0.0,0.0,0.0,0.0,0.0,0.0,0.0,0.0,0.0
2.74,-0.047311442034699,-0.5233471883625332,0.2353346343402551,1.1029363493433542,0.5166359322918206,89.5,0.0,3.0,0.6,0.1,0.1,7.5,0.0,0.1,0.0,0.0,0.0,0.1,0.0,0.0,0.0,0.0,0.0,0.0,0.0,0.0,0.0
2.69,-0.7596610787081491,-0.20788038261814928,-0.5375995810290236,-0.2247348768971729,0.6603264827776908,98.9,0.1,0.2,0.7,1.1,0.1,0.4,0.0,0.25,0.0,0.0,0.0,0.0,0.0,0.0,0.0,0.0,0.0,0.0,0.0,0.0,0.0
2.69,-0.7596610787081491,-1.3751075638723702,-1.2129789925167427,-0.6462178058624204,0.588481207534757,97.7,0.0,0.2,0.1,0.8,0.15,0.08,0.0,0.05,0.0,0.05,0.0,0.0,0.0,0.0,0.0,0.0,0.0,0.0,0.0,0.0,0.0
2.72,-0.7596610787081491,-0.42332112800455785,-0.7477176201585362,-0.28795731624196,-1.1358053982956928,95.9,0.2,0.3,0.7,0.2,0.3,0.6,0.1,0.4,0.0,0.0,0.0,0.0,0.0,0.0,0.0,0.0,0.0,0.0,0.0,0.0,0.0
2.72,-0.38652555473634287,-1.2696954848797344,-0.9953567377040332,-0.3722539020350095,-0.4891979211092731,98.2,0.0,0.25,0.7,0.8,1.0,0.3,0.0,0.25,0.0,0.0,0.0,0.0,0.0,0.0,0.0,0.0,0.0,0.0,0.0,0.0,0.0
2.83,0.19013843685645265,-1.004241709314338,-0.5375995810290236,-0.9071157388919212,1.235088684721174,89.5,0.18,1.6,0.5,2.4,0.3,0.4,0.2,6.3,0.0,0.0,0.0,0.0,0.0,0.0,0.0,0.0,0.0,0.0,0.0,0.0,0.0
2.79,-0.047311442034699,-0.9003684927887483,-0.4850700712466454,1.1029363493433542,-1.3513412240244966,93.0,0.0,3.5,1.2,0.1,0.5,2.5,0.25,1.0,0.0,0.0,0.0,0.35,0.0,0.0,0.0,0.0,0.0,0.0,0.0,0.0,0.0
2.81,1.106016541150892,0.6000224125808828,0.8431761046792023,-0.6462178058624204,0.588481207534757,93.6,0.1,3.5,1.0,1.2,0.2,0.9,0.0,0.25,0.0,0.0,0.0,1.7,0.0,0.0,0.0,0.0,0.0,0.0,0.0,0.0,0.0
2.7,-0.7257396674379867,0.3768873548592454,0.13027561477549876,-0.30903146269022236,0.588481207534757,98.6,0.04,0.15,0.7,0.8,0.15,0.4,0.15,0.25,0.0,0.0,0.0,0.0,0.0,0.0,0.0,0.0,0.0,0.0,0.0,0.0,0.0
2.66,-0.047311442034699,-0.6310675610557376,0.02521659521074245,1.1029363493433542,0.4447906570488868,89.0,0.0,1.0,2.0,0.1,0.35,11.0,0.0,0.5,0.0,0.0,0.0,0.5,0.0,0.0,0.0,0.0,0.0,0.15,0.0,0.0,0.0
2.66,-0.047311442034699,0.21530679581943898,0.2353346343402551,-0.2247348768971729,0.1574095560771439,96.3,0.05,0.1,0.5,3.5,0.2,0.4,0.15,0.25,0.0,0.0,0.0,0.0,0.0,0.0,0.0,0.0,0.0,0.0,0.0,0.0,0.0
2.69,-0.7257396674379867,-1.4389703562547698,-1.3705675218638773,-0.6462178058624204,0.24075007535893847,98.5,0.0,0.1,0.1,0.6,0.03,0.08,0.0,0.0,0.0,0.05,0.0,0.0,0.03,0.0,0.0,0.0,0.0,0.0,0.0,0.0,0.0
2.67,-0.7596610787081491,0.1075864231262347,-0.07233820867081699,-0.2247348768971729,-0.4891979211092731,97.8,0.0,0.1,0.1,2.2,0.1,0.08,0.0,0.05,0.0,0.05,0.0,0.0,0.0,0.0,0.0,0.0,0.0,0.0,0.0,0.0,0.0
2.66,-0.28476132092585066,0.40766460420016093,0.39292316368738955,-0.2247348768971729,-0.41735264586633936,95.6,0.05,0.1,0.4,4.0,0.4,0.4,0.15,0.25,0.0,0.0,0.0,0.0,0.0,0.0,0.0,0.0,0.0,0.0,0.0,0.0,0.0
2.62,-0.047311442034699,-0.792648120095544,-0.38751526736508596,1.1029363493433542,0.4447906570488868,93.6,0.0,0.05,0.15,6.2,0.1,0.15,0.1,0.0,0.0,0.0,0.005,0.0,0.0,0.0,0.003,0.0,0.0,0.0,0.0,0.0,0.0
2.59,1.6487591214735202,-0.2848235059704381,-0.6201459535441892,6.160731496926322,-1.8542581507250462,95.6,0.05,2.4,0.12,0.25,0.05,0.1,0.15,0.1,0.08,0.0,0.0,0.0,0.0,0.0,0.0,0.0,0.0,0.0,0.0,1.9,0.0
2.79,-0.047311442034699,-0.9003684927887483,-0.9578356592880488,1.1029363493433542,0.588481207534757,91.0,0.0,4.0,1.0,0.1,0.5,5.0,0.25,1.0,0.0,0.0,0.0,0.0,0.0,0.0,0.0,0.0,0.0,0.0,0.0,0.0,0.0
2.72,-0.7596610787081491,-1.1104232195404966,-1.0553904631696083,-0.49869878072458373,0.588481207534757,97.0,0.4,0.7,0.5,0.8,0.6,0.9,0.2,0.25,0.0,0.0,0.0,0.0,0.0,0.0,0.0,0.0,0.0,0.0,0.0,0.0,0.0
2.88,-0.047311442034699,-1.169669424521759,-1.265508502299121,1.1029363493433542,0.588481207534757,93.1,0.0,0.7,0.7,0.1,0.1,0.7,0.2,0.0,0.0,0.0,0.0,0.7,0.0,0.0,0.0,0.0,0.0,5.5,0.0,0.0,0.0
2.68,2.6664014595784518,0.8539347196434358,0.5430074773513272,0.15038492988186972,0.8758623085064974,85.0,0.1,0.5,1.0,0.8,0.0,11.0,0.0,0.25,0.0,0.0,0.0,0.5,0.0,0.0,0.0,0.0,0.0,0.0,0.0,0.0,0.0
2.71,-0.7257396674379867,-0.47718131435116,-0.6576670319601736,-0.1404382911041234,0.4447906570488868,99.0,0.0,0.05,0.95,0.0,0.05,0.0,0.0,0.1,0.0,0.0,0.0,0.0,0.0,0.0,0.0008,0.0,0.0,0.0,0.0,0.0,0.0
2.73,-0.7596610787081491,-0.42332112800455785,-0.8527766397232925,-0.37499354107327115,0.4447906570488868,99.0,0.0,0.05,0.7,0.0,1.0,0.6,0.0,0.1,0.0,0.0,0.0,0.0,0.0,0.0,0.0,0.0,0.0,0.0,0.0,0.0,0.0
2.82,-0.38652555473634287,-0.7849538077603151,-0.13237193413639203,-0.9834041490346183,-1.1358053982956928,94.8,0.0,5.0,0.7,0.0,0.0,0.4,0.0,0.3,0.0,0.0,0.0,0.0,0.0,0.0,0.0,0.0,0.2,0.0,0.0,0.0,0.0
2.71,0.6650381946387511,0.4846077275524497,0.4979821832521459,1.1029363493433542,0.1574095560771439,89.4,0.0,1.6,0.2,0.4,0.1,8.6,0.2,0.1,0.0,0.0,0.0,0.0,0.0,0.0,0.0,0.0,0.0,0.0,0.0,0.0,0.0
2.7,-0.7596610787081491,0.21530679581943898,-0.019808698888438833,-0.31008517001262137,0.3011001065630141,98.6,0.04,0.15,0.7,0.8,0.15,0.4,0.15,0.25,0.0,0.0,0.0,0.0,0.0,0.0,0.0,0.0,0.0,0.0,0.0,0.0,0.0
2.78,0.6650381946387511,0.6384939742570273,1.1658573790566682,-0.7515885381037322,-2.5727109031543995,94.7,0.1,3.8,0.5,1.2,0.3,0.5,0.15,0.25,0.0,0.0,0.0,0.0,0.0,0.0,0.0,0.0,0.0,0.0,0.0,0.0,0.0
2.84,-0.047311442034699,3.062202359854124,2.86931433914236,-1.0677007348276677,0.4447906570488868,87.0,0.18,1.6,0.4,2.6,0.2,0.35,0.2,6.8,0.0,0.0,0.0,0.0,0.0,0.0,0.0,0.0,0.0,0.0,0.0,0.0,0.0
2.76,1.1399379524210544,1.1155413390412177,1.11332786927429,-0.7515885381037322,-0.7262873294109381,94.9,0.0,1.9,0.9,1.3,0.0,0.1,0.04,0.1,0.0,0.0,0.0,0.9,0.0,0.0,0.0,0.0,0.0,0.0,0.0,0.0,0.0
2.71,-0.28476132092585066,0.3691930425240165,-0.019808698888438833,1.1029363493433542,0.0855642808342101,94.1,0.25,1.0,0.6,0.4,0.5,4.5,0.25,0.35,0.0,0.0,0.0,0.0,0.0,0.0,0.0,0.0,0.0,0.0,0.0,0.0,0.0
2.8,-0.38652555473634287,0.9462664676661824,1.0758067908583058,0.19674805206807455,-1.4950317745103694,95.3,0.0,4.2,0.15,0.15,0.2,0.1,0.15,0.1,0.0,0.0,0.0,0.05,0.0,0.0,0.0,0.0,0.0,0.05,0.0,0.0,0.0
2.72,-0.7596610787081491,-0.20788038261814928,-0.38751526736508596,-0.3709894532481031,0.2939155790387373,98.2,0.0,0.25,0.7,0.8,1.0,0.3,0.0,0.25,0.0,0.0,0.0,0.0,0.0,0.0,0.0,0.0,0.0,0.0,0.0,0.0,0.0
2.67,-0.28476132092585066,0.21530679581943898,-0.019808698888438833,-0.2247348768971729,0.2098566070044972,97.7,0.15,0.04,0.4,2.2,0.01,0.0,0.0,0.1,0.0,0.0,0.0,0.0,0.0,0.0,0.0,0.0,0.0,0.0,0.0,0.0,0.0
2.67,-0.28476132092585066,0.1075864231262347,-0.12486771845319515,-0.2247348768971729,0.3011001065630141,97.7,0.15,0.04,0.4,2.2,0.01,0.0,0.0,0.1,0.0,0.0,0.0,0.0,0.0,0.0,0.0,0.0,0.0,0.0,0.0,0.0,0.0
2.8,-0.38652555473634287,0.9462664676661824,1.0758067908583058,0.19674805206807455,-0.4891979211092731,95.3,0.0,4.2,0.1,0.15,0.2,0.05,0.15,0.1,0.0,0.0,0.0,0.05,0.0,0.0,0.0,0.0,0.0,0.05,0.0,0.0,0.0
2.72,-0.7596610787081491,-0.42332112800455785,-0.5901290908114017,-0.37162167764155046,-0.4891979211092731,98.2,0.0,0.25,0.7,0.8,1.0,0.3,0.0,0.25,0.0,0.0,0.0,0.0,0.0,0.0,0.0,0.0,0.0,0.0,0.0,0.0,0.0
2.78,0.6650381946387511,-1.163513974653576,-0.8527766397232925,-0.7473737088140778,-2.6445561783973335,94.7,0.1,3.8,0.5,1.2,0.3,0.5,0.15,0.25,0.0,0.0,0.0,0.0,0.0,0.0,0.0,0.0,0.0,0.0,0.0,0.0,0.0
2.84,-0.047311442034699,-0.5925959993795932,-0.28245624780032963,-1.0677007348276677,-0.22337040271040912,87.0,0.18,1.6,0.4,2.6,0.2,0.35,0.2,6.8,0.0,0.0,0.0,0.0,0.0,0.0,0.0,0.0,0.0,0.0,0.0,0.0,0.0
2.82,-0.38652555473634287,0.2691669821660411,0.13027561477549876,-0.6847834938627474,0.588481207534757,93.7,0.0,5.0,0.7,0.0,0.0,0.4,0.0,0.3,0.0,0.0,0.0,0.0,0.0,0.0,0.0,0.2,0.2,0.0,0.0,0.0,0.0
2.71,-0.28476132092585066,-0.32329506764658245,-0.28245624780032963,1.1029363493433542,0.588481207534757,94.1,0.25,1.0,0.6,0.4,0.5,4.5,0.25,0.35,0.0,0.0,0.0,0.0,0.0,0.0,0.0,0.0,0.0,0.0,0.0,0.0,0.0
2.7,-0.7596610787081491,-1.3220168087592907,-1.265508502299121,-0.30903146269022236,-2.6445561783973335,98.6,0.04,0.15,0.7,0.8,0.15,0.4,0.15,0.25,0.0,0.0,0.0,0.0,0.0,0.0,0.0,0.0,0.0,0.0,0.0,0.0,0.0
2.7,-0.7257396674379867,0.022948987438717042,-0.16989301255237643,-0.4354763413797966,0.29607093729601525,97.0,0.0,0.15,0.8,0.4,0.1,0.2,0.0,0.2,0.0,0.0,0.0,0.0,0.0,0.0,0.0,0.0,0.0,0.0,0.0,0.0,0.0
2.83,-0.28476132092585066,0.530773601563823,0.6480664969160835,-0.6462178058624204,-1.2478840276746634,94.6,0.0,5.0,0.7,0.0,0.0,0.4,0.0,0.3,0.0,0.0,0.0,0.0,0.0,0.0,0.0,0.2,0.2,0.0,0.0,0.0,0.0
2.71,-0.28476132092585066,-0.31560075531135356,-0.4400447771474641,1.1029363493433542,0.3011001065630141,94.1,0.25,1.0,0.6,0.4,0.5,4.5,0.25,0.35,0.0,0.0,0.0,0.0,0.0,0.0,0.0,0.0,0.0,0.0,0.0,0.0,0.0
2.71,-0.7596610787081491,-1.4812890740985285,-1.5236535218010936,-0.1404382911041234,-0.05812626965166262,99.0,0.0,0.05,0.95,0.0,0.05,0.0,0.0,0.1,0.0,0.0,0.0,0.0,0.0,0.0,0.0008,0.0,0.0,0.0,0.0,0.0,0.0
2.73,-0.7596610787081491,-0.6310675610557376,-1.0553904631696083,-0.3722539020349978,-0.4891979211092731,99.0,0.0,0.05,0.7,0.0,1.0,0.6,0.0,0.1,0.0,0.0,0.0,0.0,0.0,0.0,0.0,0.0,0.0,0.0,0.0,0.0,0.0
2.81,0.19013843685645265,1.8080294492118167,1.7887072807620092,-0.6462178058624204,0.4447906570488868,91.5,0.18,1.2,0.12,1.9,0.06,0.1,0.06,5.2,0.0,0.0,0.0,0.0,0.0,0.0,0.0,0.0,0.0,0.0,0.0,0.0,0.0
2.72,-0.7596610787081491,-0.15402019627154714,0.4979821832521459,-0.49869878072458373,0.3011001065630141,97.0,0.4,0.7,0.5,0.8,0.6,0.9,0.2,0.25,0.0,0.0,0.0,0.0,0.0,0.0,0.0,0.0,0.0,0.0,0.0,0.0,0.0
2.81,-0.047311442034699,0.6384939742570273,0.2878641441226333,1.1029363493433542,-0.05812626965166262,92.5,0.06,0.1,0.15,0.8,0.1,0.15,0.1,6.5,0.0,0.0,0.0,0.0,0.0,0.0,0.0,0.0,0.0,0.0,0.0,0.0,0.0
2.68,2.6664014595784518,0.8000745332968336,0.4979821832521459,0.15038492988186972,-0.4891979211092731,85.0,0.1,0.5,1.0,0.8,0.0,11.0,0.0,0.25,0.0,0.0,0.0,0.5,0.0,0.0,0.0,0.0,0.0,0.0,0.0,0.0,0.0
2.77,0.4275883157476043,1.10015271437076,1.368471202502984,-0.7515885381037322,0.4447906570488868,94.7,0.1,3.8,0.12,1.2,0.3,0.1,0.15,0.25,0.0,0.0,0.0,0.0,0.0,0.0,0.0,0.0,0.0,0.0,0.0,0.0,0.0
2.79,0.9703308960702326,-1.004241709314338,-0.7477176201585362,1.1029363493433542,-0.548111046808473,91.5,0.0,3.0,1.0,0.1,0.5,5.5,0.25,1.0,0.0,0.0,0.0,0.35,0.0,0.0,0.0,0.0,0.0,0.0,0.0,0.0,0.0
2.59,1.6487591214735202,-0.1309372592658605,0.2053177716074676,6.160731496926322,0.3011001065630141,95.6,0.05,2.4,0.12,0.25,0.05,0.1,0.15,0.1,0.08,0.0,0.0,0.0,0.0,0.0,0.0,0.0,0.0,0.0,0.0,1.9,0.0
2.69,-0.7596610787081491,-0.47718131435116,-0.7477176201585362,-0.6462178058624204,0.1574095560771439,98.5,0.0,0.1,0.1,0.6,0.03,0.08,0.0,0.0,0.0,0.05,0.0,0.0,0.03,0.0,0.0,0.0,0.0,0.0,0.0,0.0,0.0
2.67,-0.7596610787081491,-0.42332112800455785,-0.4400447771474641,-0.2247348768971729,1.235088684721174,97.8,0.0,0.1,0.1,2.2,0.1,0.08,0.0,0.05,0.0,0.05,0.0,0.0,0.0,0.0,0.0,0.0,0.0,0.0,0.0,0.0,0.0
2.66,-0.047311442034699,-0.6310675610557376,-0.019808698888438833,-0.2247348768971729,-2.5727109031543995,95.6,0.05,0.1,0.4,4.0,0.4,0.4,0.15,0.25,0.0,0.0,0.0,0.0,0.0,0.0,0.0,0.0,0.0,0.0,0.0,0.0,0.0
2.76,-0.047311442034699,-0.8465083064421461,-0.6426586005937799,1.1029363493433542,1.235088684721174,95.3,0.2,0.2,0.8,1.4,0.4,0.2,0.25,2.7,0.0,0.0,0.0,0.0,0.0,0.0,0.0,0.0,0.0,0.0,0.0,0.0,0.0
2.66,-0.047311442034699,0.25377835749558336,-1.9558963451532339,-0.2247348768971729,-1.1358053982956928,96.3,0.0,0.0,0.5,3.5,0.2,0.4,0.15,0.25,0.0,0.0,0.0,0.0,0.0,0.0,0.0,0.0,0.0,0.0,0.0,0.0,0.0
2.83,-0.28476132092585066,1.4463967694560593,1.4435133593349527,-0.6761430938189641,0.4447906570488868,90.9,0.1,1.5,0.3,1.8,0.15,0.2,0.06,5.7,0.08,0.0,0.0,0.0,0.0,0.0,0.0,0.0,0.0,0.0,0.0,0.0,0.0
2.7,-0.7257396674379867,1.292510522751482,0.8431761046792023,-0.30903146269022236,0.588481207534757,98.6,0.04,0.15,0.7,0.8,0.15,0.4,0.15,0.25,0.0,0.0,0.0,0.0,0.0,0.0,0.0,0.0,0.0,0.0,0.0,0.0,0.0
2.81,1.106016541150892,0.6000224125808828,0.8431761046792023,-0.6462178058624204,0.588481207534757,93.6,0.1,3.5,1.0,1.2,0.2,0.9,0.0,0.25,0.0,0.0,0.0,1.7,0.0,0.0,0.0,0.0,0.0,0.0,0.0,0.0,0.0
2.72,-0.7596610787081491,-0.26174056896475145,-0.5901290908114017,-0.28795731624196,0.8758623085064974,95.9,0.2,0.3,0.7,0.2,0.3,0.6,0.1,0.4,0.0,0.0,0.0,0.0,0.0,0.0,0.0,0.0,0.0,0.0,0.0,0.0,0.0
2.72,-0.7596610787081491,-1.2166047297666551,-0.8527766397232925,-0.37162167764155046,0.4447906570488868,98.2,0.0,0.25,0.7,0.8,1.0,0.3,0.0,0.25,0.0,0.0,0.0,0.0,0.0,0.0,0.0,0.0,0.0,0.0,0.0,0.0,0.0
2.8,0.19013843685645265,1.7541692628652146,1.736177770979631,-0.45043898535806265,0.588481207534757,91.4,0.18,1.2,0.2,2.1,0.1,0.15,0.1,5.1,0.0,0.0,0.0,0.0,0.0,0.0,0.0,0.0,0.0,0.0,0.0,0.0,0.0
2.79,-0.047311442034699,-0.5772073747091354,-0.38751526736508596,1.1029363493433542,0.37294538180595044,93.0,0.0,3.5,1.2,0.1,0.5,2.5,0.25,1.0,0.0,0.0,0.0,0.35,0.0,0.0,0.0,0.0,0.0,0.0,0.0,0.0,0.0
2.68,-0.047311442034699,-0.5772073747091354,0.13027561477549876,1.1029363493433215,0.4447906570488868,88.4,0.0,2.0,1.3,0.1,0.5,9.5,0.0,3.0,0.0,0.0,0.0,0.5,0.0,0.0,0.0,0.0,0.0,0.15,0.0,0.0,0.0
2.69,-0.7596610787081491,-1.3220168087592907,-1.1079199729519864,-0.2247348768971729,-0.41735264586633936,98.9,0.1,0.2,0.7,1.1,0.1,0.4,0.0,0.25,0.0,0.0,0.0,0.0,0.0,0.0,0.0,0.0,0.0,0.0,0.0,0.0,0.0
2.69,-0.7596610787081491,-0.31560075531135356,-0.6426586005937799,-0.6462178058624204,0.4447906570488868,97.7,0.0,0.2,0.1,0.8,0.15,0.08,0.0,0.05,0.0,0.05,0.0,0.0,0.0,0.0,0.0,0.0,0.0,0.0,0.0,0.0,0.0
2.67,0.4275883157476043,0.16144660947283684,0.13027561477549876,1.1029363493433542,-0.25857458757945473,93.0,0.0,0.2,0.2,0.4,0.1,6.5,0.04,0.1,0.0,0.0,0.0,0.0,0.0,0.0,0.04,0.0,0.0,0.0,0.0,0.0,0.0
2.81,-0.047311442034699,-0.31560075531135356,-0.5375995810290236,1.1029363493433542,0.3011001065630141,92.5,0.06,0.1,0.15,0.8,0.1,0.15,0.1,6.5,0.0,0.0,0.0,0.0,0.0,0.0,0.0,0.0,0.0,0.0,0.0,0.0,0.0
2.7,-0.7257396674379867,-0.9388400544648927,-0.9203145808720644,-0.4354763413797966,-0.4891979211092731,99.0,0.1,0.1,0.35,0.4,0.1,0.6,0.1,0.1,0.0,0.0,0.0,0.0,0.0,0.0,0.0,0.0,0.0,0.0,0.0,0.0,0.0
2.68,0.4275883157476043,-0.6849277474023397,-0.6426586005937799,1.1029363493433542,-0.20253527288994516,93.3,0.0,0.25,0.6,0.2,0.35,6.5,0.25,0.35,0.0,0.0,0.0,0.0,0.0,0.0,0.0,0.0,0.0,0.0,0.0,0.0,0.0
2.71,-0.28476132092585066,-0.47718131435116,-0.8002471299409144,1.1029363493433542,0.588481207534757,94.1,0.25,1.0,0.6,0.4,0.5,4.5,0.25,0.35,0.0,0.0,0.0,0.0,0.0,0.0,0.0,0.0,0.0,0.0,0.0,0.0,0.0
2.69,-0.7257396674379867,-0.05399413591357174,-0.28245624780032963,-0.4354763413797966,0.588481207534757,98.8,0.15,0.1,0.35,1.1,0.0,0.0,0.0,0.1,0.0,0.0,0.0,0.0,0.0,0.0,0.0,0.0,0.0,0.0,0.0,0.0,0.0
2.72,-0.7596610787081491,-0.42332112800455785,-0.5901290908114017,-0.3722539020350095,-1.1358053982956928,98.2,0.0,0.25,0.7,0.8,1.0,0.3,0.0,0.25,0.0,0.0,0.0,0.0,0.0,0.0,0.0,0.0,0.0,0.0,0.0,0.0,0.0
2.81,0.19013843685645265,1.4925626434674326,1.5260597318501186,-0.6462178058624204,1.235088684721174,91.5,0.18,1.2,0.12,1.9,0.06,0.1,0.06,5.2,0.0,0.0,0.0,0.0,0.0,0.0,0.0,0.0,0.0,0.0,0.0,0.0,0.0
2.69,-0.7596610787081491,-0.6310675610557376,-0.9053061495056707,-0.2247348768971729,0.3011001065630141,98.9,0.1,0.2,0.7,1.1,0.1,0.4,0.0,0.25,0.0,0.0,0.0,0.0,0.0,0.0,0.0,0.0,0.0,0.0,0.0,0.0,0.0
2.69,-0.28476132092585066,-0.792648120095544,-0.3349857575827078,-0.2247348768971729,-1.1358053982956928,97.1,0.05,0.1,0.4,2.4,0.5,0.25,0.2,0.25,0.0,0.0,0.0,0.0,0.0,0.0,0.0,0.0,0.0,0.0,0.0,0.0,0.0
2.796,-0.7257396674379867,-0.7464822460841707,-0.28245624780032963,1.1029363493433542,-0.4891979211092731,94.0,0.0,4.0,1.2,0.05,0.35,2.0,0.25,0.5,0.0,0.0,0.0,0.35,0.0,0.0,0.0,0.0,0.0,0.0,0.0,0.0,0.0
2.84,0.6650381946387511,0.9616550923366401,1.2183868888390463,-0.9834041490346183,0.01371900559127374,93.8,0.0,5.8,0.3,0.02,0.2,0.2,0.02,0.1,0.1,0.05,0.0,0.0,0.0,0.0,0.0,0.0,0.0,0.0,0.0,0.0,0.0
2.77,0.4275883157476043,0.06142054911486143,0.6555707125992803,-0.7515885381037322,0.6603264827776908,99.3,0.0,0.1,0.7,0.05,0.05,0.0,0.03,0.1,0.0,0.05,0.0,0.0,0.0,0.0,0.0,0.0,0.0,0.0,0.0,0.0,0.0
2.82,0.6311167833685887,0.1768352341432946,0.7306128694312491,-1.0677007348276677,0.3011001065630141,95.0,0.1,3.3,0.8,0.4,0.5,0.8,0.2,0.8,0.0,0.0,0.0,0.2,0.0,0.0,0.0,0.2,0.8,0.2,0.0,0.0,0.0
2.705,-0.7257396674379867,-0.792648120095544,-1.2129789925167427,-0.2247348768971729,0.588481207534757,99.5,0.0,0.05,0.4,0.05,0.05,0.25,0.03,0.05,0.0,0.05,0.0,0.0,0.0,0.0,0.0,0.0,0.0,0.0,0.0,0.0,0.0
2.78,0.29190267066694486,0.4846077275524497,0.43044424210337395,-0.7515885381037322,0.5166359322918206,94.7,0.06,0.1,0.4,1.0,0.2,0.35,0.01,4.0,0.08,0.0,0.0,0.0,0.0,0.0,0.0,0.0,0.0,0.0,0.0,0.0,0.0
2.705,-1.4041678928412744,-0.8618969311126039,-1.258004286615924,-0.2247348768971729,-0.7047337468380797,99.8,0.0,0.01,0.09,0.02,0.02,0.09,0.02,0.03,0.0,0.05,0.0,0.0,0.03,0.0,0.0,0.0,0.0,0.0,0.0,0.0,0.0
2.66,-0.28476132092585066,-0.8465083064421461,-0.38751526736508596,-0.2247348768971729,-0.345507370623403,96.8,0.15,0.05,0.45,3.1,0.01,0.0,0.05,0.2,0.0,0.0,0.0,0.0,0.0,0.0,0.0,0.0,0.0,0.0,0.0,0.0,0.0
2.84,0.9024880735299028,0.21530679581943898,0.35540208527140515,-0.9834041490346183,-0.05812626965166262,99.2,0.0,0.1,0.7,0.1,0.1,0.0,0.0,0.8,0.0,0.0,0.0,0.0,0.0,0.0,0.0,0.0,0.0,0.0,0.0,0.0,0.0
2.84,0.9024880735299028,-0.4387097526750156,-0.019808698888438833,-0.9834041490346183,0.10639941065468171,99.2,0.0,0.1,0.7,0.1,0.1,0.0,0.0,0.8,0.0,0.0,0.0,0.0,0.0,0.0,0.0,0.0,0.0,0.0,0.0,0.0,0.0
2.81,0.19013843685645265,0.21530679581943898,0.8056550262632179,-0.6462178058624204,0.4447906570488868,95.2,0.1,3.9,1.0,0.05,0.4,0.5,0.15,0.25,0.0,0.0,0.0,0.0,0.0,0.0,0.0,0.0,0.0,0.0,0.0,0.0,0.0
2.69,-0.7257396674379867,-1.054254739493326,-0.9203145808720644,-0.4354763413797966,0.4447906570488868,97.9,0.0,0.2,0.15,0.45,0.05,0.2,0.0,0.05,0.0,0.0,0.0,0.0,0.0,0.0,0.0,0.0,0.0,0.0,0.0,0.0,0.0
2.805200000000001,-0.02187038358207557,0.10935611496333728,0.05801001774631279,0.8707392963617308,0.4447906570488868,92.68599999999996,0.09239999999999995,0.2515000000000002,0.5230000000000001,0.9874999999999998,0.2535000000000002,0.3759999999999996,0.18809999999999982,6.027000000000005,0.0008,0.0,0.0,0.0,0.0,0.0,0.0,0.0,0.0,0.0,0.0,0.0,0.0
2.8049000000000013,-0.03713501865364965,0.14421134984192407,0.0413506589296157,0.7896038325359226,0.7321717580206272,92.71699999999997,0.09549999999999993,0.25750000000000023,0.5230000000000001,1.0059999999999998,0.2608000000000002,0.3739999999999995,0.1900999999999998,5.864500000000004,0.0024,0.0,0.0,0.0,0.0,0.0,0.0,0.0,0.0,0.0,0.0,0.0,0.0
2.805300000000001,-0.022548811807478825,0.0781941500056604,-0.012979862616729685,0.839638071033387,-0.345507370623403,92.67399999999998,0.09089999999999994,0.25300000000000017,0.5220000000000001,0.9934999999999998,0.2540000000000002,0.3759999999999996,0.1906999999999998,6.007000000000005,0.0016,0.0,0.0,0.0,0.0,0.0,0.0,0.0,0.0,0.0,0.0,0.0,0.0
2.7630000000000012,-0.013729244877236136,0.031104958514059665,-0.022135005750229877,0.11596241907330593,-1.1358053982956928,93.999,0.13419999999999993,0.5160000000000007,0.507,1.3680000000000003,0.23350000000000018,0.39199999999999946,0.06319999999999998,3.236499999999999,0.0016,0.0,0.0,0.0,0.0,0.0,0.0,0.0,0.0,0.0,0.0,0.0,0.0
2.805300000000001,-0.022548811807478825,0.0781941500056604,-0.012979862616729685,0.839638071033387,-0.345507370623403,92.67399999999998,0.09089999999999994,0.25300000000000017,0.5220000000000001,0.9934999999999998,0.2540000000000002,0.3759999999999996,0.1906999999999998,6.007000000000005,0.0016,0.0,0.0,0.0,0.0,0.0,0.0,0.0,0.0,0.0,0.0,0.0,0.0
2.805300000000001,-0.022548811807478825,0.0844265429971958,0.016361620704570135,0.8569188711209607,-0.2018168201375328,92.68299999999998,0.09409999999999995,0.25300000000000017,0.5220000000000001,0.9874999999999998,0.2540000000000002,0.3759999999999996,0.1932999999999998,6.033000000000004,0.0008,0.0,0.0,0.0,0.0,0.0,0.0,0.0,0.0,0.0,0.0,0.0,0.0
2.805200000000001,-0.014068458989937754,0.09704521522697115,0.04022502657713618,0.8749456959928056,0.3011001065630141,92.68599999999996,0.09199999999999996,0.25300000000000017,0.5220000000000001,0.9874999999999998,0.2550000000000002,0.3759999999999996,0.19109999999999983,6.027000000000005,0.0008,0.0,0.0,0.0,0.0,0.0,0.0,0.0,0.0,0.0,0.0,0.0,0.0
