Density,Young's Modulus,Yield Strength,Tensile Strength,Specific Heat,Coefficient of Thermal Expansion,"Aluminum, Al","Carbon, C","Hydrogen, H","Iron, Fe","Nitrogen, N","Oxygen, O","Titanium, Ti","Vanadium, V","Molybdenum, Mo","Nickel, Ni","Sulfur, S","Boron, B","Tin, Sn","Yttrium, Y","Zirconium, Zr","Chromium, Cr","Silicon, Si","Palladium, Pd","Tantalum, Ta","Niobium, Nb (Columbium, Cb)","Copper, Cu","Manganese, Mn","Bismuth, Bi"
4.65,0.22241868100405007,-0.0033299773507964865,-0.011764513798720531,0.20418995954041305,2.4488368045154774,3.4,0.05,0.015,1.6,0.05,0.13,82.855,9.0,0.0,0.0,0.0,0.0,0.0,0.0,0.0,0.0,0.0,0.0,0.0,0.0,0.0,0.0,0.0
4.85,-0.64227956670337,0.23716838687338887,0.3035729694659539,0.20418995954041305,-0.8448277339507269,3.0,0.05,0.015,2.0,0.0,0.1,79.0,8.0,8.0,0.05,0.01,0.0,0.0,0.0,0.0,0.0,0.0,0.0,0.0,0.0,0.0,0.0,0.0
4.48,0.4385932429309051,-0.0754794866180521,-0.0249035756014153,0.3656328857197873,-0.8448277339507269,0.0,0.0,0.02,0.35,0.05,0.2,80.0,0.0,15.0,0.0,0.0,0.0,0.0,0.0,5.0,0.0,0.0,0.0,0.0,0.0,0.0,0.0,0.0
4.82,-0.9665414095936526,-0.22879719381097027,-0.30082387345800543,-0.06443387769648452,0.7250151266957316,2.7,0.08,0.015,0.2,0.05,0.15,75.0,13.0,0.0,0.0,0.0,0.03,7.0,0.005,2.0,0.0,0.0,0.0,0.0,0.0,0.0,0.0,0.0
4.65,0.49263688341261885,0.7181651153217596,0.5532151437171545,0.20418995954041305,1.6254206698989289,3.0,0.0,0.0,0.0,0.0,0.0,94.5,2.5,0.0,0.0,0.0,0.0,0.0,0.0,0.0,0.0,0.0,0.0,0.0,0.0,0.0,0.0,0.0
4.57,0.49263688341261885,0.11691920476129619,0.3298510930713434,-0.4673696335518309,-0.13934308794758327,6.0,0.0,0.0,0.5,0.0,0.0,85.0,6.0,0.0,0.0,0.0,0.0,2.0,0.0,0.0,0.0,0.0,0.0,0.0,0.0,0.5,0.0,0.0
4.5,-0.047799521404518736,-1.7469431179761403,-2.4398631349367137,0.06987804092196427,1.6254206698989289,0.0,0.06,0.013,0.2,0.05,0.18,99.497,0.0,0.0,0.0,0.0,0.0,0.0,0.0,0.0,0.0,0.0,0.0,0.0,0.0,0.0,0.0,0.0
4.5809999999999995,-2.3176324216364965,-0.9352611387195148,-0.6161613567226798,-0.04804782362504275,-0.8448277339507269,6.0,0.04,0.0,0.15,0.04,0.12,82.0,0.0,6.0,0.0,0.0,0.0,2.0,0.0,4.0,0.0,0.0,0.0,0.0,0.0,0.0,0.0,0.0
5.06,-1.5069778144107902,0.05679461370524985,-0.03804263740411007,0.6071257153957594,1.1331550574206686,5.0,0.0,0.0,1.0,0.0,0.0,82.0,0.0,4.0,0.0,0.0,0.0,2.0,0.0,4.0,2.0,0.0,0.0,0.0,0.0,0.0,0.0,0.0
4.54,0.7628550858211877,0.26723068240141207,0.09334798062283761,-1.5418649824994197,-1.3937718236950927,3.4,0.05,0.015,1.6,0.05,0.13,82.855,9.0,0.0,0.0,0.0,0.0,0.0,0.0,0.0,0.0,0.0,0.0,0.0,0.0,0.0,0.0,0.0
4.82,-0.10184316188623249,0.6580405242657132,0.6451885763360179,-0.06443387769648452,-0.18787889454915005,3.0,0.1,0.015,0.35,0.08,0.2,73.0,13.0,0.0,0.0,0.0,0.0,0.0,0.0,0.0,11.0,0.0,0.0,0.0,0.0,0.0,0.0,0.0
4.37,0.7628550858211877,0.026732318177226686,-0.098482321696506,-0.4136448661044514,-0.8448277339507269,6.0,0.0,0.0,0.0,0.0,0.0,90.0,0.0,1.0,0.0,0.0,0.0,0.0,0.0,0.0,0.0,0.0,0.0,1.0,2.0,0.0,0.0,0.0
4.48,0.22241868100405007,-0.5444512968552135,-0.5241879241038164,0.33850187815886185,-0.8448277339507269,3.4,0.05,0.015,1.6,0.05,0.13,82.855,9.0,0.0,0.0,0.0,0.0,0.0,0.0,0.0,0.0,0.0,0.0,0.0,0.0,0.0,0.0,0.0
4.48,0.49263688341261885,-0.3039529326310282,-0.11687700822027867,0.9294743200800365,-0.8448277339507269,6.0,0.05,0.015,0.35,0.04,0.2,82.895,5.0,0.0,0.0,0.0,0.0,1.5,0.0,0.0,0.0,0.0,0.0,0.0,0.0,0.35,0.0,0.0
4.48,-0.5055491562846343,-1.5695755743608037,-1.2731144468574183,0.03979217115143747,2.366495191053824,3.0,0.0,0.0,0.0,0.0,0.0,76.0,15.0,0.0,0.0,0.0,0.0,3.0,0.0,0.0,3.0,0.0,0.0,0.0,0.0,0.0,0.0,0.0
4.54,0.5466805238943326,0.08685690923327302,0.06706985701744808,3.5619879250016298,-0.2958836442063611,6.75,0.08,0.015,0.3,0.05,0.2,88.105,3.5,0.0,0.0,0.0,0.0,0.0,0.0,0.0,0.0,0.0,0.0,0.0,0.0,0.0,0.0,0.0
4.82,0.22241868100405007,0.597915933209667,0.5137979583090702,0.7414376340142083,-0.2958836442063611,2.0,0.08,0.015,0.2,0.05,0.15,73.5,11.5,0.0,0.0,0.0,0.03,2.0,0.005,11.0,0.0,0.0,0.0,0.0,0.0,0.0,0.0,0.0
4.73,-0.047799521404518736,0.7181651153217596,0.5926323291252388,0.20418995954041305,-0.021411599334173328,3.0,0.05,0.015,2.0,0.0,0.1,79.0,8.0,8.0,0.05,0.01,0.0,0.0,0.0,0.0,0.0,0.0,0.0,0.0,0.0,0.0,0.0,0.0
4.37,0.9790296477480427,-2.4594195219902897,-2.3242393910729997,-0.4136448661044514,-0.8448277339507269,3.0,0.05,0.015,2.0,0.0,0.1,79.0,8.0,8.0,0.05,0.01,0.0,0.0,0.0,0.0,0.0,0.0,0.0,0.0,0.0,0.0,0.0,0.0
4.53,0.49263688341261885,0.3123241256934468,0.3035729694659539,-0.5882503603084334,-0.2958836442063611,2.7,0.08,0.015,0.2,0.05,0.15,75.0,13.0,0.0,0.0,0.0,0.03,7.0,0.005,2.0,0.0,0.0,0.0,0.0,0.0,0.0,0.0,0.0
4.54,0.23863177314856404,0.23716838687338887,0.19846047504439576,4.099235599475425,-0.8448277339507269,6.0,0.0,0.0,0.0,0.0,0.0,89.0,0.0,1.0,0.0,0.0,0.0,2.5,0.0,1.5,0.0,0.1,0.0,0.0,0.0,0.0,0.0,0.35
4.65,0.4385932429309051,0.4476044555695511,0.5926323291252388,-0.4673696335518309,-0.13687283954372473,2.7,0.08,0.015,0.2,0.05,0.15,75.0,13.0,0.0,0.0,0.0,0.03,7.0,0.005,2.0,0.0,0.0,0.0,0.0,0.0,0.0,0.0,0.0
4.37,0.8168987263029014,0.08685690923327302,0.06706985701744808,-0.4136448661044514,-0.7219557485296048,7.0850000000000035,0.06680000000000001,0.06037999999999994,0.4235000000000001,0.054199999999999936,0.14979999999999982,86.94136000000002,2.42,1.7965,0.0,0.0001,0.0,0.322,0.0,1.2439999999999996,0.0,0.023400000000000008,0.0,0.99,2.2,0.08199999999999999,0.0,0.0
4.82,0.11433140004062255,0.597915933209667,0.5663542055198493,0.20418995954041305,-3.040604092928197,6.5630000000000015,0.06179999999999994,0.013859999999999977,0.23939999999999997,0.049999999999999906,0.14600000000000002,87.77490999999998,0.2,1.5880000000000003,0.0,0.0,0.0,1.1154999999999995,0.0,2.0129999999999995,0.27,0.06479999999999994,0.0,0.0,0.0,0.0,0.0,0.0034999999999999996
4.73,-0.047799521404518736,0.7181651153217596,0.5663542055198493,0.20418995954041305,-1.3937718236950927,6.295999999999999,0.05999999999999993,0.013729999999999978,0.2323999999999999,0.049999999999999906,0.15040000000000003,87.98303000000001,0.0,1.5230000000000001,0.0,0.0,0.0,1.0614999999999997,0.0,2.566,0.31,0.08249999999999995,0.0,0.0,0.0,0.0,0.0,0.006999999999999999
4.69,0.8709423667846152,1.7402831632745475,1.538644778919262,-0.25247056376231286,-0.8448277339507269,6.7600000000000025,0.0796999999999999,0.009105000000000007,0.27620000000000006,0.08359999999999994,0.1522,87.32881999999998,1.9875,1.9095000000000004,0.0,0.0,0.0,2.2399999999999993,0.0,2.386,3.99,0.13770000000000002,0.0,0.0,0.0,0.109,0.08,0.048999999999999995
4.65,0.22241868100405007,0.08685690923327302,0.06706985701744808,0.20418995954041305,0.8020045352823753,6.847500000000002,0.07279999999999996,0.014709999999999977,0.4677,0.049999999999999906,0.14489999999999978,86.84896,1.8875,1.0074999999999998,0.0,0.0,0.0,1.6870000000000007,0.0,1.854999999999999,0.0,0.03990000000000002,0.0,0.0,0.0,0.003499999999999999,0.0,0.0
4.48,0.49263688341261885,-0.5745135923832367,-0.37965824427417405,0.9294743200800365,1.0764765801545582,5.987,0.06659999999999999,0.014964999999999975,0.37820000000000015,0.048099999999999934,0.17649999999999977,88.54741000000004,2.88,0.2425,0.0,0.0,0.0,0.17,0.0,0.076,0.0,0.002,0.0,0.0,0.0,0.1374999999999999,0.0,0.0
4.82,0.11433140004062255,0.6279782287376902,0.5926323291252388,0.20418995954041305,-0.8059899396013009,6.581000000000001,0.06069999999999994,0.014399999999999977,0.24669999999999997,0.049999999999999906,0.14320000000000005,87.62391999999996,0.2,1.5025,0.0,0.0,0.0,1.0674999999999997,0.0,2.0929999999999995,0.33,0.06479999999999994,0.0,0.0,0.0,0.0,0.0,0.0034999999999999996
4.45,1.0330732882297564,-0.06345456840684283,-0.0643207610094996,-0.13266433235465014,-0.36312929520004056,6.709000000000002,0.06009999999999995,0.06330499999999994,0.5094000000000001,0.07179999999999997,0.1561,85.25882,2.8225,2.5140000000000007,0.0,0.0,0.0,2.3180000000000005,0.0,2.329999999999999,2.16,0.11589999999999998,0.0,0.93,2.18,0.15299999999999994,0.0,0.0034999999999999996
4.48,0.4277845148345622,-0.5143890013271903,-0.37965824427417405,0.8757495526326571,-0.8448277339507269,7.091000000000004,0.0726,0.014989999999999974,0.3915000000000001,0.04979999999999991,0.1464999999999997,87.72681000000006,1.6175,0.8284999999999998,0.0,0.0,0.0,0.015,0.0,0.156,0.0,0.008199999999999999,0.0,0.0,0.0,0.010499999999999999,0.0,0.0
4.54,0.6007241643760464,0.9286011840179218,0.802857317968355,4.099235599475425,-0.07806262939578291,7.590000000000007,0.06649999999999996,0.01420999999999998,0.3140000000000004,0.043199999999999995,0.1738999999999998,86.84670999999994,3.38,0.745,0.0,0.0,0.0,1.3995,0.0,2.271,0.11,0.10339999999999991,0.0,0.0,0.0,0.2235,0.0,0.20300000000000007
4.56,-0.047799521404518736,-1.2659463895277696,-0.9314988399873543,0.20418995954041305,-0.3757550092641657,6.367000000000001,0.053899999999999934,0.01461999999999998,0.22499999999999992,0.0498999999999999,0.14510000000000015,84.32574999999997,0.0,1.5885000000000007,0.0,0.0,0.0,1.8980000000000015,0.0,3.4920000000000027,0.0,0.07389999999999988,0.0,0.0,0.0,0.0,0.0,0.0
4.69,0.8709423667846152,1.1991618437701304,1.0393604304168609,-0.25247056376231286,-0.8448277339507269,6.710000000000003,0.07539999999999987,0.014459999999999978,0.2802,0.08359999999999994,0.1503,87.36810999999997,1.9875,1.6995000000000002,0.0,0.0,0.0,2.117,0.0,2.1769999999999996,3.55,0.14559999999999998,0.0,0.0,0.0,0.069,0.08,0.05249999999999999
4.69,0.8709423667846152,0.17704379581734253,0.1721823514390062,1.681621064343347,0.5275324904101925,7.907500000000008,0.07489999999999992,0.014109999999999978,0.31750000000000045,0.07749999999999996,0.14439999999999992,87.62048,1.705,1.5844999999999998,0.0,0.0,0.0,1.1684999999999997,0.0,2.1609999999999996,4.2,0.10849999999999999,0.0,0.0,0.0,0.09699999999999998,0.0,0.0034999999999999996
4.82,0.11433140004062255,1.0488503661300146,1.0919166776276399,0.20418995954041305,0.5275324904101925,6.536000000000001,0.06119999999999994,0.014299999999999978,0.23319999999999996,0.050199999999999904,0.14250000000000004,87.59088999999999,0.2,1.4785000000000001,0.0,0.0,0.0,1.2755,0.0,2.3359999999999994,0.155,0.09669999999999992,0.0,0.0,0.0,0.0,0.16,0.09799999999999995
4.55,0.7628550858211877,0.07182576146926144,0.19846047504439576,0.20418995954041305,-0.8448277339507269,7.032500000000002,0.07739999999999997,0.014154999999999978,0.39120000000000005,0.054399999999999935,0.15009999999999976,87.82308,2.375,0.6844999999999999,0.0,0.0,0.0,0.315,0.0,0.16,0.0,0.0055000000000000005,0.0,0.0,0.0,0.07049999999999998,0.0,0.0
4.48,0.49263688341261885,-0.3340152281590514,-0.19571137903644728,0.9294743200800365,0.17895299342254148,6.017,0.06659999999999999,0.014964999999999975,0.34120000000000034,0.048099999999999934,0.17649999999999977,88.54741000000004,2.84,0.2425,0.0,0.0,0.0,0.17,0.0,0.11599999999999999,0.0,0.002,0.0,0.0,0.0,0.1444999999999999,0.0,0.0
4.54,0.33050596196747756,0.40251101227751634,0.3298510930713434,4.099235599475425,-0.02353418314785083,7.8215000000000074,0.0691,0.014879999999999975,0.29000000000000037,0.049999999999999906,0.14279999999999993,86.36626999999997,1.335,1.0785,0.0,0.0,0.0,1.6370000000000005,0.0,2.1439999999999997,0.0,0.06289999999999993,0.0,0.0,0.0,0.0,0.0,0.19950000000000007
5.7,-2.3689738800941247,-1.2659463895277696,-1.1259569546672368,-2.5988997820266064,-0.8448277339507269,5.759000000000001,0.053799999999999966,0.012329999999999992,0.5031999999999999,0.03769999999999993,0.14800000000000005,83.44936999999999,0.15,2.7085000000000004,0.0,0.0,0.0,3.7950000000000004,0.0,2.954,2.53,0.1789,0.1389000000000002,0.0,0.0,0.0535,0.0,0.006999999999999999
4.76,-0.3180177238130875,0.3273552734574584,0.356129216676733,-0.4673696335518309,2.366495191053824,6.138999999999999,0.05949999999999993,0.014094999999999979,0.23749999999999996,0.049999999999999906,0.14710000000000004,87.68947,0.0,1.42,0.0,0.0,0.0,2.495,0.0,2.252,0.28,0.1064,0.0,0.0,0.0,0.02,0.0,0.010499999999999999
6.45,-4.209159838496478,-2.4083136195926502,-2.363656576481084,-5.302598703815983,2.4488368045154774,6.1065000000000005,0.06899999999999996,0.014119999999999983,0.5554000000000001,0.1865,0.16279999999999997,84.84530000000002,0.15,2.7995000000000005,3.384000000000002,0.0004,0.0,3.6155,0.0,2.3819999999999997,3.94,0.20770000000000008,0.13930000000000017,0.0,0.0,0.0535,0.0,0.006999999999999999
4.53,0.49263688341261885,0.6129470809736786,0.6057713909279335,0.06719180254958367,-0.11825448583323428,6.958000000000003,0.07609999999999997,0.014134999999999977,0.29170000000000007,0.048699999999999924,0.14169999999999974,88.89013000000004,1.4875,1.2259999999999998,0.0,0.0,0.0,0.09,0.0,0.6630000000000001,0.0,0.0114,0.0,0.0,0.0,0.048499999999999995,0.0,0.0
4.65,0.4385932429309051,1.5298470945783853,1.591201026130041,-0.4673696335518309,-0.8448277339507269,6.8465000000000025,0.07409999999999992,0.012579999999999989,0.23569999999999997,0.04909999999999992,0.15069999999999997,86.89958999999998,1.3575,1.7675000000000003,0.0,0.0,0.0,2.637999999999999,0.0,2.428,1.23,0.1834,0.0,0.0,0.0,0.02,0.08,0.08049999999999997
4.5,-0.047799521404518736,-2.1678152553684646,-2.484535945065876,0.06987804092196427,-0.8448277339507269,6.028000000000002,0.051199999999999996,0.017189999999999993,0.4136000000000003,0.04979999999999991,0.14600000000000007,84.14515000000004,0.19,1.5730000000000004,0.0,0.0,0.0,2.281,0.0,2.7329999999999997,0.14,0.14020000000000005,0.0,0.0,0.0,0.003499999999999999,0.0,0.0034999999999999996
4.48,0.27646232148576383,0.2071060913453657,0.14590422783361667,-0.06443387769648452,-0.1874671864818427,6.828000000000002,0.0718,0.014894999999999974,0.4567000000000001,0.04979999999999991,0.1391999999999997,87.97868000000008,1.355,0.9484999999999998,0.0,0.0,0.0,0.015,0.0,0.607,0.0,0.0104,0.0,0.0,0.0,0.006999999999999999,0.0,0.0
4.8,0.38454960244919134,0.958663479545945,0.8554135651791341,-0.2436059771334968,0.2398857873841413,6.707500000000002,0.06269999999999995,0.01356999999999998,0.2372,0.04899999999999991,0.14190000000000003,87.79593999999999,1.645,1.8660000000000003,0.0,0.0,0.0,2.43,0.0,2.117,0.62,0.1195,0.0,0.0,0.0,0.04,0.16,0.013999999999999999
4.82,0.22241868100405007,0.7181651153217596,0.6189104527306283,0.7414376340142083,0.5275324904101925,6.1785000000000005,0.055099999999999955,0.014269999999999975,0.29850000000000015,0.049999999999999906,0.1459,88.78762,0.93,1.3159999999999998,0.0,0.0,0.0,1.1905,0.0,1.229,0.425,0.03730000000000001,0.0,0.0,0.0,0.0,0.0,0.0
4.7,-0.047799521404518736,0.597915933209667,0.4612417110982911,0.20418995954041305,-0.6510962156117865,6.388999999999999,0.060199999999999934,0.013509999999999982,0.2364999999999999,0.049999999999999906,0.14710000000000004,88.11293000000002,0.0,1.5050000000000003,0.0,0.0,0.0,1.1104999999999996,0.0,2.4759999999999995,0.085,0.07569999999999992,0.0,0.0,0.0,0.0,0.0,0.0034999999999999996
4.54,0.4277845148345622,-0.12357915946288917,-0.09059888461488914,-1.5418649824994197,-0.2958836442063611,7.039500000000003,0.07369999999999996,0.014734999999999976,0.6097000000000002,0.04579999999999993,0.16339999999999988,86.51233000000003,2.065,1.3329999999999997,0.0,0.0,0.0,2.1010000000000004,0.0,1.7029999999999996,0.0,0.03960000000000002,0.017600000000000008,0.0,0.0,0.0635,0.0,0.0
4.54,0.6547678048577601,0.4476044555695511,0.356129216676733,-1.5418649824994197,-0.2958836442063611,6.628000000000003,0.05989999999999994,0.014029999999999977,0.5897000000000003,0.04279999999999999,0.17269999999999977,86.00952000000002,4.325,0.767,0.0,0.0,0.0,1.3630000000000002,0.0,0.271,0.0,0.014900000000000004,0.013200000000000005,0.0,0.0,0.18,0.0,0.0
4.55,0.4385932429309051,-0.24382834157498184,-0.2219895026418368,-0.09640011432767596,-0.1138171877744614,7.0770000000000035,0.07419999999999999,0.014754999999999976,0.4052000000000002,0.04969999999999991,0.1611999999999999,86.28719000000001,2.04,1.2574999999999996,0.0,0.0,0.0,2.1120000000000005,0.0,1.9209999999999994,0.0,0.04629999999999998,0.0,0.0,0.0,0.013999999999999999,0.0,0.0
5.06,0.11433140004062255,0.8985388884898986,0.6977448235467969,0.20418995954041305,0.25306044553800955,6.1595,0.06369999999999994,0.013369999999999983,0.4045000000000001,0.04879999999999992,0.1466,87.86588,0.49,1.6770000000000003,0.0,0.0,0.0,1.1925,0.0,2.2419999999999995,0.5,0.10339999999999996,0.0,0.0,0.0,0.06849999999999999,0.0,0.013999999999999999
4.84,0.49263688341261885,-0.06345456840684283,0.14590422783361667,-0.4673696335518309,0.40658180930318577,5.998000000000002,0.05459999999999992,0.011729999999999994,0.3482000000000001,0.04709999999999993,0.1444,84.93699999999998,2.635,1.8690000000000004,0.0,0.0,0.0,2.5140000000000002,0.0,2.653999999999999,1.82,0.13140000000000002,0.0,0.0,0.0,0.16799999999999998,0.0,0.010499999999999999
4.37,0.7628550858211877,0.5077290466255974,0.5400760819144597,-0.4136448661044514,-0.9063094720020892,6.991000000000002,0.06239999999999998,0.05132999999999998,0.33460000000000006,0.05389999999999994,0.14169999999999983,87.64417000000003,2.0025,2.209500000000001,0.0,0.0001,0.0,0.215,0.0,1.4259999999999997,0.16,0.015000000000000003,0.0,0.89,2.1,0.07149999999999998,0.0,0.0
4.5757,-0.8495747584990796,-1.1776233652664374,-0.6928409214032069,0.2804791293156847,0.11239352254101162,3.8,0.0,0.0,0.0,0.0,0.0,76.2,0.0,15.0,0.0,0.0,0.0,0.0,0.0,5.0,0.0,0.0,0.0,0.0,0.0,0.0,0.0,0.0
4.645600000000001,-0.06736331925889924,0.01320428518961622,0.03398569939826269,0.5141818677117745,-0.8448277339507269,0.0,0.06,0.013,0.3,0.05,0.35,99.227,0.0,0.0,0.0,0.0,0.0,0.0,0.0,0.0,0.0,0.0,0.0,0.0,0.0,0.0,0.0,0.0
4.6591999999999985,-1.0198824827491035,-1.3711644238758516,-1.0479634838064404,-0.5041710992532824,-0.8448277339507269,2.25,0.4,0.008,0.12,0.4,0.15,81.0,0.0,1.0,0.0,0.0,0.0,11.0,0.0,5.0,0.0,0.25,0.0,0.0,0.0,0.0,0.0,0.0
4.759199999999998,0.14974619764828956,-0.09745502464903703,-0.2137644499533499,0.22245638047251648,0.4565161163238511,3.0,0.05,0.0,0.3,0.03,0.14,75.0,8.0,4.0,0.0,0.0,0.0,0.0,0.0,4.0,6.0,0.0,0.0,0.0,0.0,0.0,0.0,0.0
4.607699999999998,0.1874686587045258,0.05535162351990474,0.07377077853682248,0.24851289268448729,2.4488368045154774,3.0,0.05,0.015,2.0,0.0,0.1,79.0,8.0,8.0,0.05,0.01,0.0,0.0,0.0,0.0,0.0,0.0,0.0,0.0,0.0,0.0,0.0,0.0
4.7559000000000005,-0.23041298259222945,-0.033241961401179534,0.031121383925275213,0.2893437159445037,2.366495191053824,5.0,0.0,0.0125,0.3,0.04,0.08,83.0,0.0,4.0,0.0,0.0,0.0,2.0,0.0,2.0,4.0,0.0,0.0,0.0,0.0,0.0,0.0,0.0
4.7559000000000005,-0.23041298259222945,-0.033241961401179534,0.031121383925275213,0.2893437159445037,-0.570355689078544,5.0,0.0,0.0125,0.3,0.04,0.08,83.0,0.0,4.0,0.0,0.0,0.0,2.0,0.0,2.0,4.0,0.0,0.0,0.0,0.0,0.0,0.0,0.0
4.5210000000000035,-0.37184518973287406,-1.2598738058311094,-1.0756343479629162,0.4236556345629555,-0.36848150007505515,0.0,0.0,0.02,0.35,0.05,0.2,80.0,0.0,15.0,0.0,0.0,0.0,0.0,0.0,5.0,0.0,0.0,0.0,0.0,0.0,0.0,0.0,0.0
4.713800000000003,-0.5758058889108626,-0.04165940414902601,0.08236372495578481,0.2227250043097462,-0.8448277339507269,6.0,0.04,0.0,0.25,0.03,0.14,86.0,0.0,2.0,0.0,0.0,0.0,2.0,0.0,2.0,2.0,0.25,0.0,0.0,0.0,0.0,0.0,0.0
4.533900000000004,0.38357681692052076,0.12948524429200983,0.104305958166285,1.8086801393563936,0.5275324904101925,8.35,0.08,0.015,0.3,0.05,0.12,88.185,0.75,0.75,0.0,0.0,0.0,0.0,0.0,0.0,0.0,0.0,0.0,0.0,0.0,0.0,0.0,0.0
4.965700000000001,-1.029610338035812,-0.0664607979596451,-0.0073760671566204805,0.5047800334084961,2.4488368045154774,5.0,0.0,0.0,1.0,0.0,0.0,82.0,0.0,4.0,0.0,0.0,0.0,2.0,0.0,4.0,2.0,0.0,0.0,0.0,0.0,0.0,0.0,0.0
4.661000000000001,-0.17435891868459596,-0.04006610248604079,0.0849127029455076,-0.07249259281358758,-0.8448277339507269,3.0,0.0,0.0,0.0,0.0,0.0,76.0,15.0,0.0,0.0,0.0,0.0,3.0,0.0,0.0,3.0,0.0,0.0,0.0,0.0,0.0,0.0,0.0
4.965700000000001,-1.029610338035812,-0.0664607979596451,-0.0073760671566204805,0.5047800334084961,0.582426899384628,5.0,0.0,0.0,1.0,0.0,0.0,82.0,0.0,4.0,0.0,0.0,0.0,2.0,0.0,4.0,2.0,0.0,0.0,0.0,0.0,0.0,0.0,0.0
4.5207000000000015,-0.017394569269506558,-1.0446277698504636,-1.0292797379230094,0.3076101368766161,-0.8448277339507269,0.0,0.0,0.0,0.0,0.0,0.0,100.0,0.0,0.0,0.0,0.0,0.0,0.0,0.0,0.0,0.0,0.0,0.0,0.0,0.0,0.0,0.0,0.0
4.5207000000000015,-0.017394569269506558,-1.0446277698504636,-1.0292797379230094,0.3076101368766161,-0.3167435196166521,0.0,0.0,0.0,0.0,0.0,0.0,100.0,0.0,0.0,0.0,0.0,0.0,0.0,0.0,0.0,0.0,0.0,0.0,0.0,0.0,0.0,0.0,0.0
4.533900000000004,0.38357681692052076,0.12948524429200983,0.104305958166285,1.8086801393563936,0.40638052980359934,8.35,0.08,0.015,0.3,0.05,0.12,88.185,0.75,0.75,0.0,0.0,0.0,0.0,0.0,0.0,0.0,0.0,0.0,0.0,0.0,0.0,0.0,0.0
4.5584999999999996,0.021695195890916986,-1.4235028803901388,-0.9175977126001039,0.16335913628039664,0.6570832955898929,2.5,0.08,0.015,0.2,0.05,0.15,77.5,12.0,0.0,0.0,0.0,0.03,2.0,0.005,6.0,0.0,0.0,0.0,0.0,0.0,0.0,0.0,0.0
4.661000000000001,-0.17435891868459596,-0.04006610248604079,0.0849127029455076,-0.07249259281358758,-0.12959933035462393,3.0,0.0,0.0,0.0,0.0,0.0,76.0,15.0,0.0,0.0,0.0,0.0,3.0,0.0,0.0,3.0,0.0,0.0,0.0,0.0,0.0,0.0,0.0
4.4471000000000025,0.01928484952543257,-1.3267624133809608,-1.6789800659426592,0.3462919694387412,-0.8448277339507269,6.0,0.03,0.1,0.12,0.02,0.1,90.0,0.0,0.8,0.0,0.0,0.0,0.0,0.0,0.0,0.0,0.0,0.0,1.0,2.0,0.0,0.0,0.0
4.685799999999997,0.059671662057417245,-1.4388346511094305,-0.7256360196627334,0.2197701421001478,0.5275324904101925,2.0,0.08,0.015,0.2,0.05,0.15,73.5,11.5,0.0,0.0,0.0,0.03,2.0,0.005,11.0,0.0,0.0,0.0,0.0,0.0,0.0,0.0,0.0
4.661000000000001,-0.17435891868459596,-0.04006610248604079,0.0849127029455076,-0.07249259281358758,0.5275324904101925,3.0,0.0,0.0,0.0,0.0,0.0,76.0,15.0,0.0,0.0,0.0,0.0,3.0,0.0,0.0,3.0,0.0,0.0,0.0,0.0,0.0,0.0,0.0
4.5118000000000045,0.49674420008922987,0.01948730495497309,0.08504409356353453,0.542118746784419,-0.6123499119439683,6.0,0.05,0.015,0.35,0.04,0.2,82.895,5.0,0.0,0.0,0.0,0.0,1.5,0.0,0.0,0.0,0.0,0.0,0.0,0.0,0.35,0.0,0.0
4.572599999999997,0.2958099447782177,0.05652405304549761,0.0406340646704263,-0.010171862574639623,-0.570355689078544,3.4,0.05,0.015,1.6,0.05,0.13,82.855,9.0,0.0,0.0,0.0,0.0,0.0,0.0,0.0,0.0,0.0,0.0,0.0,0.0,0.0,0.0,0.0
4.759199999999998,0.14974619764828956,-0.09745502464903703,-0.2137644499533499,0.22245638047251648,0.4565161163238511,3.0,0.05,0.0,0.3,0.03,0.14,75.0,8.0,4.0,0.0,0.0,0.0,0.0,0.0,4.0,6.0,0.0,0.0,0.0,0.0,0.0,0.0,0.0
4.599499999999997,0.49442032354851634,0.1223304179563404,0.22258379251414348,-0.2573057928325848,0.03000616373855442,6.0,0.0,0.0,0.5,0.0,0.0,85.0,6.0,0.0,0.0,0.0,0.0,2.0,0.0,0.0,0.0,0.0,0.0,0.0,0.0,0.5,0.0,0.0
4.533900000000004,0.38357681692052076,0.12948524429200983,0.104305958166285,1.8086801393563936,0.582426899384628,8.35,0.08,0.015,0.3,0.05,0.12,88.185,0.75,0.75,0.0,0.0,0.0,0.0,0.0,0.0,0.0,0.0,0.0,0.0,0.0,0.0,0.0,0.0
4.701,0.1922353077950129,-0.025485889154949558,0.042815148929673565,0.267316561291071,-0.8448277339507269,3.0,0.0,0.0,0.0,0.0,0.0,85.0,5.0,5.0,0.0,0.0,0.0,0.0,0.0,0.0,2.0,0.0,0.0,0.0,0.0,0.0,0.0,0.0
4.668199999999998,0.5136058159195237,-0.9618662702618156,-0.5365911984455604,0.3000886694339844,-0.2958836442063611,3.0,0.1,0.015,0.35,0.08,0.2,73.0,13.0,0.0,0.0,0.0,0.0,0.0,0.0,0.0,11.0,0.0,0.0,0.0,0.0,0.0,0.0,0.0
4.713800000000003,-0.5758058889108626,-0.04165940414902601,0.08236372495578481,0.2227250043097462,-0.44725497695336386,6.0,0.04,0.0,0.25,0.03,0.14,86.0,0.0,2.0,0.0,0.0,0.0,2.0,0.0,2.0,2.0,0.25,0.0,0.0,0.0,0.0,0.0,0.0
4.6747,-0.1299458549367238,-0.016587449678654706,0.052511776540062324,0.23642482000882525,2.4488368045154774,0.0,0.06,0.013,0.25,0.25,0.25,97.877,0.0,0.2,0.6,0.0,0.0,0.0,0.0,0.0,0.0,0.0,0.0,0.0,0.0,0.0,0.0,0.0
4.618100000000002,-0.07730734910753453,-0.04923510262208789,0.043997664491916125,0.19935473047012617,2.4488368045154774,6.0,0.05,0.0125,0.25,0.05,0.12,86.0,0.0,2.0,0.0,0.0,0.0,2.0,0.0,4.0,0.0,0.0,0.0,0.0,0.0,0.0,0.0,0.0
4.456000000000002,0.11021867899996424,-1.3129638197335975,-1.5537910850865841,0.20311546419147633,-0.11335973436636003,6.0,0.0,0.0,0.0,0.0,0.0,90.0,0.0,1.0,0.0,0.0,0.0,0.0,0.0,0.0,0.0,0.0,0.0,1.0,2.0,0.0,0.0,0.0
4.581,-0.04709695407825647,-0.03038604332601735,0.04983140793231258,0.24367766361421533,-1.3937718236950927,6.5,0.05,0.015,0.25,0.05,0.15,84.065,0.0,1.8,0.0,0.0,0.0,1.8,0.0,3.6,0.0,0.06,0.0,0.0,0.0,0.0,0.0,0.0
4.668199999999998,0.5136058159195237,-0.9618662702618156,-0.5365911984455604,0.3000886694339844,-0.8448277339507269,3.0,0.1,0.015,0.35,0.08,0.2,73.0,13.0,0.0,0.0,0.0,0.0,0.0,0.0,0.0,11.0,0.0,0.0,0.0,0.0,0.0,0.0,0.0
4.6106,-1.2671537554091372,-1.1707992241815761,-1.0085988546455669,-0.22721992306204608,4.919085208365133,2.25,0.0,0.0,0.0,0.0,0.0,81.0,0.0,1.0,0.0,0.0,0.0,11.0,0.0,5.0,0.0,0.25,0.0,0.0,0.0,0.0,0.0,0.0
4.5584999999999996,0.021695195890916986,-1.4235028803901388,-0.9175977126001039,0.16335913628039664,1.0764765801545582,2.5,0.08,0.015,0.2,0.05,0.15,77.5,12.0,0.0,0.0,0.0,0.03,2.0,0.005,6.0,0.0,0.0,0.0,0.0,0.0,0.0,0.0,0.0
4.752735000000001,0.30702302739264437,-0.08471432318130556,-1.13354160948346,-0.22072997115439794,1.6254206698989289,6.535554999999997,0.06217799999999997,0.027209050000000023,0.41413599999999995,0.048123999999999896,0.15100499999999992,85.79864919999999,1.8885500000000008,2.1210700000000005,0.0,0.0,0.0,2.592265000000002,0.0,2.3318600000000003,1.7090000000000003,0.133914,0.0,0.1462,0.0,0.02467999999999999,0.0,0.00686
4.686414999999999,0.5748113196378749,0.05339336558920931,0.10701996277224964,-0.15255861374042018,-0.5634938879567115,6.625819999999997,0.06504499999999998,0.027073500000000025,0.4011240000000001,0.04716599999999996,0.15657099999999993,86.67973669999996,2.716499999999997,2.1512750000000005,0.0,0.0,0.0,2.3191400000000018,0.0,2.1254600000000003,1.7520499999999999,0.11745099999999999,0.0,0.14679999999999999,0.0,0.14596499999999993,0.0,0.005634999999999998
4.767837000000001,0.39515939590492116,-0.049000917339924614,0.07335873755868995,-0.24719210536060365,0.5275324904101925,6.525954999999995,0.06194999999999997,0.02723285000000002,0.4007860000000001,0.04798499999999991,0.15050099999999988,86.03862009999995,1.8418250000000012,2.188735,0.0,0.0,0.0,2.343315000000002,0.0,2.30335,1.5737000000000003,0.11774300000000001,0.0,0.1462,0.0,0.024595,0.0,0.006860000000000001
4.767837000000001,0.39515939590492116,-0.049000917339924614,0.07335873755868995,-0.24719210536060365,0.5275324904101925,6.525954999999995,0.06194999999999997,0.02723285000000002,0.4007860000000001,0.04798499999999991,0.15050099999999988,86.03862009999995,1.8418250000000012,2.188735,0.0,0.0,0.0,2.343315000000002,0.0,2.30335,1.5737000000000003,0.11774300000000001,0.0,0.1462,0.0,0.024595,0.0,0.006860000000000001
4.695341,0.9206625160277927,0.05211391429153665,0.09430187650971321,-0.2964604033482246,-0.8448277339507269,6.683819999999998,0.06655099999999997,0.027693800000000032,0.415416,0.07302299999999992,0.1563109999999999,86.52979579999993,2.6905249999999974,2.083155,0.0,0.0,0.0,2.3197250000000023,0.0,2.1098500000000002,2.122300000000001,0.11771100000000002,0.0,0.14679999999999999,0.0,0.14779999999999993,0.0,0.005215000000000001
4.686414999999999,0.5748113196378749,0.05339336558920931,0.10701996277224964,-0.15255861374042018,-0.5634938879567115,6.625819999999997,0.06504499999999998,0.027073500000000025,0.4011240000000001,0.04716599999999996,0.15657099999999993,86.67973669999996,2.716499999999997,2.1512750000000005,0.0,0.0,0.0,2.3191400000000018,0.0,2.1254600000000003,1.7520499999999999,0.11745099999999999,0.0,0.14679999999999999,0.0,0.14596499999999993,0.0,0.005634999999999998
4.686414999999999,0.5748113196378749,0.05339336558920931,0.10701996277224964,-0.15255861374042018,-0.5634938879567115,6.625819999999997,0.06504499999999998,0.027073500000000025,0.4011240000000001,0.04716599999999996,0.15657099999999993,86.67973669999996,2.716499999999997,2.1512750000000005,0.0,0.0,0.0,2.3191400000000018,0.0,2.1254600000000003,1.7520499999999999,0.11745099999999999,0.0,0.14679999999999999,0.0,0.14596499999999993,0.0,0.005634999999999998
4.686414999999999,0.5748113196378749,0.05339336558920931,0.10701996277224964,-0.15255861374042018,-0.5634938879567115,6.625819999999997,0.06504499999999998,0.027073500000000025,0.4011240000000001,0.04716599999999996,0.15657099999999993,86.67973669999996,2.716499999999997,2.1512750000000005,0.0,0.0,0.0,2.3191400000000018,0.0,2.1254600000000003,1.7520499999999999,0.11745099999999999,0.0,0.14679999999999999,0.0,0.14596499999999993,0.0,0.005634999999999998
4.686414999999999,0.5748113196378749,0.05339336558920931,0.10701996277224964,-0.15255861374042018,-0.5634938879567115,6.625819999999997,0.06504499999999998,0.027073500000000025,0.4011240000000001,0.04716599999999996,0.15657099999999993,86.67973669999996,2.716499999999997,2.1512750000000005,0.0,0.0,0.0,2.3191400000000018,0.0,2.1254600000000003,1.7520499999999999,0.11745099999999999,0.0,0.14679999999999999,0.0,0.14596499999999993,0.0,0.005634999999999998
4.695341,0.9206625160277927,0.05211391429153665,0.09430187650971321,-0.2964604033482246,-0.8448277339507269,6.683819999999998,0.06655099999999997,0.027693800000000032,0.415416,0.07302299999999992,0.1563109999999999,86.52979579999993,2.6905249999999974,2.083155,0.0,0.0,0.0,2.3197250000000023,0.0,2.1098500000000002,2.122300000000001,0.11771100000000002,0.0,0.14679999999999999,0.0,0.14779999999999993,0.0,0.005215000000000001
4.696755999999999,0.5076653389577743,0.04637802830478982,0.10798673493969192,-0.3378902577652742,-0.2958836442063611,6.60276,0.06308899999999996,0.027040800000000028,0.3958450000000001,0.04733799999999997,0.15601199999999996,86.71142399999995,2.710724999999997,2.1709950000000005,0.0,0.0,0.0,2.3263700000000016,0.0,2.1181799999999997,1.64665,0.11773300000000003,0.0,0.14679999999999999,0.0,0.14951999999999996,0.0,0.005634999999999998
4.767837000000001,0.39515939590492116,-0.049000917339924614,0.07335873755868995,-0.24719210536060365,0.5275324904101925,6.525954999999995,0.06194999999999997,0.02723285000000002,0.4007860000000001,0.04798499999999991,0.15050099999999988,86.03862009999995,1.8418250000000012,2.188735,0.0,0.0,0.0,2.343315000000002,0.0,2.30335,1.5737000000000003,0.11774300000000001,0.0,0.1462,0.0,0.024595,0.0,0.006860000000000001
4.767837000000001,0.39515939590492116,-0.049000917339924614,0.07335873755868995,-0.24719210536060365,0.5275324904101925,6.525954999999995,0.06194999999999997,0.02723285000000002,0.4007860000000001,0.04798499999999991,0.15050099999999988,86.03862009999995,1.8418250000000012,2.188735,0.0,0.0,0.0,2.343315000000002,0.0,2.30335,1.5737000000000003,0.11774300000000001,0.0,0.1462,0.0,0.024595,0.0,0.006860000000000001
4.695341,0.9206625160277927,0.05211391429153665,0.09430187650971321,-0.2964604033482246,-0.8448277339507269,6.683819999999998,0.06655099999999997,0.027693800000000032,0.415416,0.07302299999999992,0.1563109999999999,86.52979579999993,2.6905249999999974,2.083155,0.0,0.0,0.0,2.3197250000000023,0.0,2.1098500000000002,2.122300000000001,0.11771100000000002,0.0,0.14679999999999999,0.0,0.14779999999999993,0.0,0.005215000000000001
4.686414999999999,0.5748113196378749,0.05339336558920931,0.10701996277224964,-0.15255861374042018,-0.5634938879567115,6.625819999999997,0.06504499999999998,0.027073500000000025,0.4011240000000001,0.04716599999999996,0.15657099999999993,86.67973669999996,2.716499999999997,2.1512750000000005,0.0,0.0,0.0,2.3191400000000018,0.0,2.1254600000000003,1.7520499999999999,0.11745099999999999,0.0,0.14679999999999999,0.0,0.14596499999999993,0.0,0.005634999999999998
4.695341,0.9206625160277927,0.05211391429153665,0.09430187650971321,-0.2964604033482246,-0.8448277339507269,6.683819999999998,0.06655099999999997,0.027693800000000032,0.415416,0.07302299999999992,0.1563109999999999,86.52979579999993,2.6905249999999974,2.083155,0.0,0.0,0.0,2.3197250000000023,0.0,2.1098500000000002,2.122300000000001,0.11771100000000002,0.0,0.14679999999999999,0.0,0.14779999999999993,0.0,0.005215000000000001
4.695341,0.9206625160277927,0.05211391429153665,0.09430187650971321,-0.2964604033482246,-0.8448277339507269,6.683819999999998,0.06655099999999997,0.027693800000000032,0.415416,0.07302299999999992,0.1563109999999999,86.52979579999993,2.6905249999999974,2.083155,0.0,0.0,0.0,2.3197250000000023,0.0,2.1098500000000002,2.122300000000001,0.11771100000000002,0.0,0.14679999999999999,0.0,0.14779999999999993,0.0,0.005215000000000001
4.686414999999999,0.5748113196378749,0.05339336558920931,0.10701996277224964,-0.15255861374042018,-0.5634938879567115,6.625819999999997,0.06504499999999998,0.027073500000000025,0.4011240000000001,0.04716599999999996,0.15657099999999993,86.67973669999996,2.716499999999997,2.1512750000000005,0.0,0.0,0.0,2.3191400000000018,0.0,2.1254600000000003,1.7520499999999999,0.11745099999999999,0.0,0.14679999999999999,0.0,0.14596499999999993,0.0,0.005634999999999998
4.749146,0.7613701287116724,-0.0022955337616772016,0.06965509881774634,-0.33408385799162676,2.4488368045154774,6.572204999999999,0.062037,0.027438300000000027,0.5166919999999999,0.07061599999999998,0.15475799999999992,86.03284309999994,2.8623749999999974,2.0805400000000005,0.0,0.0,0.0,2.484470000000002,0.0,2.17842,2.0813500000000005,0.11999299999999997,0.0,0.1461,0.0,0.1577449999999999,0.0,0.006964999999999996
4.686414999999999,0.5748113196378749,0.05339336558920931,0.10701996277224964,-0.15255861374042018,-0.5634938879567115,6.625819999999997,0.06504499999999998,0.027073500000000025,0.4011240000000001,0.04716599999999996,0.15657099999999993,86.67973669999996,2.716499999999997,2.1512750000000005,0.0,0.0,0.0,2.3191400000000018,0.0,2.1254600000000003,1.7520499999999999,0.11745099999999999,0.0,0.14679999999999999,0.0,0.14596499999999993,0.0,0.005634999999999998
4.752735000000001,0.30702302739264437,-0.08471432318130556,-1.13354160948346,-0.22072997115439794,1.6254206698989289,6.535554999999997,0.06217799999999997,0.027209050000000023,0.41413599999999995,0.048123999999999896,0.15100499999999992,85.79864919999999,1.8885500000000008,2.1210700000000005,0.0,0.0,0.0,2.592265000000002,0.0,2.3318600000000003,1.7090000000000003,0.133914,0.0,0.1462,0.0,0.02467999999999999,0.0,0.00686
4.778127000000001,0.31700488778961694,-0.059619220743377666,0.06115622808129126,-0.22457666450363056,1.350948625026746,6.532149999999996,0.061771999999999966,0.027228400000000024,0.4035430000000001,0.04786399999999991,0.15004699999999993,86.02083179999995,1.868975000000001,2.19503,0.0,0.0,0.0,2.5064050000000018,0.0,2.29546,1.6446000000000003,0.12477700000000004,0.0,0.1462,0.0,0.02779499999999998,0.0,0.007104999999999999
4.695341,0.9206625160277927,0.05211391429153665,0.09430187650971321,-0.2964604033482246,-0.8448277339507269,6.683819999999998,0.06655099999999997,0.027693800000000032,0.415416,0.07302299999999992,0.1563109999999999,86.52979579999993,2.6905249999999974,2.083155,0.0,0.0,0.0,2.3197250000000023,0.0,2.1098500000000002,2.122300000000001,0.11771100000000002,0.0,0.14679999999999999,0.0,0.14779999999999993,0.0,0.005215000000000001
4.767837000000001,0.39515939590492116,-0.049000917339924614,0.07335873755868995,-0.24719210536060365,0.5275324904101925,6.525954999999995,0.06194999999999997,0.02723285000000002,0.4007860000000001,0.04798499999999991,0.15050099999999988,86.03862009999995,1.8418250000000012,2.188735,0.0,0.0,0.0,2.343315000000002,0.0,2.30335,1.5737000000000003,0.11774300000000001,0.0,0.1462,0.0,0.024595,0.0,0.006860000000000001
4.670359,0.9482247726734669,0.055519371128951125,0.093501182083457,-0.3859685521539328,-3.040604092928197,6.68391,0.06762699999999998,0.02765480000000003,0.43039499999999997,0.07323699999999991,0.1566269999999999,86.41566629999994,2.6960999999999973,2.1301300000000003,0.0,3e-06,0.0,2.331660000000003,0.0,2.0942500000000006,2.160200000000001,0.117054,0.0,0.14679999999999999,0.0,0.14271999999999987,0.0,0.005285000000000001
4.774524,0.3270191743708786,-0.05142995081858888,0.0727748376521782,-0.2218904261312619,1.0764765801545582,6.533824999999997,0.061771999999999966,0.027217700000000025,0.3990970000000001,0.04787499999999991,0.15005299999999994,85.95204709999996,1.868975000000001,2.18672,0.0,0.0,0.0,2.5064050000000018,0.0,2.2906299999999997,1.6787000000000003,0.12466400000000004,0.0,0.1462,0.0,0.02779499999999998,0.0,0.007104999999999999
4.686414999999999,0.5748113196378749,0.05339336558920931,0.10701996277224964,-0.15255861374042018,-0.5634938879567115,6.625819999999997,0.06504499999999998,0.027073500000000025,0.4011240000000001,0.04716599999999996,0.15657099999999993,86.67973669999996,2.716499999999997,2.1512750000000005,0.0,0.0,0.0,2.3191400000000018,0.0,2.1254600000000003,1.7520499999999999,0.11745099999999999,0.0,0.14679999999999999,0.0,0.14596499999999993,0.0,0.005634999999999998
4.695341,0.9206625160277927,0.05211391429153665,0.09430187650971321,-0.2964604033482246,-0.8448277339507269,6.683819999999998,0.06655099999999997,0.027693800000000032,0.415416,0.07302299999999992,0.1563109999999999,86.52979579999993,2.6905249999999974,2.083155,0.0,0.0,0.0,2.3197250000000023,0.0,2.1098500000000002,2.122300000000001,0.11771100000000002,0.0,0.14679999999999999,0.0,0.14779999999999993,0.0,0.005215000000000001
4.686414999999999,0.5748113196378749,0.05339336558920931,0.10701996277224964,-0.15255861374042018,-0.5634938879567115,6.625819999999997,0.06504499999999998,0.027073500000000025,0.4011240000000001,0.04716599999999996,0.15657099999999993,86.67973669999996,2.716499999999997,2.1512750000000005,0.0,0.0,0.0,2.3191400000000018,0.0,2.1254600000000003,1.7520499999999999,0.11745099999999999,0.0,0.14679999999999999,0.0,0.14596499999999993,0.0,0.005634999999999998
4.752735000000001,0.30702302739264437,-0.08471432318130556,-1.13354160948346,-0.22072997115439794,1.6254206698989289,6.535554999999997,0.06217799999999997,0.027209050000000023,0.41413599999999995,0.048123999999999896,0.15100499999999992,85.79864919999999,1.8885500000000008,2.1210700000000005,0.0,0.0,0.0,2.592265000000002,0.0,2.3318600000000003,1.7090000000000003,0.133914,0.0,0.1462,0.0,0.02467999999999999,0.0,0.00686
4.749146,0.7613701287116724,-0.0022955337616772016,0.06965509881774634,-0.33408385799162676,2.4488368045154774,6.572204999999999,0.062037,0.027438300000000027,0.5166919999999999,0.07061599999999998,0.15475799999999992,86.03284309999994,2.8623749999999974,2.0805400000000005,0.0,0.0,0.0,2.484470000000002,0.0,2.17842,2.0813500000000005,0.11999299999999997,0.0,0.1461,0.0,0.1577449999999999,0.0,0.006964999999999996
4.670359,0.9482247726734669,0.055519371128951125,0.093501182083457,-0.3859685521539328,-3.3150761378003826,6.68391,0.06762699999999998,0.02765480000000003,0.43039499999999997,0.07323699999999991,0.1566269999999999,86.41566629999994,2.6960999999999973,2.1301300000000003,0.0,3e-06,0.0,2.331660000000003,0.0,2.0942500000000006,2.160200000000001,0.117054,0.0,0.14679999999999999,0.0,0.14271999999999987,0.0,0.005285000000000001
4.686414999999999,0.5748113196378749,0.05339336558920931,0.10701996277224964,-0.15255861374042018,-0.5634938879567115,6.625819999999997,0.06504499999999998,0.027073500000000025,0.4011240000000001,0.04716599999999996,0.15657099999999993,86.67973669999996,2.716499999999997,2.1512750000000005,0.0,0.0,0.0,2.3191400000000018,0.0,2.1254600000000003,1.7520499999999999,0.11745099999999999,0.0,0.14679999999999999,0.0,0.14596499999999993,0.0,0.005634999999999998
4.695341,0.9206625160277927,0.05211391429153665,0.09430187650971321,-0.2964604033482246,-0.8448277339507269,6.683819999999998,0.06655099999999997,0.027693800000000032,0.415416,0.07302299999999992,0.1563109999999999,86.52979579999993,2.6905249999999974,2.083155,0.0,0.0,0.0,2.3197250000000023,0.0,2.1098500000000002,2.122300000000001,0.11771100000000002,0.0,0.14679999999999999,0.0,0.14779999999999993,0.0,0.005215000000000001
4.695341,0.9206625160277927,0.05211391429153665,0.09430187650971321,-0.2964604033482246,-0.8448277339507269,6.683819999999998,0.06655099999999997,0.027693800000000032,0.415416,0.07302299999999992,0.1563109999999999,86.52979579999993,2.6905249999999974,2.083155,0.0,0.0,0.0,2.3197250000000023,0.0,2.1098500000000002,2.122300000000001,0.11771100000000002,0.0,0.14679999999999999,0.0,0.14779999999999993,0.0,0.005215000000000001
4.686414999999999,0.5748113196378749,0.05339336558920931,0.10701996277224964,-0.15255861374042018,-0.5634938879567115,6.625819999999997,0.06504499999999998,0.027073500000000025,0.4011240000000001,0.04716599999999996,0.15657099999999993,86.67973669999996,2.716499999999997,2.1512750000000005,0.0,0.0,0.0,2.3191400000000018,0.0,2.1254600000000003,1.7520499999999999,0.11745099999999999,0.0,0.14679999999999999,0.0,0.14596499999999993,0.0,0.005634999999999998
4.695341,0.9206625160277927,0.05211391429153665,0.09430187650971321,-0.2964604033482246,-0.8448277339507269,6.683819999999998,0.06655099999999997,0.027693800000000032,0.415416,0.07302299999999992,0.1563109999999999,86.52979579999993,2.6905249999999974,2.083155,0.0,0.0,0.0,2.3197250000000023,0.0,2.1098500000000002,2.122300000000001,0.11771100000000002,0.0,0.14679999999999999,0.0,0.14779999999999993,0.0,0.005215000000000001
4.767837000000001,0.39515939590492116,-0.049000917339924614,0.07335873755868995,-0.24719210536060365,0.5275324904101925,6.525954999999995,0.06194999999999997,0.02723285000000002,0.4007860000000001,0.04798499999999991,0.15050099999999988,86.03862009999995,1.8418250000000012,2.188735,0.0,0.0,0.0,2.343315000000002,0.0,2.30335,1.5737000000000003,0.11774300000000001,0.0,0.1462,0.0,0.024595,0.0,0.006860000000000001
4.696755999999999,0.5076653389577743,0.04637802830478982,0.10798673493969192,-0.3378902577652742,-0.2958836442063611,6.60276,0.06308899999999996,0.027040800000000028,0.3958450000000001,0.04733799999999997,0.15601199999999996,86.71142399999995,2.710724999999997,2.1709950000000005,0.0,0.0,0.0,2.3263700000000016,0.0,2.1181799999999997,1.64665,0.11773300000000003,0.0,0.14679999999999999,0.0,0.14951999999999996,0.0,0.005634999999999998
4.73,-0.047799521404518736,0.9286011840179218,0.7765791943629655,0.20418995954041305,-0.5582789191041667,6.0,0.04,0.0,0.25,0.03,0.14,86.0,0.0,2.0,0.0,0.0,0.0,2.0,0.0,2.0,2.0,0.25,0.0,0.0,0.0,0.0,0.0,0.0
4.65,0.924986007266329,0.5077290466255974,0.48751983470368065,-0.4673696335518309,-0.7441879841642535,3.0,0.1,0.015,0.35,0.08,0.2,73.0,13.0,0.0,0.0,0.0,0.0,0.0,0.0,0.0,11.0,0.0,0.0,0.0,0.0,0.0,0.0,0.0
5.993300000000001,-1.6691087358559316,-0.093516863934866,-0.24301200152614844,-3.7136887065597297,0.5962648649802683,0.0,0.06,0.013,0.25,0.05,0.25,99.127,0.0,0.0,0.0,0.0,0.0,0.0,0.0,0.0,0.0,0.0,0.15,0.0,0.0,0.0,0.0,0.0
4.5,0.11433140004062255,-1.5365070492799782,-2.418840636052402,0.06987804092196427,0.5722256883835332,0.0,0.0,0.0,0.0,0.0,0.0,70.0,0.0,0.0,0.0,0.0,0.0,0.0,0.0,0.0,0.0,0.0,0.0,30.0,0.0,0.0,0.0,0.0
4.7,-0.047799521404518736,0.6580405242657132,0.6189104527306283,0.20418995954041305,-0.13751327431510954,6.0,0.05,0.0125,0.25,0.05,0.12,88.0,0.0,2.0,0.0,0.0,0.0,0.0,0.0,4.0,0.0,0.0,0.0,0.0,0.0,0.0,0.0,0.0
4.84,0.49263688341261885,0.2071060913453657,0.356129216676733,-0.4673696335518309,-0.28005575628539964,3.0,0.05,0.0,0.3,0.03,0.14,75.0,8.0,4.0,0.0,0.0,0.0,0.0,0.0,4.0,6.0,0.0,0.0,0.0,0.0,0.0,0.0,0.0
5.06,-0.047799521404518736,1.2893487303542,1.0130823068114714,0.6071257153957594,-0.15539970257262223,0.0,0.06,0.013,0.25,0.05,0.25,99.377,0.0,0.0,0.0,0.0,0.0,0.0,0.0,0.0,0.0,0.0,0.0,0.0,0.0,0.0,0.0,0.0
4.85,0.7628550858211877,0.17704379581734253,0.14590422783361667,0.20418995954041305,0.1534270932494001,5.0,0.0,0.0,0.25,0.0,0.12,92.5,0.0,0.0,0.0,0.0,0.0,2.5,0.0,0.0,0.0,0.0,0.0,0.0,0.0,0.0,0.0,0.0
4.7,-0.3180177238130875,1.1690995482421072,1.1181948012330294,0.20418995954041305,0.5419880181067864,6.0,0.0,0.0,0.0,0.0,0.0,87.0,0.0,0.4,0.0,0.0,0.0,2.7,0.0,4.0,0.0,0.4,0.0,0.0,0.0,0.0,0.0,0.0
4.82,0.22241868100405007,1.1991618437701304,1.2758635428653666,0.7414376340142083,-0.36784106530366545,3.0,0.1,0.015,0.35,0.08,0.2,73.0,13.0,0.0,0.0,0.0,0.0,0.0,0.0,0.0,11.0,0.0,0.0,0.0,0.0,0.0,0.0,0.0
4.5,-0.047799521404518736,-1.9573791866723027,-2.4582578214604864,0.06987804092196427,0.4650443548609612,3.4,0.05,0.015,1.6,0.05,0.13,82.855,9.0,0.0,0.0,0.0,0.0,0.0,0.0,0.0,0.0,0.0,0.0,0.0,0.0,0.0,0.0,0.0
4.5,-0.047799521404518736,-1.9573791866723027,-2.4582578214604864,0.06987804092196427,0.73704615132931,2.5,0.08,0.015,0.2,0.05,0.15,77.5,12.0,0.0,0.0,0.0,0.03,2.0,0.005,6.0,0.0,0.0,0.0,0.0,0.0,0.0,0.0,0.0
4.65,0.49263688341261885,0.4476044555695511,0.5400760819144597,0.20418995954041305,-0.2352253222895938,6.0,0.04,0.0,0.15,0.04,0.12,82.0,0.0,6.0,0.0,0.0,0.0,2.0,0.0,4.0,0.0,0.0,0.0,0.0,0.0,0.0,0.0,0.0
4.7,-0.3180177238130875,1.2292241392981536,1.0998001147092569,0.20418995954041305,0.3869113127539983,0.0,0.06,0.013,0.15,0.05,0.12,99.607,0.0,0.0,0.0,0.0,0.0,0.0,0.0,0.0,0.0,0.0,0.0,0.0,0.0,0.0,0.0,0.0
4.7,-0.3180177238130875,1.0488503661300146,0.8554135651791341,0.20418995954041305,0.07570575920976404,0.0,0.2,0.015,0.0,0.07,0.2,92.0,0.0,0.0,0.0,0.0,0.0,0.0,0.0,0.0,0.0,0.0,0.0,0.0,0.0,0.0,8.0,0.0
4.5,-0.047799521404518736,-1.7469431179761403,-2.4398631349367137,0.06987804092196427,0.3254295747026408,5.0,0.08,0.015,0.2,0.05,0.25,86.205,0.0,3.0,0.0,0.0,0.0,1.5,0.0,0.0,0.0,0.3,0.0,0.0,0.0,0.0,0.0,0.0
4.65,0.11433140004062255,0.3273552734574584,0.3824073402821225,-0.4673696335518309,-0.17177653458331216,0.0,0.08,0.01,0.2,0.05,0.2,96.06,0.0,0.0,0.0,0.0,0.0,0.0,0.0,0.0,0.0,0.0,0.0,0.0,0.0,2.0,0.0,0.0
4.48,0.7088114453394739,-0.036398502431621974,0.09334798062283761,-0.5447332986760512,-0.09872122530650208,0.0,0.0,0.0,0.0,0.0,0.0,45.0,0.0,0.0,55.0,0.0,0.0,0.0,0.0,0.0,0.0,0.0,0.0,0.0,0.0,0.0,0.0,0.0
4.73,-0.047799521404518736,0.8083520019058291,0.8291354415737446,0.20418995954041305,-0.1758936152564097,0.0,0.08,0.01,0.2,0.05,0.2,96.06,0.0,0.0,0.0,0.0,0.0,0.0,0.0,0.0,0.0,0.0,0.0,0.0,0.0,2.0,0.0,0.0
4.69,0.8709423667846152,1.86053234538664,1.6437572733408201,-0.25247056376231286,-0.4957679108845239,3.0,0.05,0.0,0.3,0.03,0.14,75.0,8.0,4.0,0.0,0.0,0.0,0.0,0.0,4.0,6.0,0.0,0.0,0.0,0.0,0.0,0.0,0.0
4.82,0.11433140004062255,-1.83713000456021,-0.2219895026418368,0.20418995954041305,0.5743071013904961,2.0,0.08,0.015,0.2,0.05,0.15,73.5,11.5,0.0,0.0,0.0,0.03,2.0,0.005,11.0,0.0,0.0,0.0,0.0,0.0,0.0,0.0,0.0
4.5,-5.181945367167326,0.026732318177226686,0.09334798062283761,0.20418995954041305,-0.1625817210801008,5.0,0.0,0.0,0.0,0.0,0.0,91.0,0.0,2.0,0.0,0.0,0.0,0.0,0.0,2.0,0.0,0.25,0.0,0.0,0.0,0.0,0.0,0.0
4.76,-0.3180177238130875,1.0488503661300146,1.0656385540222504,-0.4673696335518309,0.2609743894984805,6.0,0.0,0.0,0.0,0.0,0.0,89.0,0.0,1.0,0.0,0.0,0.0,2.0,0.0,1.5,0.0,0.1,0.0,0.0,0.0,0.0,0.0,0.35
4.54,0.22241868100405007,-2.4293572264622663,0.14590422783361667,-0.05180855734635115,0.14935575791713074,0.0,0.0,0.0,0.0,0.0,0.0,45.0,0.0,0.0,55.0,0.0,0.0,0.0,0.0,0.0,0.0,0.0,0.0,0.0,0.0,0.0,0.0,0.0
4.65,-0.20993044284966,0.11691920476129619,0.014513609806669003,0.20418995954041305,0.3023739229334018,7.0,0.1,0.013,0.3,0.05,0.2,89.0,0.0,4.0,0.0,0.0,0.0,0.0,0.0,0.0,0.0,0.0,0.0,0.0,0.0,0.0,0.0,0.0
4.69,0.8709423667846152,0.9286011840179218,0.802857317968355,-0.25247056376231286,-0.1512826218995393,3.5,0.1,0.013,0.25,0.2,0.12,92.8,2.0,0.0,0.0,0.0,0.0,0.0,0.0,0.0,0.0,0.0,0.0,0.0,0.0,0.0,0.0,0.0
4.82,0.11433140004062255,1.139037252714084,1.0919166776276399,0.20418995954041305,0.057727840270658394,2.5,0.08,0.015,0.2,0.05,0.15,77.5,12.0,0.0,0.0,0.0,0.03,2.0,0.005,6.0,0.0,0.0,0.0,0.0,0.0,0.0,0.0,0.0
4.5,-0.047799521404518736,-1.9573791866723027,-2.4582578214604864,0.06987804092196427,0.1945064092986119,6.0,0.04,0.0,0.25,0.03,0.14,86.0,0.0,2.0,0.0,0.0,0.0,2.0,0.0,2.0,2.0,0.25,0.0,0.0,0.0,0.0,0.0,0.0
4.5,-0.047799521404518736,-2.1678152553684646,-2.484535945065876,0.06987804092196427,0.9273467691073413,0.0,0.08,0.02,0.35,0.05,0.18,86.27,0.0,0.0,0.0,0.0,0.0,3.75,0.0,4.5,0.0,0.0,0.0,0.0,0.0,0.0,0.0,0.0
4.65,0.4385932429309051,0.4175421600415279,0.3824073402821225,-0.4673696335518309,-0.16422855334932518,3.0,0.05,0.015,2.0,0.0,0.1,79.0,8.0,8.0,0.05,0.01,0.0,0.0,0.0,0.0,0.0,0.0,0.0,0.0,0.0,0.0,0.0,0.0
4.5,0.5466805238943326,-2.2880644374805574,-1.9826237842029357,0.2847771107114823,0.07886218772580142,3.0,0.05,0.015,2.0,0.0,0.1,79.0,8.0,8.0,0.05,0.01,0.0,0.0,0.0,0.0,0.0,0.0,0.0,0.0,0.0,0.0,0.0,0.0
4.65,0.4385932429309051,0.35741756898548155,0.356129216676733,-0.4673696335518309,-0.5772632355411461,7.0,0.1,0.013,0.3,0.05,0.2,89.0,0.0,4.0,0.0,0.0,0.0,0.0,0.0,0.0,0.0,0.0,0.0,0.0,0.0,0.0,0.0,0.0
4.51,-5.181945367167326,-0.9953857297755612,-0.6555785421307642,-1.3189071975927897,0.21381094312129584,6.103,0.052399999999999995,0.011309999999999994,0.27179999999999993,0.03809999999999993,0.14170000000000005,83.80974999999998,0.0,2.35,0.0,0.0,0.0,2.7910000000000004,0.0,3.019,0.74,0.183,0.02510000000000001,0.0,0.0,0.155,0.0,0.0034999999999999996
4.82,-0.3720613642948013,-0.21376604604695867,0.04079173341205854,0.7414376340142083,0.2842175971650775,5.734000000000001,0.049999999999999926,0.013389999999999982,0.3905000000000002,0.048599999999999914,0.16040000000000001,84.90505000000002,0.12,3.386000000000001,0.0,0.0,0.0,1.893,0.0,3.1500000000000004,1.22,0.124,0.0,0.0,0.0,0.003499999999999999,0.0,0.006999999999999999
4.73,0.49263688341261885,-0.27389063710300504,-0.19571137903644728,-0.6016815521702797,0.5928568370897711,6.073000000000002,0.05479999999999996,0.012419999999999988,0.39060000000000017,0.04709999999999993,0.146,83.74374000000002,2.7875,1.9950000000000003,0.0,0.0,0.0,2.5650000000000004,0.0,2.700999999999999,2.06,0.12279999999999999,0.0048,0.0,0.0,0.15799999999999992,0.0,0.006999999999999999
4.6,0.6007241643760464,-0.093516863934866,-2.2716831438622207,0.2267543618683052,0.18265836602829758,6.946500000000002,0.050799999999999956,0.03393500000000004,0.3780000000000004,0.047499999999999945,0.16649999999999993,83.96539999999996,2.42,3.143000000000001,0.0,0.0,0.0,2.100500000000001,0.0,2.9730000000000008,0.21,0.05109999999999998,0.0,0.17,0.0,0.12349999999999996,0.0,0.0
4.76,-1.2908032524839352,-0.3941398192150977,-0.4847707386957322,-0.4673696335518309,0.8745324661301184,5.77,0.04599999999999997,0.012679999999999986,0.23810000000000003,0.04589999999999992,0.13960000000000009,84.01899999999998,0.0,2.2035,0.0,0.0,0.0,3.428000000000001,0.0,2.9189999999999996,2.27,0.2054,0.0,0.0,0.0,0.025,0.0,0.006999999999999999
4.65,0.22241868100405007,0.08685690923327302,0.06706985701744808,0.20418995954041305,0.6428107492565432,6.847500000000002,0.07279999999999996,0.014709999999999977,0.4677,0.049999999999999906,0.14489999999999978,86.84896,1.8875,1.0074999999999998,0.0,0.0,0.0,1.6870000000000007,0.0,1.854999999999999,0.0,0.03990000000000002,0.0,0.0,0.0,0.003499999999999999,0.0,0.0
4.82,0.11433140004062255,0.8384142974338523,0.8291354415737446,0.20418995954041305,-0.025803152052137537,6.5615000000000006,0.06109999999999995,0.014264999999999979,0.24869999999999995,0.04729999999999995,0.16149999999999995,87.58896999999997,1.315,1.3209999999999997,0.0,0.0,0.0,1.2405,0.0,2.272,0.095,0.09089999999999993,0.0,0.0,0.0,0.26,0.0,0.010499999999999999
4.56,-0.047799521404518736,-0.9502922864835264,-0.5373269859065113,0.20418995954041305,-0.28490476241147494,6.364,0.06159999999999996,0.01450499999999998,0.22009999999999988,0.049999999999999906,0.1539000000000001,85.47966999999998,0.0,1.4680000000000002,0.0,0.0,0.0,1.771000000000001,0.0,3.3590000000000013,0.0,0.07739999999999987,0.0,0.0,0.0,0.0,0.0,0.0
4.65,0.4385932429309051,0.6580405242657132,0.6189104527306283,-0.4673696335518309,-0.4091491080569304,7.104500000000004,0.07529999999999992,0.01400499999999998,0.2712000000000001,0.04969999999999991,0.15269999999999992,88.14897000000002,0.83,1.6385000000000003,0.0,0.0,0.0,1.8750000000000002,0.0,1.8429999999999995,0.0,0.03970000000000002,0.0,0.0,0.0,0.025,0.0,0.0
4.36,1.0330732882297564,0.08685690923327302,0.11962610422822714,-0.2516646922505909,-2.033245942906459,6.817000000000003,0.06539999999999994,0.05105499999999998,0.4432000000000001,0.07069999999999997,0.15719999999999992,85.83346999999998,2.825,2.592500000000001,0.0,0.0001,0.0,2.218000000000001,0.0,1.9349999999999992,2.16,0.1188,0.0,0.82,2.08,0.14749999999999996,0.0,0.0034999999999999996
6.45,-1.6691087358559316,-1.0254480253035843,-2.363656576481084,-5.302598703815983,0.7711264302342632,5.645,0.04479999999999997,0.02952500000000001,0.5439000000000002,0.04449999999999992,0.14150000000000004,83.92627,0.15,3.6855,0.0,0.0,0.0,3.9985000000000004,0.0,2.393,2.02,0.1778,0.13850000000000018,0.16,0.0,0.0535,0.0,0.006999999999999999
4.76,-0.3180177238130875,0.9286011840179218,0.9605260596006923,-0.4673696335518309,0.6236434514562561,6.095,0.06069999999999994,0.01399499999999998,0.22649999999999995,0.050199999999999904,0.14610000000000004,87.99091,0.0,1.4435000000000002,0.0,0.0,0.0,2.329,0.0,2.26,0.28,0.12799999999999997,0.0,0.0,0.0,0.175,0.16,0.0245
4.48,0.6007241643760464,-0.42420211474312086,-0.37965824427417405,0.9294743200800365,0.2393368432944177,6.081,0.06729999999999998,0.014964999999999975,0.3797000000000002,0.04749999999999994,0.17899999999999977,88.64316000000002,2.9525,0.2425,0.0,0.0,0.0,0.195,0.0,0.076,0.11,0.002,0.0,0.0,0.0,0.10349999999999997,0.0,0.0
5.25,-2.366271698070039,-1.6717873791560824,-0.38754168135579087,-1.0677439097762884,0.951385945704057,5.581,0.045399999999999975,0.010645,0.4450999999999999,0.03669999999999993,0.14550000000000005,80.13561999999999,0.05,3.8194999999999997,0.0,0.0,0.0,2.8340000000000005,0.0,3.8370000000000006,2.75,0.1407,0.027900000000000015,0.0,0.0,0.1885,0.0,0.010499999999999999
4.43,0.7628550858211877,0.35741756898548155,-0.06169294864896065,-0.17349515561466058,-0.32817985481964934,7.048500000000003,0.0625,0.06387999999999994,0.4520000000000001,0.05409999999999994,0.1433999999999998,87.50377000000005,2.1925,1.9780000000000009,0.0,0.0,0.0,0.135,0.0,1.2889999999999997,0.18,0.01920000000000001,0.0,0.99,2.2,0.0915,0.0,0.0
4.48,-0.047799521404518736,0.06881953191645912,0.14590422783361667,0.25952647001120366,-0.4594689829501817,6.425000000000001,0.05869999999999997,0.014539999999999977,0.27099999999999996,0.0498999999999999,0.14940000000000003,88.03153000000002,0.0,1.4784999999999995,0.0,0.0,0.0,1.0494999999999997,0.0,1.7869999999999993,0.0,0.04800000000000001,0.0,0.0,0.0,0.010499999999999999,0.0,0.0
4.82,0.11433140004062255,0.8985388884898986,0.8816916887845236,0.20418995954041305,-0.0896179024849227,6.496500000000001,0.061799999999999945,0.014314999999999977,0.23569999999999994,0.050199999999999904,0.14250000000000004,87.73606999999998,0.2,1.4765000000000004,0.0,0.0,0.0,1.2514999999999998,0.0,2.3709999999999996,0.155,0.10529999999999996,0.0,0.0,0.0,0.18,0.16,0.013999999999999999
4.82,-0.10184316188623249,1.5599093901064085,1.3809760372869249,-0.06443387769648452,0.36600569200289373,5.898000000000001,0.058399999999999945,0.013029999999999986,0.22849999999999995,0.04929999999999992,0.14410000000000006,88.0335,0.0,1.9405000000000001,0.0,0.0,0.0,2.425,0.0,2.322,1.82,0.17610000000000003,0.0,0.0,0.0,0.0,0.08,0.05599999999999999
4.65,0.006244119077195027,0.8985388884898986,0.6977448235467969,0.20418995954041305,-0.22205066413574506,6.353,0.06399999999999995,0.01411499999999998,0.2346999999999999,0.049999999999999906,0.14840000000000006,86.96286,0.0,1.3829999999999998,0.0,0.0,0.0,1.6560000000000008,0.0,2.9960000000000004,0.0,0.11019999999999998,0.0,0.0,0.0,0.06,0.0,0.010499999999999999
4.65,0.22241868100405007,1.0187880706019914,1.1970291720491981,0.20418995954041305,-0.03678203384701393,6.741500000000001,0.06839999999999996,0.014514999999999976,0.3502,0.050499999999999906,0.1508,86.76630999999999,1.08,1.2989999999999997,0.0,0.0,0.0,1.6299999999999997,0.0,2.218,0.17,0.1164,0.0,0.0,0.0,0.003499999999999999,0.16,0.08749999999999997
4.82,-0.10184316188623249,0.8083520019058291,0.6977448235467969,-0.06443387769648452,0.13974923634659256,6.146,0.05919999999999994,0.013939999999999978,0.2339999999999999,0.049999999999999906,0.14390000000000003,88.04461,0.0,1.3904999999999998,0.0,0.0,0.0,2.22,0.0,2.4,0.24,0.09309999999999997,0.0,0.0,0.0,0.06,0.0,0.010499999999999999
4.51,0.4277845148345622,-0.0033299773507964865,-0.011764513798720531,-0.4673696335518309,-0.005766692776436804,7.058000000000003,0.07499999999999997,0.014784999999999975,0.44020000000000015,0.04979999999999991,0.1607999999999999,87.98486000000004,1.9575,1.337,0.0,0.0,0.0,1.8980000000000004,0.0,1.2599999999999993,0.0,0.03090000000000001,0.0,0.0,0.0,0.0635,0.0,0.0
4.5,0.49263688341261885,0.11691920476129619,0.1721823514390062,0.20418995954041305,-0.15878485779268836,7.037000000000003,0.0759,0.014824999999999975,0.38020000000000004,0.04819999999999993,0.14569999999999972,88.07059000000007,2.1325,0.8094999999999999,0.0,0.0,0.0,0.105,0.0,0.12,0.0,0.003,0.0,0.0,0.0,0.12649999999999995,0.0,0.0
4.43,0.22241868100405007,-0.21376604604695867,-0.19571137903644728,1.1443733898695547,-0.32470320891793175,7.505500000000005,0.04789999999999996,0.0766499999999999,0.42650000000000005,0.04979999999999991,0.1529,83.90909999999997,1.68,3.165500000000001,0.0,0.0,0.0,1.6055,0.0,2.1189999999999993,0.02,0.03060000000000002,0.0,0.97,1.94,0.013999999999999999,0.0,0.0
4.82,0.11433140004062255,-1.7168808224481171,-0.2219895026418368,0.20418995954041305,0.30525130487044433,5.49,0.05019999999999994,0.013189999999999986,0.2419,0.048599999999999914,0.1381000000000001,82.54999999999998,0.4375,2.2,0.0,0.0,0.0,1.9370000000000005,0.0,2.9970000000000003,0.98,0.05069999999999999,0.0,0.0,0.0,0.0,0.0,0.0
4.51,-0.3180177238130875,-1.2509152417637581,-0.9288710276268153,0.17410408976987432,0.0024674685696997704,6.34,0.06289999999999998,0.014469999999999978,0.23419999999999988,0.0498999999999999,0.1527000000000001,85.64782,0.0,1.8255000000000001,0.0,0.0,0.0,1.7120000000000006,0.0,3.0370000000000004,0.0,0.08879999999999992,0.0,0.0,0.0,0.0,0.0,0.0034999999999999996
4.85,-1.07462869055708,-0.12357915946288917,-0.2219895026418368,0.20418995954041305,0.32304624244632507,5.849,0.05359999999999993,0.012774999999999986,0.2519,0.047299999999999925,0.13900000000000012,84.55484999999997,0.0,3.0040000000000004,0.0,0.0,0.0,1.983,0.0,2.979000000000001,1.08,0.1562,0.0,0.0,0.0,0.0,0.0,0.006999999999999999
4.37,0.7628550858211877,-0.0033299773507964865,0.11962610422822714,-0.4136448661044514,-0.8081399706194793,7.032500000000002,0.05899999999999998,0.06032999999999995,0.4485000000000002,0.05359999999999994,0.1538,86.86217,2.5225,1.963,0.0,0.0001,0.0,2.1620000000000004,0.0,1.9789999999999992,0.18,0.0432,0.0,0.99,2.2,0.14649999999999996,0.0,0.0
4.73,-0.047799521404518736,0.8985388884898986,0.802857317968355,0.20418995954041305,-0.48298208812757076,6.068,0.061399999999999934,0.013139999999999983,0.2281999999999999,0.050199999999999904,0.14610000000000004,88.26828000000002,0.0,1.6635000000000002,0.0,0.0,0.0,1.1575,0.0,2.4709999999999996,0.29,0.122,0.0,0.0,0.0,0.14,0.0,0.010499999999999999
4.85,0.7628550858211877,0.7482274108497828,0.5926323291252388,0.20418995954041305,-0.6994490408500845,6.573500000000003,0.06609999999999992,0.01307999999999998,0.2977000000000001,0.052999999999999936,0.14669999999999997,88.10329,1.7325,1.8430000000000004,0.0,0.0,0.0,1.1104999999999998,0.0,2.089,0.62,0.05469999999999997,0.0,0.0,0.0,0.10649999999999998,0.0,0.0034999999999999996
5.996200000000001,-1.9393269382645002,-1.2058217984717232,-0.721273851144238,-3.8694905321571293,0.5996042748595453,5.835999999999999,0.05349999999999995,0.012564999999999988,0.5024,0.03789999999999993,0.14420000000000002,83.62801999999999,0.15,2.5305,0.0,0.0,0.0,2.7820000000000005,0.0,2.9530000000000007,2.49,0.1789,0.1389000000000002,0.0,0.0,0.0535,0.0,0.006999999999999999
4.65,0.8709423667846152,0.7181651153217596,0.802857317968355,-0.4673696335518309,-0.9544793158771525,6.263000000000003,0.07459999999999989,0.013964999999999981,0.29469999999999996,0.07390000000000001,0.17419999999999988,87.12652,3.19,1.6800000000000004,0.0,0.0,0.0,2.1545,0.0,1.8599999999999997,1.16,0.1242,0.0,0.0,0.0,0.184,0.0,0.010499999999999999
4.5,-0.15588680236794625,-1.6717873791560824,-1.2993925704628078,0.06987804092196427,0.07007908228987787,6.332999999999999,0.059899999999999974,0.014454999999999978,0.23369999999999982,0.0498999999999999,0.1505000000000001,84.92784000000002,0.0,1.5895000000000004,0.0,0.0,0.0,2.0010000000000012,0.0,2.909,0.0,0.09489999999999994,0.0,0.0,0.0,0.0,0.0,0.0034999999999999996
4.5,0.49263688341261885,0.08685690923327302,0.14590422783361667,0.20418995954041305,-0.06153026322631034,7.043500000000003,0.07479999999999999,0.014824999999999975,0.39419999999999994,0.04819999999999993,0.14569999999999975,88.15733000000004,2.195,0.7894999999999999,0.0,0.0,0.0,0.105,0.0,0.04,0.0,0.003,0.0,0.0,0.0,0.12349999999999993,0.0,0.0
4.48,0.5358717957979897,-0.42420211474312086,-0.30082387345800543,0.8757495526326571,0.2009107570123089,6.107,0.06729999999999998,0.014964999999999975,0.3662000000000002,0.04749999999999994,0.17899999999999977,88.60001000000003,2.8975,0.2425,0.0,0.0,0.0,0.195,0.0,0.11599999999999999,0.11,0.002,0.0,0.0,0.0,0.11049999999999996,0.0,0.0
4.7,-0.3180177238130875,1.3795356169382693,1.1707510484438086,0.20418995954041305,-0.17941600649894085,6.318,0.06059999999999993,0.014089999999999978,0.21849999999999994,0.050199999999999904,0.15170000000000006,88.11611,0.0,1.4109999999999996,0.0,0.0,0.0,1.2425000000000002,0.0,2.4779999999999998,0.03,0.15110000000000004,0.0,0.0,0.0,0.0,0.08,0.05599999999999999
4.65,0.8709423667846152,0.2071060913453657,0.14590422783361667,-0.4673696335518309,-0.9408929496559867,6.836000000000002,0.08289999999999989,0.013489999999999981,0.3627000000000001,0.07419999999999996,0.16099999999999987,87.07528999999998,2.18,1.8085000000000002,0.0,0.0,0.0,2.3000000000000007,0.0,1.9919999999999995,1.27,0.1085,0.0,0.0,0.0,0.13049999999999998,0.0,0.006999999999999999
4.82,-0.3720613642948013,-0.12357915946288917,-0.0643207610094996,0.7414376340142083,0.3261111802807353,5.734000000000001,0.05059999999999992,0.013264999999999985,0.3970000000000002,0.048599999999999914,0.16060000000000002,84.56339999999999,0.12,3.421500000000001,0.0,0.0,0.0,1.8910000000000002,0.0,3.1180000000000008,1.2,0.1234,0.0,0.0,0.0,0.003499999999999999,0.0,0.006999999999999999
4.85,-0.64227956670337,0.4175421600415279,0.3298510930713434,0.20418995954041305,-0.25199098969722816,6.12,0.05909999999999994,0.013864999999999978,0.23299999999999998,0.04969999999999991,0.14550000000000005,88.13848000000002,0.0,2.6875,0.0,0.0,0.0,1.3085,0.0,2.3459999999999996,0.705,0.09889999999999997,0.0,0.0,0.0,0.0,0.0,0.006999999999999999
