"Aluminum, Al","Silicon, Si","Magnesium, Mg","Zinc, Zn","Lithium, Li","Titanium, Ti","Nickel, Ni","Copper, Cu","Iron, Fe","Manganese, Mn",Young's Modulus
75,0,0,0,0,0,0,0,0,25,3.5776595073320596
75,0,0,0,0,0,0,0,5,20,4.048801129813113
75,0,0,0,0,0,0,0,10,15,4.048801129813113
75,0,0,0,0,0,0,0,15,10,4.048801129813113
75,0,0,0,0,0,0,0,20,5,4.048801129813113
75,0,0,0,0,0,0,0,25,0,3.9906232173092815
75,0,0,0,0,0,0,5,0,20,3.517614641967347
75,0,0,0,0,0,0,5,5,15,3.9740272306074083
75,0,0,0,0,0,0,5,10,10,3.9740272306074083
75,0,0,0,0,0,0,5,15,5,3.9740272306074083
75,0,0,0,0,0,0,5,20,0,3.9156824032227235
75,0,0,0,0,0,0,10,0,15,3.5261664082822994
75,0,0,0,0,0,0,10,5,10,3.971652731818496
75,0,0,0,0,0,0,10,10,5,3.971652731818496
75,0,0,0,0,0,0,10,15,0,3.913307904433813
75,0,0,0,0,0,0,15,0,10,3.5261664082822994
75,0,0,0,0,0,0,15,5,5,3.971652731818496
75,0,0,0,0,0,0,15,10,0,3.913307904433813
75,0,0,0,0,0,0,20,0,5,3.5261664082822994
75,0,0,0,0,0,0,20,5,0,3.913307904433813
75,0,0,0,0,0,0,25,0,0,3.459002013967372
75,0,0,0,0,0,5,0,0,20,3.8113066174860784
75,0,0,0,0,0,5,0,5,15,4.304455499419249
75,0,0,0,0,0,5,0,10,10,4.304455499419249
75,0,0,0,0,0,5,0,15,5,4.304455499419249
75,0,0,0,0,0,5,0,20,0,4.261881436099696
75,0,0,0,0,0,5,5,0,15,3.729552048908463
75,0,0,0,0,0,5,5,5,10,4.208084968371541
75,0,0,0,0,0,5,5,10,5,4.208084968371541
75,0,0,0,0,0,5,5,15,0,4.166022418396534
75,0,0,0,0,0,5,10,0,10,3.7381038152234147
75,0,0,0,0,0,5,10,5,5,4.205710469582629
75,0,0,0,0,0,5,10,10,0,4.163647919607623
75,0,0,0,0,0,5,15,0,5,3.7381038152234147
75,0,0,0,0,0,5,15,5,0,4.163647919607623
75,0,0,0,0,0,5,20,0,0,3.687221698318166
75,0,0,0,0,0,10,0,0,15,3.8113066174860784
75,0,0,0,0,0,10,0,5,10,4.304455499419249
75,0,0,0,0,0,10,0,10,5,4.304455499419249
75,0,0,0,0,0,10,0,15,0,4.261881436099696
75,0,0,0,0,0,10,5,0,10,3.729552048908463
75,0,0,0,0,0,10,5,5,5,4.208084968371541
75,0,0,0,0,0,10,5,10,0,4.166022418396534
75,0,0,0,0,0,10,10,0,5,3.7381038152234147
75,0,0,0,0,0,10,10,5,0,4.163647919607623
75,0,0,0,0,0,10,15,0,0,3.687221698318166
75,0,0,0,0,0,15,0,0,10,3.8113066174860784
75,0,0,0,0,0,15,0,5,5,4.304455499419249
75,0,0,0,0,0,15,0,10,0,4.261881436099696
75,0,0,0,0,0,15,5,0,5,3.729552048908463
75,0,0,0,0,0,15,5,5,0,4.166022418396534
75,0,0,0,0,0,15,10,0,0,3.687221698318166
75,0,0,0,0,0,20,0,0,5,3.8113066174860784
75,0,0,0,0,0,20,0,5,0,4.261881436099696
75,0,0,0,0,0,20,5,0,0,3.6786699320032143
75,0,0,0,0,0,25,0,0,0,3.7596706914414937
75,0,0,0,0,5,0,0,0,20,3.567750884566302
75,0,0,0,0,5,0,0,5,15,4.035500365920338
75,0,0,0,0,5,0,0,10,10,4.035500365920338
75,0,0,0,0,5,0,0,15,5,4.035500365920338
75,0,0,0,0,5,0,0,20,0,3.977322453416507
75,0,0,0,0,5,0,5,0,15,3.526559182518059
75,0,0,0,0,5,0,5,5,10,3.9810078999793217
75,0,0,0,0,5,0,5,10,5,3.9810078999793217
75,0,0,0,0,5,0,5,15,0,3.9274120701724597
75,0,0,0,0,5,0,10,0,10,3.535110948833012
75,0,0,0,0,5,0,10,5,5,3.97863340119041
75,0,0,0,0,5,0,10,10,0,3.925037571383549
75,0,0,0,0,5,0,15,0,5,3.535110948833012
75,0,0,0,0,5,0,15,5,0,3.925037571383549
75,0,0,0,0,5,0,20,0,0,3.4726955520959084
75,0,0,0,0,5,5,0,0,15,3.7963097830297965
75,0,0,0,0,5,5,0,5,10,4.283805096417941
75,0,0,0,0,5,5,0,10,5,4.283805096417941
75,0,0,0,0,5,5,0,15,0,4.2412310330983845
75,0,0,0,0,5,5,5,0,10,3.73340837776865
75,0,0,0,0,5,5,5,5,5,4.207602927264017
75,0,0,0,0,5,5,5,10,0,4.170289374866834
75,0,0,0,0,5,5,10,0,5,3.7419601440836017
75,0,0,0,0,5,5,10,5,0,4.167914876077923
75,0,0,0,0,5,5,15,0,0,3.6958270247561757
75,0,0,0,0,5,10,0,0,10,3.7963097830297965
75,0,0,0,0,5,10,0,5,5,4.283805096417941
75,0,0,0,0,5,10,0,10,0,4.2412310330983845
75,0,0,0,0,5,10,5,0,5,3.73340837776865
75,0,0,0,0,5,10,5,5,0,4.170289374866834
75,0,0,0,0,5,10,10,0,0,3.6958270247561757
75,0,0,0,0,5,15,0,0,5,3.7963097830297965
75,0,0,0,0,5,15,0,5,0,4.2412310330983845
75,0,0,0,0,5,15,5,0,0,3.687275258441224
75,0,0,0,0,5,20,0,0,0,3.7446738569852105
75,0,0,0,0,10,0,0,0,15,3.567750884566302
75,0,0,0,0,10,0,0,5,10,4.035500365920338
75,0,0,0,0,10,0,0,10,5,4.035500365920338
75,0,0,0,0,10,0,0,15,0,3.977322453416507
75,0,0,0,0,10,0,5,0,10,3.526559182518059
75,0,0,0,0,10,0,5,5,5,3.9810078999793217
75,0,0,0,0,10,0,5,10,0,3.9274120701724597
75,0,0,0,0,10,0,10,0,5,3.535110948833012
75,0,0,0,0,10,0,10,5,0,3.925037571383549
75,0,0,0,0,10,0,15,0,0,3.4726955520959084
75,0,0,0,0,10,5,0,0,10,3.7963097830297965
75,0,0,0,0,10,5,0,5,5,4.283805096417941
75,0,0,0,0,10,5,0,10,0,4.2412310330983845
75,0,0,0,0,10,5,5,0,5,3.73340837776865
75,0,0,0,0,10,5,5,5,0,4.170289374866834
75,0,0,0,0,10,5,10,0,0,3.6958270247561757
75,0,0,0,0,10,10,0,0,5,3.7963097830297965
75,0,0,0,0,10,10,0,5,0,4.2412310330983845
75,0,0,0,0,10,10,5,0,0,3.687275258441224
75,0,0,0,0,10,15,0,0,0,3.7446738569852105
75,0,0,0,0,15,0,0,0,10,3.567750884566302
75,0,0,0,0,15,0,0,5,5,4.035500365920338
75,0,0,0,0,15,0,0,10,0,3.977322453416507
75,0,0,0,0,15,0,5,0,5,3.526559182518059
75,0,0,0,0,15,0,5,5,0,3.9274120701724597
75,0,0,0,0,15,0,10,0,0,3.4726955520959084
75,0,0,0,0,15,5,0,0,5,3.7963097830297965
75,0,0,0,0,15,5,0,5,0,4.2412310330983845
75,0,0,0,0,15,5,5,0,0,3.687275258441224
75,0,0,0,0,15,10,0,0,0,3.7446738569852105
75,0,0,0,0,20,0,0,0,5,3.567750884566302
75,0,0,0,0,20,0,0,5,0,3.977322453416507
75,0,0,0,0,20,0,5,0,0,3.464143785780956
75,0,0,0,0,20,5,0,0,0,3.7446738569852105
75,0,0,0,0,25,0,0,0,0,3.500511109337441
75,0,0,0,5,0,0,0,0,20,3.6055849124185704
75,0,0,0,5,0,0,0,5,15,4.0635953780632
75,0,0,0,5,0,0,0,10,10,4.0635953780632
75,0,0,0,5,0,0,0,15,5,4.0635953780632
75,0,0,0,5,0,0,0,20,0,4.010203076723959
75,0,0,0,5,0,0,5,0,15,3.5517212819964215
75,0,0,0,5,0,0,5,5,10,3.9950027138000577
75,0,0,0,5,0,0,5,10,5,3.9950027138000577
75,0,0,0,5,0,0,5,15,0,3.9388966995592045
75,0,0,0,5,0,0,10,0,10,3.5517212819964215
75,0,0,0,5,0,0,10,5,5,3.9950027138000577
75,0,0,0,5,0,0,10,10,0,3.9388966995592045
75,0,0,0,5,0,0,15,0,5,3.5517212819964215
75,0,0,0,5,0,0,15,5,0,3.9388966995592045
75,0,0,0,5,0,0,20,0,0,3.4867957008253243
75,0,0,0,5,0,5,0,0,15,3.847783788887542
75,0,0,0,5,0,5,0,5,10,4.319249747669337
75,0,0,0,5,0,5,0,10,5,4.319249747669337
75,0,0,0,5,0,5,0,15,0,4.281461295514372
75,0,0,0,5,0,5,5,0,10,3.7722104552524875
75,0,0,0,5,0,5,5,5,5,4.229060451564191
75,0,0,0,5,0,5,5,10,0,4.189236714733015
75,0,0,0,5,0,5,10,0,5,3.7722104552524875
75,0,0,0,5,0,5,10,5,0,4.189236714733015
75,0,0,0,5,0,5,15,0,0,3.7235671514910713
75,0,0,0,5,0,10,0,0,10,3.847783788887542
75,0,0,0,5,0,10,0,5,5,4.319249747669337
75,0,0,0,5,0,10,0,10,0,4.281461295514372
75,0,0,0,5,0,10,5,0,5,3.7722104552524875
75,0,0,0,5,0,10,5,5,0,4.189236714733015
75,0,0,0,5,0,10,10,0,0,3.7235671514910713
75,0,0,0,5,0,15,0,0,5,3.847783788887542
75,0,0,0,5,0,15,0,5,0,4.281461295514372
75,0,0,0,5,0,15,5,0,0,3.7235671514910713
75,0,0,0,5,0,20,0,0,0,3.801175769802335
75,0,0,0,5,5,0,0,0,15,3.5980507884417237
75,0,0,0,5,5,0,0,5,10,4.050294614170425
75,0,0,0,5,5,0,0,10,5,4.050294614170425
75,0,0,0,5,5,0,0,15,0,3.9969023128311836
75,0,0,0,5,5,0,5,0,10,3.563040321336045
75,0,0,0,5,5,0,5,5,5,4.0019833831719716
75,0,0,0,5,5,0,5,10,0,3.9506263665089407
75,0,0,0,5,5,0,10,0,5,3.563040321336045
75,0,0,0,5,5,0,10,5,0,3.9506263665089407
75,0,0,0,5,5,0,15,0,0,3.502863737742772
75,0,0,0,5,5,5,0,0,10,3.8327869544312603
75,0,0,0,5,5,5,0,5,5,4.298599344668028
75,0,0,0,5,5,5,0,10,0,4.260810892513061
75,0,0,0,5,5,5,5,0,5,3.776066784112677
75,0,0,0,5,5,5,5,5,0,4.193503671203315
75,0,0,0,5,5,5,10,0,0,3.732172477929081
75,0,0,0,5,5,10,0,0,5,3.8327869544312603
75,0,0,0,5,5,10,0,5,0,4.260810892513061
75,0,0,0,5,5,10,5,0,0,3.732172477929081
75,0,0,0,5,5,15,0,0,0,3.7861789353460518
75,0,0,0,5,10,0,0,0,10,3.5980507884417237
75,0,0,0,5,10,0,0,5,5,4.050294614170425
75,0,0,0,5,10,0,0,10,0,3.9969023128311836
75,0,0,0,5,10,0,5,0,5,3.563040321336045
75,0,0,0,5,10,0,5,5,0,3.9506263665089407
75,0,0,0,5,10,0,10,0,0,3.502863737742772
75,0,0,0,5,10,5,0,0,5,3.8327869544312603
75,0,0,0,5,10,5,0,5,0,4.260810892513061
75,0,0,0,5,10,5,5,0,0,3.732172477929081
75,0,0,0,5,10,10,0,0,0,3.7861789353460518
75,0,0,0,5,15,0,0,0,5,3.5980507884417237
75,0,0,0,5,15,0,0,5,0,3.9969023128311836
75,0,0,0,5,15,0,5,0,0,3.502863737742772
75,0,0,0,5,15,5,0,0,0,3.7861789353460518
75,0,0,0,5,20,0,0,0,0,3.53583892017224
75,0,0,0,10,0,0,0,0,15,3.6055849124185704
75,0,0,0,10,0,0,0,5,10,4.0635953780632
75,0,0,0,10,0,0,0,10,5,4.0635953780632
75,0,0,0,10,0,0,0,15,0,4.010203076723959
75,0,0,0,10,0,0,5,0,10,3.5517212819964215
75,0,0,0,10,0,0,5,5,5,3.9950027138000577
75,0,0,0,10,0,0,5,10,0,3.9388966995592045
75,0,0,0,10,0,0,10,0,5,3.5517212819964215
75,0,0,0,10,0,0,10,5,0,3.9388966995592045
75,0,0,0,10,0,0,15,0,0,3.4867957008253243
75,0,0,0,10,0,5,0,0,10,3.847783788887542
75,0,0,0,10,0,5,0,5,5,4.319249747669337
75,0,0,0,10,0,5,0,10,0,4.281461295514372
75,0,0,0,10,0,5,5,0,5,3.7722104552524875
75,0,0,0,10,0,5,5,5,0,4.189236714733015
75,0,0,0,10,0,5,10,0,0,3.7235671514910713
75,0,0,0,10,0,10,0,0,5,3.847783788887542
75,0,0,0,10,0,10,0,5,0,4.281461295514372
75,0,0,0,10,0,10,5,0,0,3.7235671514910713
75,0,0,0,10,0,15,0,0,0,3.801175769802335
75,0,0,0,10,5,0,0,0,10,3.5980507884417237
75,0,0,0,10,5,0,0,5,5,4.050294614170425
75,0,0,0,10,5,0,0,10,0,3.9969023128311836
75,0,0,0,10,5,0,5,0,5,3.563040321336045
75,0,0,0,10,5,0,5,5,0,3.9506263665089407
75,0,0,0,10,5,0,10,0,0,3.502863737742772
75,0,0,0,10,5,5,0,0,5,3.8327869544312603
75,0,0,0,10,5,5,0,5,0,4.260810892513061
75,0,0,0,10,5,5,5,0,0,3.732172477929081
75,0,0,0,10,5,10,0,0,0,3.7861789353460518
75,0,0,0,10,10,0,0,0,5,3.5980507884417237
75,0,0,0,10,10,0,0,5,0,3.9969023128311836
75,0,0,0,10,10,0,5,0,0,3.502863737742772
75,0,0,0,10,10,5,0,0,0,3.7861789353460518
75,0,0,0,10,15,0,0,0,0,3.53583892017224
75,0,0,0,15,0,0,0,0,10,3.6055849124185704
75,0,0,0,15,0,0,0,5,5,4.0635953780632
75,0,0,0,15,0,0,0,10,0,4.010203076723959
75,0,0,0,15,0,0,5,0,5,3.5517212819964215
75,0,0,0,15,0,0,5,5,0,3.9388966995592045
75,0,0,0,15,0,0,10,0,0,3.4867957008253243
75,0,0,0,15,0,5,0,0,5,3.847783788887542
75,0,0,0,15,0,5,0,5,0,4.281461295514372
75,0,0,0,15,0,5,5,0,0,3.7235671514910713
75,0,0,0,15,0,10,0,0,0,3.801175769802335
75,0,0,0,15,5,0,0,0,5,3.5980507884417237
75,0,0,0,15,5,0,0,5,0,3.9969023128311836
75,0,0,0,15,5,0,5,0,0,3.502863737742772
75,0,0,0,15,5,5,0,0,0,3.7861789353460518
75,0,0,0,15,10,0,0,0,0,3.53583892017224
75,0,0,0,20,0,0,0,0,5,3.6055849124185704
75,0,0,0,20,0,0,0,5,0,4.010203076723959
75,0,0,0,20,0,0,5,0,0,3.4867957008253243
75,0,0,0,20,0,5,0,0,0,3.801175769802335
75,0,0,0,20,5,0,0,0,0,3.53583892017224
75,0,0,0,25,0,0,0,0,0,3.5433730441490865
75,0,0,5,0,0,0,0,0,20,3.350578471523315
75,0,0,5,0,0,0,0,5,15,3.816801489370196
75,0,0,5,0,0,0,0,10,10,3.816801489370196
75,0,0,5,0,0,0,0,15,5,3.816801489370196
75,0,0,5,0,0,0,0,20,0,3.7564213773093003
75,0,0,5,0,0,0,5,0,15,3.3262978824036207
75,0,0,5,0,0,0,5,5,10,3.7767742240714033
75,0,0,5,0,0,0,5,10,5,3.7767742240714033
75,0,0,5,0,0,0,5,15,0,3.713680399108896
75,0,0,5,0,0,0,10,0,10,3.3314575075915567
75,0,0,5,0,0,0,10,5,5,3.7743997252824926
75,0,0,5,0,0,0,10,10,0,3.7113059003199838
75,0,0,5,0,0,0,15,0,5,3.3314575075915567
75,0,0,5,0,0,0,15,5,0,3.7113059003199838
75,0,0,5,0,0,0,20,0,0,3.2595441156988056
75,0,0,5,0,0,5,0,0,15,3.5983609908211
75,0,0,5,0,0,5,0,5,10,4.078831001401449
75,0,0,5,0,0,5,0,10,5,4.078831001401449
75,0,0,5,0,0,5,0,15,0,4.034054738524828
75,0,0,5,0,0,5,5,0,10,3.551692270263096
75,0,0,5,0,0,5,5,5,5,4.016415604664348
75,0,0,5,0,0,5,5,10,0,3.969604057111518
75,0,0,5,0,0,5,10,0,5,3.556851895451032
75,0,0,5,0,0,5,10,5,0,3.967229558322607
75,0,0,5,0,0,5,15,0,0,3.5012207809679605
75,0,0,5,0,0,10,0,0,10,3.5983609908211
75,0,0,5,0,0,10,0,5,5,4.078831001401449
75,0,0,5,0,0,10,0,10,0,4.034054738524828
75,0,0,5,0,0,10,5,0,5,3.551692270263096
75,0,0,5,0,0,10,5,5,0,3.969604057111518
75,0,0,5,0,0,10,10,0,0,3.5012207809679605
75,0,0,5,0,0,15,0,0,5,3.5983609908211
75,0,0,5,0,0,15,0,5,0,4.034054738524828
75,0,0,5,0,0,15,5,0,0,3.4960611557800245
75,0,0,5,0,0,20,0,0,0,3.5423906622253263
75,0,0,5,0,5,0,0,0,15,3.3698422624498985
75,0,0,5,0,5,0,0,5,10,3.8286025698173423
75,0,0,5,0,5,0,0,10,5,3.8286025698173423
75,0,0,5,0,5,0,0,15,0,3.768222457756449
75,0,0,5,0,5,0,5,0,10,3.3467042892887777
75,0,0,5,0,5,0,5,5,5,3.7904677621999383
75,0,0,5,0,5,0,5,10,0,3.726695509012028
75,0,0,5,0,5,0,10,0,5,3.351863914476713
75,0,0,5,0,5,0,10,5,0,3.724321010223116
75,0,0,5,0,5,0,15,0,0,3.2792720943585607
75,0,0,5,0,5,5,0,0,10,3.609483643042844
75,0,0,5,0,5,5,0,5,5,4.082490943143756
75,0,0,5,0,5,5,0,10,0,4.037714680267138
75,0,0,5,0,5,5,5,0,5,3.5639575384434137
75,0,0,5,0,5,5,5,5,0,3.97447802830981
75,0,0,5,0,5,5,10,0,0,3.5128076209228745
75,0,0,5,0,5,10,0,0,5,3.609483643042844
75,0,0,5,0,5,10,0,5,0,4.037714680267138
75,0,0,5,0,5,10,5,0,0,3.5076479957349385
75,0,0,5,0,5,15,0,0,0,3.5558878132359824
75,0,0,5,0,10,0,0,0,10,3.3698422624498985
75,0,0,5,0,10,0,0,5,5,3.8286025698173423
75,0,0,5,0,10,0,0,10,0,3.768222457756449
75,0,0,5,0,10,0,5,0,5,3.3467042892887777
75,0,0,5,0,10,0,5,5,0,3.726695509012028
75,0,0,5,0,10,0,10,0,0,3.2792720943585607
75,0,0,5,0,10,5,0,0,5,3.609483643042844
75,0,0,5,0,10,5,0,5,0,4.037714680267138
75,0,0,5,0,10,5,5,0,0,3.5076479957349385
75,0,0,5,0,10,10,0,0,0,3.5558878132359824
75,0,0,5,0,15,0,0,0,5,3.3698422624498985
75,0,0,5,0,15,0,0,5,0,3.768222457756449
75,0,0,5,0,15,0,5,0,0,3.274112469170625
75,0,0,5,0,15,5,0,0,0,3.5558878132359824
75,0,0,5,0,20,0,0,0,0,3.300642583458763
75,0,0,5,5,0,0,0,0,15,3.378240043411058
75,0,0,5,5,0,0,0,5,10,3.8359112949429868
75,0,0,5,5,0,0,0,10,5,3.8359112949429868
75,0,0,5,5,0,0,0,15,0,3.7811621371529385
75,0,0,5,5,0,0,5,0,10,3.3529418119532584
75,0,0,5,5,0,0,5,5,5,3.7958840296441947
75,0,0,5,5,0,0,5,10,0,3.738421158952534
75,0,0,5,5,0,0,10,0,5,3.3529418119532584
75,0,0,5,5,0,0,10,5,0,3.738421158952534
75,0,0,5,5,0,0,15,0,0,3.286659374331356
75,0,0,5,5,0,5,0,0,10,3.6192382804548093
75,0,0,5,5,0,5,0,5,5,4.091156524720207
75,0,0,5,5,0,5,0,10,0,4.052011216114433
75,0,0,5,5,0,5,5,0,5,3.571551917558702
75,0,0,5,5,0,5,5,5,0,3.987560534701124
75,0,0,5,5,0,5,10,0,0,3.5215517573464776
75,0,0,5,5,0,10,0,0,5,3.6192382804548093
75,0,0,5,5,0,10,0,5,0,4.052011216114433
75,0,0,5,5,0,10,5,0,0,3.5215517573464776
75,0,0,5,5,0,15,0,0,0,3.571273404918795
75,0,0,5,5,5,0,0,0,10,3.397503834337641
75,0,0,5,5,5,0,0,5,5,3.847712375390133
75,0,0,5,5,5,0,0,10,0,3.792963217600086
75,0,0,5,5,5,0,5,0,5,3.3733482188384154
75,0,0,5,5,5,0,5,5,0,3.751436268855666
75,0,0,5,5,5,0,10,0,0,3.3063873529911096
75,0,0,5,5,5,5,0,0,5,3.630360932676554
75,0,0,5,5,5,5,0,5,0,4.055671157856743
75,0,0,5,5,5,5,5,0,0,3.5331385973013916
75,0,0,5,5,5,10,0,0,0,3.5823960571405395
75,0,0,5,5,10,0,0,0,5,3.397503834337641
75,0,0,5,5,10,0,0,5,0,3.792963217600086
75,0,0,5,5,10,0,5,0,0,3.3063873529911096
75,0,0,5,5,10,5,0,0,0,3.5823960571405395
75,0,0,5,5,15,0,0,0,0,3.3339351096173515
75,0,0,5,10,0,0,0,0,10,3.378240043411058
75,0,0,5,10,0,0,0,5,5,3.8359112949429868
75,0,0,5,10,0,0,0,10,0,3.7811621371529385
75,0,0,5,10,0,0,5,0,5,3.3529418119532584
75,0,0,5,10,0,0,5,5,0,3.738421158952534
75,0,0,5,10,0,0,10,0,0,3.286659374331356
75,0,0,5,10,0,5,0,0,5,3.6192382804548093
75,0,0,5,10,0,5,0,5,0,4.052011216114433
75,0,0,5,10,0,5,5,0,0,3.5215517573464776
75,0,0,5,10,0,10,0,0,0,3.571273404918795
75,0,0,5,10,5,0,0,0,5,3.397503834337641
75,0,0,5,10,5,0,0,5,0,3.792963217600086
75,0,0,5,10,5,0,5,0,0,3.3063873529911096
75,0,0,5,10,5,5,0,0,0,3.5823960571405395
75,0,0,5,10,10,0,0,0,0,3.3339351096173515
75,0,0,5,15,0,0,0,0,5,3.378240043411058
75,0,0,5,15,0,0,0,5,0,3.7811621371529385
75,0,0,5,15,0,0,5,0,0,3.286659374331356
75,0,0,5,15,0,5,0,0,0,3.571273404918795
75,0,0,5,15,5,0,0,0,0,3.3339351096173515
75,0,0,5,20,0,0,0,0,0,3.3146713186907686
75,0,0,10,0,0,0,0,0,15,3.3467757027861866
75,0,0,10,0,0,0,0,5,10,3.805875224266332
75,0,0,10,0,0,0,0,10,5,3.805875224266332
75,0,0,10,0,0,0,0,15,0,3.7454951122054365
75,0,0,10,0,0,0,5,0,10,3.3214774713283868
75,0,0,10,0,0,0,5,5,5,3.7658479589675395
75,0,0,10,0,0,0,5,10,0,3.702754134005032
75,0,0,10,0,0,0,10,0,5,3.3300292376433385
75,0,0,10,0,0,0,10,5,0,3.7113059003199838
75,0,0,10,0,0,0,15,0,0,3.2581158457505874
75,0,0,10,0,0,5,0,0,10,3.594558222083971
75,0,0,10,0,0,5,0,5,5,4.067904736297585
75,0,0,10,0,0,5,0,10,0,4.0231284734209645
75,0,0,10,0,0,5,5,0,5,3.5468718591878634
75,0,0,10,0,0,5,5,5,0,3.9586777920076552
75,0,0,10,0,0,5,10,0,0,3.499792511019743
75,0,0,10,0,0,10,0,0,5,3.594558222083971
75,0,0,10,0,0,10,0,5,0,4.0231284734209645
75,0,0,10,0,0,10,5,0,0,3.4912407447047906
75,0,0,10,0,0,15,0,0,0,3.5409623922771094
75,0,0,10,0,5,0,0,0,10,3.3674677636609873
75,0,0,10,0,5,0,0,5,5,3.8176763047134794
75,0,0,10,0,5,0,0,10,0,3.757296192652585
75,0,0,10,0,5,0,5,0,5,3.343312148161761
75,0,0,10,0,5,0,5,5,0,3.715769243908164
75,0,0,10,0,5,0,10,0,0,3.2792720943585607
75,0,0,10,0,5,5,0,0,5,3.607109144253932
75,0,0,10,0,5,5,0,5,0,4.026788415163274
75,0,0,10,0,5,5,5,0,0,3.5042558546079228
75,0,0,10,0,5,10,0,0,0,3.5535133144470707
75,0,0,10,0,10,0,0,0,5,3.3674677636609873
75,0,0,10,0,10,0,0,5,0,3.757296192652585
75,0,0,10,0,10,0,5,0,0,3.2707203280436077
75,0,0,10,0,10,5,0,0,0,3.5535133144470707
75,0,0,10,0,15,0,0,0,0,3.298268084669851
75,0,0,10,5,0,0,0,0,10,3.37681177346284
75,0,0,10,5,0,0,0,5,5,3.8359112949429868
75,0,0,10,5,0,0,0,10,0,3.7811621371529385
75,0,0,10,5,0,0,5,0,5,3.3515135420050406
75,0,0,10,5,0,0,5,5,0,3.738421158952534
75,0,0,10,5,0,0,10,0,0,3.2852311043831377
75,0,0,10,5,0,5,0,0,5,3.6178100105065925
75,0,0,10,5,0,5,0,5,0,4.052011216114433
75,0,0,10,5,0,5,5,0,0,3.5201234873982603
75,0,0,10,5,0,10,0,0,0,3.569845134970578
75,0,0,10,5,5,0,0,0,5,3.397503834337641
75,0,0,10,5,5,0,0,5,0,3.792963217600086
75,0,0,10,5,5,0,5,0,0,3.3063873529911096
75,0,0,10,5,5,5,0,0,0,3.5823960571405395
75,0,0,10,5,10,0,0,0,0,3.3339351096173515
75,0,0,10,10,0,0,0,0,5,3.37681177346284
75,0,0,10,10,0,0,0,5,0,3.7811621371529385
75,0,0,10,10,0,0,5,0,0,3.2852311043831377
75,0,0,10,10,0,5,0,0,0,3.569845134970578
75,0,0,10,10,5,0,0,0,0,3.3339351096173515
75,0,0,10,15,0,0,0,0,0,3.313243048742551
75,0,0,15,0,0,0,0,0,10,3.3467757027861866
75,0,0,15,0,0,0,0,5,5,3.805875224266332
75,0,0,15,0,0,0,0,10,0,3.7454951122054365
75,0,0,15,0,0,0,5,0,5,3.3214774713283868
75,0,0,15,0,0,0,5,5,0,3.702754134005032
75,0,0,15,0,0,0,10,0,0,3.2581158457505874
75,0,0,15,0,0,5,0,0,5,3.594558222083971
75,0,0,15,0,0,5,0,5,0,4.0231284734209645
75,0,0,15,0,0,5,5,0,0,3.4912407447047906
75,0,0,15,0,0,10,0,0,0,3.5409623922771094
75,0,0,15,0,5,0,0,0,5,3.3674677636609873
75,0,0,15,0,5,0,0,5,0,3.757296192652585
75,0,0,15,0,5,0,5,0,0,3.2707203280436077
75,0,0,15,0,5,5,0,0,0,3.5535133144470707
75,0,0,15,0,10,0,0,0,0,3.298268084669851
75,0,0,15,5,0,0,0,0,5,3.37681177346284
75,0,0,15,5,0,0,0,5,0,3.7811621371529385
75,0,0,15,5,0,0,5,0,0,3.2852311043831377
75,0,0,15,5,0,5,0,0,0,3.569845134970578
75,0,0,15,5,5,0,0,0,0,3.3339351096173515
75,0,0,15,10,0,0,0,0,0,3.313243048742551
75,0,0,20,0,0,0,0,0,5,3.3467757027861866
75,0,0,20,0,0,0,0,5,0,3.7454951122054365
75,0,0,20,0,0,0,5,0,0,3.2495640794356357
75,0,0,20,0,0,5,0,0,0,3.5409623922771094
75,0,0,20,0,5,0,0,0,0,3.298268084669851
75,0,0,20,5,0,0,0,0,0,3.313243048742551
75,0,0,25,0,0,0,0,0,0,3.277576023795049
75,0,5,0,0,0,0,0,0,20,3.2994428367022604
75,0,5,0,0,0,0,0,5,15,3.7995610808702533
75,0,5,0,0,0,0,0,10,10,3.7995610808702533
75,0,5,0,0,0,0,0,15,5,3.7995610808702533
75,0,5,0,0,0,0,0,20,0,3.7275137886698575
75,0,5,0,0,0,0,5,0,15,3.2589930415437864
75,0,5,0,0,0,0,5,5,10,3.747845806495215
75,0,5,0,0,0,0,5,10,5,3.747845806495215
75,0,5,0,0,0,0,5,15,0,3.666978947364577
75,0,5,0,0,0,0,10,0,10,3.267544807858739
75,0,5,0,0,0,0,10,5,5,3.745471307706303
75,0,5,0,0,0,0,10,10,0,3.664604448575665
75,0,5,0,0,0,0,15,0,5,3.267544807858739
75,0,5,0,0,0,0,15,5,0,3.664604448575665
75,0,5,0,0,0,0,20,0,0,3.1783002528130884
75,0,5,0,0,0,5,0,0,15,3.540284856720425
75,0,5,0,0,0,5,0,5,10,4.05532852184729
75,0,5,0,0,0,5,0,10,5,4.05532852184729
75,0,5,0,0,0,5,0,15,0,3.9982066506057663
75,0,5,0,0,0,5,5,0,10,3.478125358349047
75,0,5,0,0,0,5,5,5,5,3.9819035442593465
75,0,5,0,0,0,5,5,10,0,3.916640534312983
75,0,5,0,0,0,5,10,0,5,3.4866771246639985
75,0,5,0,0,0,5,10,5,0,3.9142660355240717
75,0,5,0,0,0,5,15,0,0,3.4130364188026228
75,0,5,0,0,0,10,0,0,10,3.540284856720425
75,0,5,0,0,0,10,0,5,5,4.05532852184729
75,0,5,0,0,0,10,0,10,0,3.9982066506057663
75,0,5,0,0,0,10,5,0,5,3.478125358349047
75,0,5,0,0,0,10,5,5,0,3.916640534312983
75,0,5,0,0,0,10,10,0,0,3.4130364188026228
75,0,5,0,0,0,15,0,0,5,3.540284856720425
75,0,5,0,0,0,15,0,5,0,3.9982066506057663
75,0,5,0,0,0,15,5,0,0,3.404484652487671
75,0,5,0,0,0,20,0,0,0,3.4731204624054977
75,0,5,0,0,5,0,0,0,15,3.3059271822671676
75,0,5,0,0,5,0,0,5,10,3.7995610808702542
75,0,5,0,0,5,0,0,10,5,3.7995610808702542
75,0,5,0,0,5,0,0,15,0,3.726290832526697
75,0,5,0,0,5,0,5,0,10,3.241405087356445
75,0,5,0,0,5,0,5,5,5,3.720513837653647
75,0,5,0,0,5,0,5,10,0,3.6593942388270637
75,0,5,0,0,5,0,10,0,5,3.249956853671398
75,0,5,0,0,5,0,10,5,0,3.6570197400381517
75,0,5,0,0,5,0,15,0,0,3.1787933035014624
75,0,5,0,0,5,5,0,0,10,3.5393064918058963
75,0,5,0,0,5,5,0,5,5,4.0478658113678545
75,0,5,0,0,5,5,0,10,0,3.9895209839831707
75,0,5,0,0,5,5,5,0,5,3.4507001948933578
75,0,5,0,0,5,5,5,5,0,3.9015931152960355
75,0,5,0,0,5,5,10,0,0,3.406066759011561
75,0,5,0,0,5,10,0,0,5,3.5393064918058963
75,0,5,0,0,5,10,0,5,0,3.9895209839831707
75,0,5,0,0,5,10,5,0,0,3.3975149926966095
75,0,5,0,0,5,15,0,0,0,3.472142097490969
75,0,5,0,0,10,0,0,0,10,3.3059271822671676
75,0,5,0,0,10,0,0,5,5,3.7995610808702542
75,0,5,0,0,10,0,0,10,0,3.726290832526697
75,0,5,0,0,10,0,5,0,5,3.241405087356445
75,0,5,0,0,10,0,5,5,0,3.6593942388270637
75,0,5,0,0,10,0,10,0,0,3.1787933035014624
75,0,5,0,0,10,5,0,0,5,3.5393064918058963
75,0,5,0,0,10,5,0,5,0,3.9895209839831707
75,0,5,0,0,10,5,5,0,0,3.3975149926966095
75,0,5,0,0,10,10,0,0,0,3.472142097490969
75,0,5,0,0,15,0,0,0,5,3.3059271822671676
75,0,5,0,0,15,0,0,5,0,3.726290832526697
75,0,5,0,0,15,0,5,0,0,3.1702415371865094
75,0,5,0,0,15,5,0,0,0,3.472142097490969
75,0,5,0,0,20,0,0,0,0,3.2238373669933695
75,0,5,0,5,0,0,0,0,15,3.3349777466795523
75,0,5,0,5,0,0,0,5,10,3.8245089398563836
75,0,5,0,5,0,0,0,10,5,3.8245089398563836
75,0,5,0,5,0,0,0,15,0,3.758092601926835
75,0,5,0,5,0,0,5,0,10,3.2945279515210784
75,0,5,0,5,0,0,5,5,5,3.772793665481345
75,0,5,0,5,0,0,5,10,0,3.697557760621554
75,0,5,0,5,0,0,10,0,5,3.2945279515210784
75,0,5,0,5,0,0,10,5,0,3.697557760621554
75,0,5,0,5,0,0,15,0,0,3.210914350746275
75,0,5,0,5,0,5,0,0,10,3.575819766697716
75,0,5,0,5,0,5,0,5,5,4.08027638083342
75,0,5,0,5,0,5,0,10,0,4.028785463862744
75,0,5,0,5,0,5,5,0,5,3.513660268326338
75,0,5,0,5,0,5,5,5,0,3.94721934756996
75,0,5,0,5,0,5,10,0,0,3.445650516735809
75,0,5,0,5,0,10,0,0,5,3.575819766697716
75,0,5,0,5,0,10,0,5,0,4.028785463862744
75,0,5,0,5,0,10,5,0,0,3.445650516735809
75,0,5,0,5,0,15,0,0,0,3.514286326653637
75,0,5,0,5,5,0,0,0,10,3.341462092244459
75,0,5,0,5,5,0,0,5,5,3.8245089398563836
75,0,5,0,5,5,0,0,10,0,3.7568696457836745
75,0,5,0,5,5,0,5,0,5,3.2769399973337374
75,0,5,0,5,5,0,5,5,0,3.689973052084041
75,0,5,0,5,5,0,10,0,0,3.211407401434649
75,0,5,0,5,5,5,0,0,5,3.5748414017831873
75,0,5,0,5,5,5,0,5,0,4.020099797240148
75,0,5,0,5,5,5,5,0,0,3.4386808569447487
75,0,5,0,5,5,10,0,0,0,3.513307961739108
75,0,5,0,5,10,0,0,0,5,3.341462092244459
75,0,5,0,5,10,0,0,5,0,3.7568696457836745
75,0,5,0,5,10,0,5,0,0,3.211407401434649
75,0,5,0,5,10,5,0,0,0,3.513307961739108
75,0,5,0,5,15,0,0,0,0,3.265003231241509
75,0,5,0,10,0,0,0,0,10,3.3349777466795523
75,0,5,0,10,0,0,0,5,5,3.8245089398563836
75,0,5,0,10,0,0,0,10,0,3.758092601926835
75,0,5,0,10,0,0,5,0,5,3.2945279515210784
75,0,5,0,10,0,0,5,5,0,3.697557760621554
75,0,5,0,10,0,0,10,0,0,3.210914350746275
75,0,5,0,10,0,5,0,0,5,3.575819766697716
75,0,5,0,10,0,5,0,5,0,4.028785463862744
75,0,5,0,10,0,5,5,0,0,3.445650516735809
75,0,5,0,10,0,10,0,0,0,3.514286326653637
75,0,5,0,10,5,0,0,0,5,3.341462092244459
75,0,5,0,10,5,0,0,5,0,3.7568696457836745
75,0,5,0,10,5,0,5,0,0,3.211407401434649
75,0,5,0,10,5,5,0,0,0,3.513307961739108
75,0,5,0,10,10,0,0,0,0,3.265003231241509
75,0,5,0,15,0,0,0,0,5,3.3349777466795523
75,0,5,0,15,0,0,0,5,0,3.758092601926835
75,0,5,0,15,0,0,5,0,0,3.210914350746275
75,0,5,0,15,0,5,0,0,0,3.514286326653637
75,0,5,0,15,5,0,0,0,0,3.265003231241509
75,0,5,0,20,0,0,0,0,0,3.2585188856766
75,0,5,5,0,0,0,0,0,15,3.0927900285695467
75,0,5,5,0,0,0,0,5,10,3.5895161316105235
75,0,5,5,0,0,0,0,10,5,3.5895161316105235
75,0,5,5,0,0,0,0,15,0,3.5161119829593215
75,0,5,5,0,0,0,5,0,10,3.072142601130631
75,0,5,5,0,0,0,5,5,5,3.5554965267814214
75,0,5,5,0,0,0,5,10,0,3.4732728111999758
75,0,5,5,0,0,0,10,0,5,3.076891598708454
75,0,5,5,0,0,0,10,5,0,3.4708983124110646
75,0,5,5,0,0,0,15,0,0,2.986290187211996
75,0,5,5,0,0,5,0,0,10,3.332275192136906
75,0,5,5,0,0,5,0,5,5,3.844605144362157
75,0,5,5,0,0,5,0,10,0,3.786126416669828
75,0,5,5,0,0,5,5,0,5,3.289239633259681
75,0,5,5,0,0,5,5,5,0,3.721577541697577
75,0,5,5,0,0,5,10,0,0,3.2189910685253222
75,0,5,5,0,0,10,0,0,5,3.332275192136906
75,0,5,5,0,0,10,0,5,0,3.786126416669828
75,0,5,5,0,0,10,5,0,0,3.2142420709474995
75,0,5,5,0,0,15,0,0,0,3.2632808269508256
75,0,5,5,0,5,0,0,0,10,3.109182996900214
75,0,5,5,0,5,0,0,5,5,3.599424754376283
75,0,5,5,0,5,0,0,10,0,3.5247976495819207
75,0,5,5,0,5,0,5,0,5,3.0647459481363
75,0,5,5,0,5,0,5,5,0,3.462239425849998
75,0,5,5,0,5,0,10,0,0,2.9833345610879043
75,0,5,5,0,5,5,0,0,5,3.340527021762733
75,0,5,5,0,5,5,0,5,0,3.786670944587587
75,0,5,5,0,5,5,5,0,0,3.203145306118566
75,0,5,5,0,5,10,0,0,0,3.272005770997
75,0,5,5,0,10,0,0,0,5,3.109182996900214
75,0,5,5,0,10,0,0,5,0,3.5247976495819207
75,0,5,5,0,10,0,5,0,0,2.97858556351008
75,0,5,5,0,10,5,0,0,0,3.272005770997
75,0,5,5,0,15,0,0,0,0,3.025736325175608
75,0,5,5,5,0,0,0,0,10,3.1204516004572893
75,0,5,5,5,0,0,0,5,5,3.608625937183315
75,0,5,5,5,0,0,0,10,0,3.5408527428029597
75,0,5,5,5,0,0,5,0,5,3.098375903070156
75,0,5,5,5,0,0,5,5,0,3.498013571043614
75,0,5,5,5,0,0,10,0,0,3.0134054458445463
75,0,5,5,5,0,5,0,0,5,3.3599367640246487
75,0,5,5,5,0,5,0,5,0,3.810867176513466
75,0,5,5,5,0,5,5,0,0,3.246106327157871
75,0,5,5,5,0,10,0,0,0,3.2970464675297624
75,0,5,5,5,5,0,0,0,5,3.1368445687879567
75,0,5,5,5,5,0,0,5,0,3.549538409425559
75,0,5,5,5,5,0,5,0,0,3.0104498197204532
75,0,5,5,5,5,5,0,0,0,3.30529829715559
75,0,5,5,5,10,0,0,0,0,3.0590288513341988
75,0,5,5,10,0,0,0,0,5,3.1204516004572893
75,0,5,5,10,0,0,0,5,0,3.5408527428029597
75,0,5,5,10,0,0,5,0,0,3.0134054458445463
75,0,5,5,10,0,5,0,0,0,3.2970464675297624
75,0,5,5,10,5,0,0,0,0,3.0590288513341988
75,0,5,5,15,0,0,0,0,0,3.0426358830035327
75,0,5,10,0,0,0,0,0,10,3.090415529780636
75,0,5,10,0,0,0,0,5,5,3.5785898665066598
75,0,5,10,0,0,0,0,10,0,3.5051857178554577
75,0,5,10,0,0,0,5,0,5,3.0683398323935025
75,0,5,10,0,0,0,5,5,0,3.462346546096112
75,0,5,10,0,0,0,10,0,0,2.986290187211996
75,0,5,10,0,0,5,0,0,5,3.329900693347995
75,0,5,10,0,0,5,0,5,0,3.775200151565964
75,0,5,10,0,0,5,5,0,0,3.210439302210369
75,0,5,10,0,0,10,0,0,0,3.2613794425822618
75,0,5,10,0,5,0,0,0,5,3.106808498111302
75,0,5,10,0,5,0,0,5,0,3.513871384478057
75,0,5,10,0,5,0,5,0,0,2.9747827947729513
75,0,5,10,0,5,5,0,0,0,3.269631272208088
75,0,5,10,0,10,0,0,0,0,3.023361826386697
75,0,5,10,5,0,0,0,0,5,3.1204516004572893
75,0,5,10,5,0,0,0,5,0,3.5408527428029597
75,0,5,10,5,0,0,5,0,0,3.0134054458445463
75,0,5,10,5,0,5,0,0,0,3.2970464675297624
75,0,5,10,5,5,0,0,0,0,3.0590288513341988
75,0,5,10,10,0,0,0,0,0,3.0426358830035327
75,0,5,15,0,0,0,0,0,5,3.090415529780636
75,0,5,15,0,0,0,0,5,0,3.5051857178554577
75,0,5,15,0,0,0,5,0,0,2.9777384208970443
75,0,5,15,0,0,5,0,0,0,3.2613794425822618
75,0,5,15,0,5,0,0,0,0,3.023361826386697
75,0,5,15,5,0,0,0,0,0,3.0426358830035327
75,0,5,20,0,0,0,0,0,0,3.0069688580560308
75,0,10,0,0,0,0,0,0,15,3.2994428367022604
75,0,10,0,0,0,0,0,5,10,3.7995610808702533
75,0,10,0,0,0,0,0,10,5,3.7995610808702533
75,0,10,0,0,0,0,0,15,0,3.7275137886698575
75,0,10,0,0,0,0,5,0,10,3.2589930415437864
75,0,10,0,0,0,0,5,5,5,3.747845806495215
75,0,10,0,0,0,0,5,10,0,3.666978947364577
75,0,10,0,0,0,0,10,0,5,3.267544807858739
75,0,10,0,0,0,0,10,5,0,3.664604448575665
75,0,10,0,0,0,0,15,0,0,3.1783002528130884
75,0,10,0,0,0,5,0,0,10,3.540284856720425
75,0,10,0,0,0,5,0,5,5,4.05532852184729
75,0,10,0,0,0,5,0,10,0,3.9982066506057663
75,0,10,0,0,0,5,5,0,5,3.478125358349047
75,0,10,0,0,0,5,5,5,0,3.916640534312983
75,0,10,0,0,0,5,10,0,0,3.4130364188026228
75,0,10,0,0,0,10,0,0,5,3.540284856720425
75,0,10,0,0,0,10,0,5,0,3.9982066506057663
75,0,10,0,0,0,10,5,0,0,3.404484652487671
75,0,10,0,0,0,15,0,0,0,3.4731204624054977
75,0,10,0,0,5,0,0,0,10,3.3059271822671676
75,0,10,0,0,5,0,0,5,5,3.7995610808702542
75,0,10,0,0,5,0,0,10,0,3.726290832526697
75,0,10,0,0,5,0,5,0,5,3.241405087356445
75,0,10,0,0,5,0,5,5,0,3.6593942388270637
75,0,10,0,0,5,0,10,0,0,3.1787933035014624
75,0,10,0,0,5,5,0,0,5,3.5393064918058963
75,0,10,0,0,5,5,0,5,0,3.9895209839831707
75,0,10,0,0,5,5,5,0,0,3.3975149926966095
75,0,10,0,0,5,10,0,0,0,3.472142097490969
75,0,10,0,0,10,0,0,0,5,3.3059271822671676
75,0,10,0,0,10,0,0,5,0,3.726290832526697
75,0,10,0,0,10,0,5,0,0,3.1702415371865094
75,0,10,0,0,10,5,0,0,0,3.472142097490969
75,0,10,0,0,15,0,0,0,0,3.2238373669933695
75,0,10,0,5,0,0,0,0,10,3.3349777466795523
75,0,10,0,5,0,0,0,5,5,3.8245089398563836
75,0,10,0,5,0,0,0,10,0,3.758092601926835
75,0,10,0,5,0,0,5,0,5,3.2945279515210784
75,0,10,0,5,0,0,5,5,0,3.697557760621554
75,0,10,0,5,0,0,10,0,0,3.210914350746275
75,0,10,0,5,0,5,0,0,5,3.575819766697716
75,0,10,0,5,0,5,0,5,0,4.028785463862744
75,0,10,0,5,0,5,5,0,0,3.445650516735809
75,0,10,0,5,0,10,0,0,0,3.514286326653637
75,0,10,0,5,5,0,0,0,5,3.341462092244459
75,0,10,0,5,5,0,0,5,0,3.7568696457836745
75,0,10,0,5,5,0,5,0,0,3.211407401434649
75,0,10,0,5,5,5,0,0,0,3.513307961739108
75,0,10,0,5,10,0,0,0,0,3.265003231241509
75,0,10,0,10,0,0,0,0,5,3.3349777466795523
75,0,10,0,10,0,0,0,5,0,3.758092601926835
75,0,10,0,10,0,0,5,0,0,3.210914350746275
75,0,10,0,10,0,5,0,0,0,3.514286326653637
75,0,10,0,10,5,0,0,0,0,3.265003231241509
75,0,10,0,15,0,0,0,0,0,3.2585188856766
75,0,10,5,0,0,0,0,0,10,3.0927900285695467
75,0,10,5,0,0,0,0,5,5,3.5895161316105235
75,0,10,5,0,0,0,0,10,0,3.5161119829593215
75,0,10,5,0,0,0,5,0,5,3.072142601130631
75,0,10,5,0,0,0,5,5,0,3.4732728111999758
75,0,10,5,0,0,0,10,0,0,2.986290187211996
75,0,10,5,0,0,5,0,0,5,3.332275192136906
75,0,10,5,0,0,5,0,5,0,3.786126416669828
75,0,10,5,0,0,5,5,0,0,3.2142420709474995
75,0,10,5,0,0,10,0,0,0,3.2632808269508256
75,0,10,5,0,5,0,0,0,5,3.109182996900214
75,0,10,5,0,5,0,0,5,0,3.5247976495819207
75,0,10,5,0,5,0,5,0,0,2.97858556351008
75,0,10,5,0,5,5,0,0,0,3.272005770997
75,0,10,5,0,10,0,0,0,0,3.025736325175608
75,0,10,5,5,0,0,0,0,5,3.1204516004572893
75,0,10,5,5,0,0,0,5,0,3.5408527428029597
75,0,10,5,5,0,0,5,0,0,3.0134054458445463
75,0,10,5,5,0,5,0,0,0,3.2970464675297624
75,0,10,5,5,5,0,0,0,0,3.0590288513341988
75,0,10,5,10,0,0,0,0,0,3.0426358830035327
75,0,10,10,0,0,0,0,0,5,3.090415529780636
75,0,10,10,0,0,0,0,5,0,3.5051857178554577
75,0,10,10,0,0,0,5,0,0,2.9777384208970443
75,0,10,10,0,0,5,0,0,0,3.2613794425822618
75,0,10,10,0,5,0,0,0,0,3.023361826386697
75,0,10,10,5,0,0,0,0,0,3.0426358830035327
75,0,10,15,0,0,0,0,0,0,3.0069688580560308
75,0,15,0,0,0,0,0,0,10,3.2994428367022604
75,0,15,0,0,0,0,0,5,5,3.7995610808702533
75,0,15,0,0,0,0,0,10,0,3.7275137886698575
75,0,15,0,0,0,0,5,0,5,3.2589930415437864
75,0,15,0,0,0,0,5,5,0,3.666978947364577
75,0,15,0,0,0,0,10,0,0,3.1783002528130884
75,0,15,0,0,0,5,0,0,5,3.540284856720425
75,0,15,0,0,0,5,0,5,0,3.9982066506057663
75,0,15,0,0,0,5,5,0,0,3.404484652487671
75,0,15,0,0,0,10,0,0,0,3.4731204624054977
75,0,15,0,0,5,0,0,0,5,3.3059271822671676
75,0,15,0,0,5,0,0,5,0,3.726290832526697
75,0,15,0,0,5,0,5,0,0,3.1702415371865094
75,0,15,0,0,5,5,0,0,0,3.472142097490969
75,0,15,0,0,10,0,0,0,0,3.2238373669933695
75,0,15,0,5,0,0,0,0,5,3.3349777466795523
75,0,15,0,5,0,0,0,5,0,3.758092601926835
75,0,15,0,5,0,0,5,0,0,3.210914350746275
75,0,15,0,5,0,5,0,0,0,3.514286326653637
75,0,15,0,5,5,0,0,0,0,3.265003231241509
75,0,15,0,10,0,0,0,0,0,3.2585188856766
75,0,15,5,0,0,0,0,0,5,3.0927900285695467
75,0,15,5,0,0,0,0,5,0,3.5161119829593215
75,0,15,5,0,0,0,5,0,0,2.9815411896341733
75,0,15,5,0,0,5,0,0,0,3.2632808269508256
75,0,15,5,0,5,0,0,0,0,3.025736325175608
75,0,15,5,5,0,0,0,0,0,3.0426358830035327
75,0,15,10,0,0,0,0,0,0,3.0069688580560308
75,0,20,0,0,0,0,0,0,5,3.2994428367022604
75,0,20,0,0,0,0,0,5,0,3.7275137886698575
75,0,20,0,0,0,0,5,0,0,3.169748486498136
75,0,20,0,0,0,5,0,0,0,3.4731204624054977
75,0,20,0,0,5,0,0,0,0,3.2238373669933695
75,0,20,0,5,0,0,0,0,0,3.2585188856766
75,0,20,5,0,0,0,0,0,0,3.0088702424245946
75,0,25,0,0,0,0,0,0,0,3.217353021428461
75,5,0,0,0,0,0,0,0,20,3.581119094539964
75,5,0,0,0,0,0,0,5,15,4.041334451917154
75,5,0,0,0,0,0,0,10,10,4.041334451917154
75,5,0,0,0,0,0,0,15,5,4.041334451917154
75,5,0,0,0,0,0,0,20,0,3.9764731428937274
75,5,0,0,0,0,0,5,0,15,3.5234526953806857
75,5,0,0,0,0,0,5,5,10,3.9689390189168834
75,5,0,0,0,0,0,5,10,5,3.9689390189168834
75,5,0,0,0,0,0,5,15,0,3.90475613811886
75,5,0,0,0,0,0,10,0,10,3.5261664082822994
75,5,0,0,0,0,0,10,5,5,3.971652731818496
75,5,0,0,0,0,0,10,10,0,3.913307904433813
75,5,0,0,0,0,0,15,0,5,3.5261664082822994
75,5,0,0,0,0,0,15,5,0,3.913307904433813
75,5,0,0,0,0,0,20,0,0,3.459002013967372
75,5,0,0,0,0,5,0,0,15,3.814766204693983
75,5,0,0,0,0,5,0,5,10,4.29698882152329
75,5,0,0,0,0,5,0,10,5,4.29698882152329
75,5,0,0,0,0,5,0,15,0,4.24773136168414
75,5,0,0,0,0,5,5,0,10,3.735390102321801
75,5,0,0,0,0,5,5,5,5,4.202996756681016
75,5,0,0,0,0,5,5,10,0,4.155096153292671
75,5,0,0,0,0,5,10,0,5,3.7381038152234147
75,5,0,0,0,0,5,10,5,0,4.163647919607623
75,5,0,0,0,0,5,15,0,0,3.687221698318166
75,5,0,0,0,0,10,0,0,10,3.814766204693983
75,5,0,0,0,0,10,0,5,5,4.29698882152329
75,5,0,0,0,0,10,0,10,0,4.24773136168414
75,5,0,0,0,0,10,5,0,5,3.735390102321801
75,5,0,0,0,0,10,5,5,0,4.155096153292671
75,5,0,0,0,0,10,10,0,0,3.687221698318166
75,5,0,0,0,0,15,0,0,5,3.814766204693983
75,5,0,0,0,0,15,0,5,0,4.24773136168414
75,5,0,0,0,0,15,5,0,0,3.6786699320032143
75,5,0,0,0,0,20,0,0,0,3.7566891779245895
75,5,0,0,0,5,0,0,0,15,3.573037009304138
75,5,0,0,0,5,0,0,5,10,4.029860225554312
75,5,0,0,0,5,0,0,10,5,4.029860225554312
75,5,0,0,0,5,0,0,15,0,3.963172379000953
75,5,0,0,0,5,0,5,0,10,3.524120411581478
75,5,0,0,0,5,0,5,5,5,3.967642863938876
75,5,0,0,0,5,0,5,10,0,3.9130936639415803
75,5,0,0,0,5,0,10,0,5,3.5268341244830905
75,5,0,0,0,5,0,10,5,0,3.921645430256532
75,5,0,0,0,5,0,15,0,0,3.4693034109688914
75,5,0,0,0,5,5,0,0,10,3.8015959077676325
75,5,0,0,0,5,5,0,5,5,4.2781649560519135
75,5,0,0,0,5,5,0,10,0,4.22708095868283
75,5,0,0,0,5,5,5,0,5,3.730969606832068
75,5,0,0,0,5,5,5,5,0,4.1559709686359545
75,5,0,0,0,5,5,10,0,0,3.6924348836291596
75,5,0,0,0,5,10,0,0,5,3.8015959077676325
75,5,0,0,0,5,10,0,5,0,4.22708095868283
75,5,0,0,0,5,10,5,0,0,3.683883117314208
75,5,0,0,0,5,15,0,0,0,3.7416923434683067
75,5,0,0,0,10,0,0,0,10,3.573037009304138
75,5,0,0,0,10,0,0,5,5,4.029860225554312
75,5,0,0,0,10,0,0,10,0,3.963172379000953
75,5,0,0,0,10,0,5,0,5,3.524120411581478
75,5,0,0,0,10,0,5,5,0,3.9130936639415803
75,5,0,0,0,10,0,10,0,0,3.4693034109688914
75,5,0,0,0,10,5,0,0,5,3.8015959077676325
75,5,0,0,0,10,5,0,5,0,4.22708095868283
75,5,0,0,0,10,5,5,0,0,3.683883117314208
75,5,0,0,0,10,10,0,0,0,3.7416923434683067
75,5,0,0,0,15,0,0,0,5,3.573037009304138
75,5,0,0,0,15,0,0,5,0,3.963172379000953
75,5,0,0,0,15,0,5,0,0,3.460751644653939
75,5,0,0,0,15,5,0,0,0,3.7416923434683067
75,5,0,0,0,20,0,0,0,0,3.4975295958205366
75,5,0,0,5,0,0,0,0,15,3.6055849124185704
75,5,0,0,5,0,0,0,5,10,4.0635953780632
75,5,0,0,5,0,0,0,10,5,4.0635953780632
75,5,0,0,5,0,0,0,15,0,4.010203076723959
75,5,0,0,5,0,0,5,0,10,3.5517212819964215
75,5,0,0,5,0,0,5,5,5,3.9950027138000577
75,5,0,0,5,0,0,5,10,0,3.9388966995592045
75,5,0,0,5,0,0,10,0,5,3.5517212819964215
75,5,0,0,5,0,0,10,5,0,3.9388966995592045
75,5,0,0,5,0,0,15,0,0,3.4867957008253243
75,5,0,0,5,0,5,0,0,10,3.847783788887542
75,5,0,0,5,0,5,0,5,5,4.319249747669337
75,5,0,0,5,0,5,0,10,0,4.281461295514372
75,5,0,0,5,0,5,5,0,5,3.7722104552524875
75,5,0,0,5,0,5,5,5,0,4.189236714733015
75,5,0,0,5,0,5,10,0,0,3.7235671514910713
75,5,0,0,5,0,10,0,0,5,3.847783788887542
75,5,0,0,5,0,10,0,5,0,4.281461295514372
75,5,0,0,5,0,10,5,0,0,3.7235671514910713
75,5,0,0,5,0,15,0,0,0,3.801175769802335
75,5,0,0,5,5,0,0,0,10,3.599877325971656
75,5,0,0,5,5,0,0,5,5,4.052121151700358
75,5,0,0,5,5,0,0,10,0,3.9969023128311836
75,5,0,0,5,5,0,5,0,5,3.5547634969861246
75,5,0,0,5,5,0,5,5,0,3.9472342253819237
75,5,0,0,5,5,0,10,0,0,3.499471596615755
75,5,0,0,5,5,5,0,0,5,3.8346134919611914
75,5,0,0,5,5,5,0,5,0,4.260810892513061
75,5,0,0,5,5,5,5,0,0,3.728780336802065
75,5,0,0,5,5,10,0,0,0,3.7861789353460518
75,5,0,0,5,10,0,0,0,5,3.599877325971656
75,5,0,0,5,10,0,0,5,0,3.9969023128311836
75,5,0,0,5,10,0,5,0,0,3.499471596615755
75,5,0,0,5,10,5,0,0,0,3.7861789353460518
75,5,0,0,5,15,0,0,0,0,3.53583892017224
75,5,0,0,10,0,0,0,0,10,3.6055849124185704
75,5,0,0,10,0,0,0,5,5,4.0635953780632
75,5,0,0,10,0,0,0,10,0,4.010203076723959
75,5,0,0,10,0,0,5,0,5,3.5517212819964215
75,5,0,0,10,0,0,5,5,0,3.9388966995592045
75,5,0,0,10,0,0,10,0,0,3.4867957008253243
75,5,0,0,10,0,5,0,0,5,3.847783788887542
75,5,0,0,10,0,5,0,5,0,4.281461295514372
75,5,0,0,10,0,5,5,0,0,3.7235671514910713
75,5,0,0,10,0,10,0,0,0,3.801175769802335
75,5,0,0,10,5,0,0,0,5,3.599877325971656
75,5,0,0,10,5,0,0,5,0,3.9969023128311836
75,5,0,0,10,5,0,5,0,0,3.499471596615755
75,5,0,0,10,5,5,0,0,0,3.7861789353460518
75,5,0,0,10,10,0,0,0,0,3.53583892017224
75,5,0,0,15,0,0,0,0,5,3.6055849124185704
75,5,0,0,15,0,0,0,5,0,4.010203076723959
75,5,0,0,15,0,0,5,0,0,3.4867957008253243
75,5,0,0,15,0,5,0,0,0,3.801175769802335
75,5,0,0,15,5,0,0,0,0,3.53583892017224
75,5,0,0,20,0,0,0,0,0,3.5433730441490865
75,5,0,5,0,0,0,0,0,15,3.3540420261477437
75,5,0,5,0,0,0,0,5,10,3.811713277679671
75,5,0,5,0,0,0,0,10,5,3.811713277679671
75,5,0,5,0,0,0,0,15,0,3.7454951122054365
75,5,0,5,0,0,0,5,0,10,3.328743794689943
75,5,0,5,0,0,0,5,5,5,3.771686012380879
75,5,0,5,0,0,0,5,10,0,3.702754134005032
75,5,0,5,0,0,0,10,0,5,3.3314575075915567
75,5,0,5,0,0,0,10,5,0,3.7113059003199838
75,5,0,5,0,0,0,15,0,0,3.2595441156988056
75,5,0,5,0,0,5,0,0,10,3.6018245454455267
75,5,0,5,0,0,5,0,5,5,4.0737427897109235
75,5,0,5,0,0,5,0,10,0,4.0231284734209645
75,5,0,5,0,0,5,5,0,5,3.554138182549419
75,5,0,5,0,0,5,5,5,0,3.9586777920076552
75,5,0,5,0,0,5,10,0,0,3.5012207809679605
75,5,0,5,0,0,10,0,0,5,3.6018245454455267
75,5,0,5,0,0,10,0,5,0,4.0231284734209645
75,5,0,5,0,0,10,5,0,0,3.4926690146530075
75,5,0,5,0,0,15,0,0,0,3.5423906622253263
75,5,0,5,0,5,0,0,0,10,3.3733058170743253
75,5,0,5,0,5,0,0,5,5,3.8235143581268174
75,5,0,5,0,5,0,0,10,0,3.7594028908262067
75,5,0,5,0,5,0,5,0,5,3.3491502015750996
75,5,0,5,0,5,0,5,5,0,3.716880120534555
75,5,0,5,0,5,0,10,0,0,3.2803829709849515
75,5,0,5,0,5,5,0,0,5,3.612947197667271
75,5,0,5,0,5,5,0,5,0,4.028895113336895
75,5,0,5,0,5,5,5,0,0,3.5053667312343144
75,5,0,5,0,5,10,0,0,0,3.555620012620691
75,5,0,5,0,10,0,0,0,5,3.3733058170743253
75,5,0,5,0,10,0,0,5,0,3.7594028908262067
75,5,0,5,0,10,0,5,0,0,3.271831204669999
75,5,0,5,0,10,5,0,0,0,3.555620012620691
75,5,0,5,0,15,0,0,0,0,3.3003747828434724
75,5,0,5,5,0,0,0,0,10,3.378240043411058
75,5,0,5,5,0,0,0,5,5,3.8359112949429868
75,5,0,5,5,0,0,0,10,0,3.7811621371529385
75,5,0,5,5,0,0,5,0,5,3.3529418119532584
75,5,0,5,5,0,0,5,5,0,3.738421158952534
75,5,0,5,5,0,0,10,0,0,3.286659374331356
75,5,0,5,5,0,5,0,0,5,3.6192382804548093
75,5,0,5,5,0,5,0,5,0,4.052011216114433
75,5,0,5,5,0,5,5,0,0,3.5215517573464776
75,5,0,5,5,0,10,0,0,0,3.571273404918795
75,5,0,5,5,5,0,0,0,5,3.397503834337641
75,5,0,5,5,5,0,0,5,0,3.7950699157737073
75,5,0,5,5,5,0,5,0,0,3.3074982296175004
75,5,0,5,5,5,5,0,0,0,3.5845027553141597
75,5,0,5,5,10,0,0,0,0,3.336041807790973
75,5,0,5,10,0,0,0,0,5,3.378240043411058
75,5,0,5,10,0,0,0,5,0,3.7811621371529385
75,5,0,5,10,0,0,5,0,0,3.286659374331356
75,5,0,5,10,0,5,0,0,0,3.571273404918795
75,5,0,5,10,5,0,0,0,0,3.336041807790973
75,5,0,5,15,0,0,0,0,0,3.3146713186907686
75,5,0,10,0,0,0,0,0,10,3.3526137561995255
75,5,0,10,0,0,0,0,5,5,3.811713277679671
75,5,0,10,0,0,0,0,10,0,3.7454951122054365
75,5,0,10,0,0,0,5,0,5,3.3273155247417248
75,5,0,10,0,0,0,5,5,0,3.702754134005032
75,5,0,10,0,0,0,10,0,0,3.2581158457505874
75,5,0,10,0,0,5,0,0,5,3.60039627549731
75,5,0,10,0,0,5,0,5,0,4.0231284734209645
75,5,0,10,0,0,5,5,0,0,3.4912407447047906
75,5,0,10,0,0,10,0,0,0,3.5409623922771094
75,5,0,10,0,5,0,0,0,5,3.3733058170743253
75,5,0,10,0,5,0,0,5,0,3.7594028908262067
75,5,0,10,0,5,0,5,0,0,3.271831204669999
75,5,0,10,0,5,5,0,0,0,3.555620012620691
75,5,0,10,0,10,0,0,0,0,3.3003747828434724
75,5,0,10,5,0,0,0,0,5,3.37681177346284
75,5,0,10,5,0,0,0,5,0,3.7811621371529385
75,5,0,10,5,0,0,5,0,0,3.2852311043831377
75,5,0,10,5,0,5,0,0,0,3.569845134970578
75,5,0,10,5,5,0,0,0,0,3.336041807790973
75,5,0,10,10,0,0,0,0,0,3.313243048742551
75,5,0,15,0,0,0,0,0,5,3.3526137561995255
75,5,0,15,0,0,0,0,5,0,3.7454951122054365
75,5,0,15,0,0,0,5,0,0,3.2495640794356357
75,5,0,15,0,0,5,0,0,0,3.5409623922771094
75,5,0,15,0,5,0,0,0,0,3.3003747828434724
75,5,0,15,5,0,0,0,0,0,3.313243048742551
75,5,0,20,0,0,0,0,0,0,3.277576023795049
75,5,5,0,0,0,0,0,0,15,3.3078508833536726
75,5,5,0,0,0,0,0,5,10,3.7970428624178023
75,5,5,0,0,0,0,0,10,5,3.7970428624178023
75,5,5,0,0,0,0,0,15,0,3.731962849558554
75,5,5,0,0,0,0,5,0,10,3.2659335408234056
75,5,5,0,0,0,0,5,5,5,3.743860040670971
75,5,5,0,0,0,0,5,10,0,3.6699604608814798
75,5,5,0,0,0,0,10,0,5,3.274329090112772
75,5,5,0,0,0,0,10,5,0,3.671388730829698
75,5,5,0,0,0,0,15,0,0,3.1848479778569483
75,5,5,0,0,0,5,0,0,10,3.5486929033718377
75,5,5,0,0,0,5,0,5,5,4.052810303394839
75,5,5,0,0,0,5,0,10,0,4.0062323374897915
75,5,5,0,0,0,5,5,0,5,3.4850658576286664
75,5,5,0,0,0,5,5,5,0,3.9231986738252145
75,5,5,0,0,0,5,10,0,0,3.4195841438464822
75,5,5,0,0,0,10,0,0,5,3.5486929033718377
75,5,5,0,0,0,10,0,5,0,4.0062323374897915
75,5,5,0,0,0,10,5,0,0,3.421732499893592
75,5,5,0,0,0,15,0,0,0,3.4920724143933866
75,5,5,0,0,5,0,0,0,10,3.307550946664547
75,5,5,0,0,5,0,0,5,5,3.79025858016377
75,5,5,0,0,5,0,0,10,0,3.7206348835317558
75,5,5,0,0,5,0,5,0,5,3.2415613043820315
75,5,5,0,0,5,0,5,5,0,3.6538071828531544
75,5,5,0,0,5,0,10,0,0,3.1787933035014624
75,5,5,0,0,5,5,0,0,5,3.540930256203276
75,5,5,0,0,5,5,0,5,0,3.9907623886131627
75,5,5,0,0,5,5,5,0,0,3.408215115058672
75,5,5,0,0,5,10,0,0,0,3.4843097672248247
75,5,5,0,0,10,0,0,0,5,3.307550946664547
75,5,5,0,0,10,0,0,5,0,3.7206348835317558
75,5,5,0,0,10,0,5,0,0,3.175580746316464
75,5,5,0,0,10,5,0,0,0,3.4843097672248247
75,5,5,0,0,15,0,0,0,0,3.2291076831022916
75,5,5,0,5,0,0,0,0,10,3.3432295763053785
75,5,5,0,5,0,0,0,5,5,3.83276076948221
75,5,5,0,5,0,0,0,10,0,3.7663444315526613
75,5,5,0,5,0,0,5,0,5,3.3013122337751115
75,5,5,0,5,0,0,5,5,0,3.704342042875587
75,5,5,0,5,0,0,10,0,0,3.2174620757901344
75,5,5,0,5,0,5,0,0,5,3.5840715963235423
75,5,5,0,5,0,5,0,5,0,4.03703729348857
75,5,5,0,5,0,5,5,0,0,3.452198241779669
75,5,5,0,5,0,10,0,0,0,3.522538156279463
75,5,5,0,5,5,0,0,0,5,3.3429296396162522
75,5,5,0,5,5,0,0,5,0,3.7583371931554677
75,5,5,0,5,5,0,5,0,0,3.211407401434649
75,5,5,0,5,5,5,0,0,0,3.514775509110901
75,5,5,0,5,10,0,0,0,0,3.2664707786133023
75,5,5,0,10,0,0,0,0,5,3.3432295763053785
75,5,5,0,10,0,0,0,5,0,3.7663444315526613
75,5,5,0,10,0,0,5,0,0,3.2174620757901344
75,5,5,0,10,0,5,0,0,0,3.522538156279463
75,5,5,0,10,5,0,0,0,0,3.2664707786133023
75,5,5,0,15,0,0,0,0,0,3.2667707153024264
75,5,5,5,0,0,0,0,0,10,3.097356029060255
75,5,5,5,0,0,0,0,5,5,3.5855303657862794
75,5,5,5,0,0,0,0,10,0,3.5190934964762244
75,5,5,5,0,0,0,5,0,5,3.0752803316731216
75,5,5,5,0,0,0,5,5,0,3.47625432471688
75,5,5,5,0,0,0,10,0,0,2.9928379122558555
75,5,5,5,0,0,5,0,0,5,3.336841192627613
75,5,5,5,0,0,5,0,5,0,3.7926845561820595
75,5,5,5,0,0,5,5,0,0,3.2276871496162913
75,5,5,5,0,0,10,0,0,0,3.278863847198356
75,5,5,5,0,5,0,0,0,5,3.107120932162475
75,5,5,5,0,5,0,0,5,0,3.5197808513888074
75,5,5,5,0,5,0,5,0,0,2.9812328805292974
75,5,5,5,0,5,5,0,0,0,3.282438092743772
75,5,5,5,0,10,0,0,0,0,3.0292712932974464
75,5,5,5,5,0,0,0,0,5,3.1272358827113225
75,5,5,5,5,0,0,0,5,0,3.5476370250569924
75,5,5,5,5,0,0,5,0,0,3.0199531708884058
75,5,5,5,5,0,5,0,0,0,3.3038307497837955
75,5,5,5,5,5,0,0,0,0,3.061135549507819
75,5,5,5,10,0,0,0,0,0,3.049420165257566
75,5,5,10,0,0,0,0,0,5,3.097356029060255
75,5,5,10,0,0,0,0,5,0,3.5190934964762244
75,5,5,10,0,0,0,5,0,0,2.9914096423076377
75,5,5,10,0,0,5,0,0,0,3.278863847198356
75,5,5,10,0,5,0,0,0,0,3.0292712932974464
75,5,5,10,5,0,0,0,0,0,3.049420165257566
75,5,5,15,0,0,0,0,0,0,3.0208766366767974
75,5,10,0,0,0,0,0,0,10,3.3078508833536726
75,5,10,0,0,0,0,0,5,5,3.7970428624178023
75,5,10,0,0,0,0,0,10,0,3.731962849558554
75,5,10,0,0,0,0,5,0,5,3.2659335408234056
75,5,10,0,0,0,0,5,5,0,3.6699604608814798
75,5,10,0,0,0,0,10,0,0,3.1848479778569483
75,5,10,0,0,0,5,0,0,5,3.5486929033718377
75,5,10,0,0,0,5,0,5,0,4.0062323374897915
75,5,10,0,0,0,5,5,0,0,3.421732499893592
75,5,10,0,0,0,10,0,0,0,3.4920724143933866
75,5,10,0,0,5,0,0,0,5,3.307550946664547
75,5,10,0,0,5,0,0,5,0,3.7206348835317558
75,5,10,0,0,5,0,5,0,0,3.175580746316464
75,5,10,0,0,5,5,0,0,0,3.4843097672248247
75,5,10,0,0,10,0,0,0,0,3.2291076831022916
75,5,10,0,5,0,0,0,0,5,3.3432295763053785
75,5,10,0,5,0,0,0,5,0,3.7663444315526613
75,5,10,0,5,0,0,5,0,0,3.2174620757901344
75,5,10,0,5,0,5,0,0,0,3.522538156279463
75,5,10,0,5,5,0,0,0,0,3.2664707786133023
75,5,10,0,10,0,0,0,0,0,3.2667707153024264
75,5,10,5,0,0,0,0,0,5,3.097356029060255
75,5,10,5,0,0,0,0,5,0,3.5190934964762244
75,5,10,5,0,0,0,5,0,0,2.9914096423076377
75,5,10,5,0,0,5,0,0,0,3.278863847198356
75,5,10,5,0,5,0,0,0,0,3.0292712932974464
75,5,10,5,5,0,0,0,0,0,3.049420165257566
75,5,10,10,0,0,0,0,0,0,3.0208766366767974
75,5,15,0,0,0,0,0,0,5,3.3078508833536726
75,5,15,0,0,0,0,0,5,0,3.731962849558554
75,5,15,0,0,0,0,5,0,0,3.18341970790873
75,5,15,0,0,0,5,0,0,0,3.4920724143933866
75,5,15,0,0,5,0,0,0,0,3.2291076831022916
75,5,15,0,5,0,0,0,0,0,3.2667707153024264
75,5,15,5,0,0,0,0,0,0,3.0208766366767974
75,5,20,0,0,0,0,0,0,0,3.232728347421022
75,10,0,0,0,0,0,0,0,15,3.6327510531680254
75,10,0,0,0,0,0,0,5,10,4.086280321850122
75,10,0,0,0,0,0,0,10,5,4.086280321850122
75,10,0,0,0,0,0,0,15,0,4.021419012826695
75,10,0,0,0,0,0,5,0,10,3.5767807245722554
75,10,0,0,0,0,0,5,5,5,4.020062156375891
75,10,0,0,0,0,0,5,10,0,3.952487134450852
75,10,0,0,0,0,0,10,0,5,3.5794944374738678
75,10,0,0,0,0,0,10,5,0,3.9610389007658036
75,10,0,0,0,0,0,15,0,0,3.5089379020319247
75,10,0,0,0,0,5,0,0,10,3.874949929636996
75,10,0,0,0,0,5,0,5,5,4.342047762827159
75,10,0,0,0,0,5,0,10,0,4.292790302988007
75,10,0,0,0,0,5,5,0,5,3.7972698978283224
75,10,0,0,0,0,5,5,5,0,4.202827149624664
75,10,0,0,0,0,5,10,0,0,3.74570935269767
75,10,0,0,0,0,10,0,0,5,3.874949929636996
75,10,0,0,0,0,10,0,5,0,4.292790302988007
75,10,0,0,0,0,10,5,0,0,3.737157586382718
75,10,0,0,0,0,15,0,0,0,3.8168729028676025
75,10,0,0,0,5,0,0,0,10,3.5944789119017524
75,10,0,0,0,5,0,0,5,5,4.040545470104414
75,10,0,0,0,5,0,0,10,0,3.973857623551055
75,10,0,0,0,5,0,5,0,5,3.552418009930536
75,10,0,0,0,5,0,5,5,0,3.924189536101795
75,10,0,0,0,5,0,10,0,0,3.484978673650578
75,10,0,0,0,5,5,0,0,5,3.8292150778912877
75,10,0,0,0,5,5,0,5,0,4.2377662032329315
75,10,0,0,0,5,5,5,0,0,3.7057356475219354
75,10,0,0,0,5,10,0,0,0,3.769311513591962
75,10,0,0,0,10,0,0,0,5,3.5944789119017524
75,10,0,0,0,10,0,0,5,0,3.973857623551055
75,10,0,0,0,10,0,5,0,0,3.476426907335626
75,10,0,0,0,10,5,0,0,0,3.769311513591962
75,10,0,0,0,15,0,0,0,0,3.518971498418152
75,10,0,0,5,0,0,0,0,10,3.6375424525099356
75,10,0,0,5,0,0,0,5,5,4.091071721192033
75,10,0,0,5,0,0,0,10,0,4.037679419852792
75,10,0,0,5,0,0,5,0,5,3.5815721239141656
75,10,0,0,5,0,0,5,5,0,3.968747541476948
75,10,0,0,5,0,0,10,0,0,3.5166465427430693
75,10,0,0,5,0,5,0,0,5,3.8797413289789064
75,10,0,0,5,0,5,0,5,0,4.3090507100141044
75,10,0,0,5,0,5,5,0,0,3.753417993408815
75,10,0,0,5,0,10,0,0,0,3.8331333098937
75,10,0,0,5,5,0,0,0,5,3.599270311243664
75,10,0,0,5,5,0,0,5,0,3.9901180305771518
75,10,0,0,5,5,0,5,0,0,3.492687314361723
75,10,0,0,5,5,5,0,0,0,3.7855719206180596
75,10,0,0,5,10,0,0,0,0,3.535231905444249
75,10,0,0,10,0,0,0,0,5,3.6375424525099356
75,10,0,0,10,0,0,0,5,0,4.037679419852792
75,10,0,0,10,0,0,5,0,0,3.5166465427430693
75,10,0,0,10,0,5,0,0,0,3.8331333098937
75,10,0,0,10,5,0,0,0,0,3.535231905444249
75,10,0,0,15,0,0,0,0,0,3.575330584240453
75,10,0,5,0,0,0,0,0,10,3.3773763864267448
75,10,0,5,0,0,0,0,5,5,3.8350476379586724
75,10,0,5,0,0,0,0,10,0,3.768829472484439
75,10,0,5,0,0,0,5,0,5,3.3520781549689445
75,10,0,5,0,0,0,5,5,0,3.7260884942840344
75,10,0,5,0,0,0,10,0,0,3.282878475977808
75,10,0,5,0,0,5,0,0,5,3.625158905724529
75,10,0,5,0,0,5,0,5,0,4.046462833699968
75,10,0,5,0,0,5,5,0,0,3.5160033749320108
75,10,0,5,0,0,10,0,0,0,3.56572502250433
75,10,0,5,0,5,0,0,0,5,3.3829466392247936
75,10,0,5,0,5,0,0,5,0,3.7669370148030534
75,10,0,5,0,5,0,5,0,0,3.2823964348702863
75,10,0,5,0,5,5,0,0,0,3.5631541365975385
75,10,0,5,0,10,0,0,0,0,3.3079089068203187
75,10,0,5,5,0,0,0,0,5,3.4015744036900593
75,10,0,5,5,0,0,0,5,0,3.804496497431941
75,10,0,5,5,0,0,5,0,0,3.3099937346103583
75,10,0,5,5,0,5,0,0,0,3.594607765197799
75,10,0,5,5,5,0,0,0,0,3.3435759317678198
75,10,0,5,10,0,0,0,0,0,3.338005678969771
75,10,0,10,0,0,0,0,0,5,3.3773763864267448
75,10,0,10,0,0,0,0,5,0,3.768829472484439
75,10,0,10,0,0,0,5,0,0,3.2743267096628563
75,10,0,10,0,0,5,0,0,0,3.56572502250433
75,10,0,10,0,5,0,0,0,0,3.3079089068203187
75,10,0,10,5,0,0,0,0,0,3.338005678969771
75,10,0,15,0,0,0,0,0,0,3.302338654022269
75,10,5,0,0,0,0,0,0,10,3.3269182871623753
75,10,5,0,0,0,0,0,5,5,3.816449480339206
75,10,5,0,0,0,0,0,10,0,3.7513694674799583
75,10,5,0,0,0,0,5,0,5,3.2850009446321082
75,10,5,0,0,0,0,5,5,0,3.689367078802884
75,10,5,0,0,0,0,10,0,0,3.2039153816656505
75,10,5,0,0,0,5,0,0,5,3.5677603071805404
75,10,5,0,0,0,5,0,5,0,4.025638955411195
75,10,5,0,0,0,5,5,0,0,3.4407999037022945
75,10,5,0,0,0,10,0,0,0,3.5111398182020888
75,10,5,0,0,5,0,0,0,5,3.3062655037111517
75,10,5,0,0,5,0,0,5,0,3.7196886546910615
75,10,5,0,0,5,0,5,0,0,3.1742953033630683
75,10,5,0,0,5,5,0,0,0,3.4830243242714287
75,10,5,0,0,10,0,0,0,0,3.227822240148896
75,10,5,0,5,0,0,0,0,5,3.356798140813444
75,10,5,0,5,0,0,0,5,0,3.7799129960607263
75,10,5,0,5,0,0,5,0,0,3.2310306402981994
75,10,5,0,5,0,5,0,0,0,3.536106720787528
75,10,5,0,5,5,0,0,0,0,3.259686496359269
75,10,5,0,10,0,0,0,0,0,3.2803392798104913
75,10,5,5,0,0,0,0,0,5,3.11879793165787
75,10,5,5,0,0,0,0,5,0,3.5405353990738386
75,10,5,5,0,0,0,5,0,0,3.012851544905252
75,10,5,5,0,0,5,0,0,0,3.300305749795971
75,10,5,5,0,5,0,0,0,0,3.033002648537165
75,10,5,5,5,0,0,0,0,0,3.0708620678551792
75,10,5,10,0,0,0,0,0,0,3.042318539274412
75,10,10,0,0,0,0,0,0,5,3.3269182871623753
75,10,10,0,0,0,0,0,5,0,3.7513694674799583
75,10,10,0,0,0,0,5,0,0,3.2024871117174327
75,10,10,0,0,0,5,0,0,0,3.5111398182020888
75,10,10,0,0,5,0,0,0,0,3.227822240148896
75,10,10,0,5,0,0,0,0,0,3.2803392798104913
75,10,10,5,0,0,0,0,0,0,3.042318539274412
75,10,15,0,0,0,0,0,0,0,3.251795751229724
75,15,0,0,0,0,0,0,0,10,3.9432033797874397
75,15,0,0,0,0,0,0,5,5,4.4045345730616745
75,15,0,0,0,0,0,0,10,0,4.336691750521344
75,15,0,0,0,0,0,5,0,5,3.8875722653043727
75,15,0,0,0,0,0,5,5,0,4.2708842126572275
75,15,0,0,0,0,0,10,0,0,3.808196162932187
75,15,0,0,0,0,5,0,0,5,4.181331686903991
75,15,0,0,0,0,5,0,5,0,4.610098325358868
75,15,0,0,0,0,5,5,0,0,4.0408970442455105
75,15,0,0,0,0,10,0,0,0,4.12773585709713
75,15,0,0,0,5,0,0,0,5,3.893678119333
75,15,0,0,0,5,0,0,5,0,4.279025351362066
75,15,0,0,0,5,0,5,0,0,3.7654551847317803
75,15,0,0,0,5,5,0,0,0,4.077532168417287
75,15,0,0,0,10,0,0,0,0,3.8163373016370237
75,15,0,0,5,0,0,0,0,5,3.9432033797874397
75,15,0,0,5,0,0,0,5,0,4.336691750521344
75,15,0,0,5,0,0,5,0,0,3.808196162932187
75,15,0,0,5,0,5,0,0,0,4.12773585709713
75,15,0,0,5,5,0,0,0,0,3.8163373016370237
75,15,0,0,10,0,0,0,0,0,3.8665409903168664
75,15,0,5,0,0,0,0,0,5,3.751886620223712
75,15,0,5,0,0,0,0,5,0,4.140625993379794
75,15,0,5,0,0,0,5,0,0,3.616200975143056
75,15,0,5,0,0,5,0,0,0,3.9323485281809836
75,15,0,5,0,5,0,0,0,0,3.6311263961019256
75,15,0,5,5,0,0,0,0,0,3.672510517851525
75,15,0,10,0,0,0,0,0,0,3.672510517851525
75,15,5,0,0,0,0,0,0,5,3.696255505740644
75,15,5,0,0,0,0,0,5,0,4.105347725658822
75,15,5,0,0,0,0,5,0,0,3.539538585672484
75,15,5,0,0,0,5,0,0,0,3.864505705640654
75,15,5,0,0,5,0,0,0,0,3.555142434856758
75,15,5,0,5,0,0,0,0,0,3.6053461235366013
75,15,5,5,0,0,0,0,0,0,3.4092803663950497
75,15,10,0,0,0,0,0,0,0,3.6053461235366013
75,20,0,0,0,0,0,0,0,5,4.435742271430225
75,20,0,0,0,0,0,0,5,0,4.845512919573806
75,20,0,0,0,0,0,5,0,0,4.300735054574971
75,20,0,0,0,0,5,0,0,0,4.657588301137095
75,20,0,0,0,5,0,0,0,0,4.325158470689488
75,20,0,0,5,0,0,0,0,0,4.37536215936933
75,20,0,5,0,0,0,0,0,0,4.179974830453184
75,20,5,0,0,0,0,0,0,0,4.151480844986245
75,25,0,0,0,0,0,0,0,0,4.37536215936933
80,0,0,0,0,0,0,0,0,20,3.443330718702208
80,0,0,0,0,0,0,0,5,15,3.9144723411832616
80,0,0,0,0,0,0,0,10,10,3.9144723411832616
80,0,0,0,0,0,0,0,15,5,3.9144723411832616
80,0,0,0,0,0,0,0,20,0,3.8488317181999947
80,0,0,0,0,0,0,5,0,15,3.390748563816933
80,0,0,0,0,0,0,5,5,10,3.847161152456993
80,0,0,0,0,0,0,5,10,5,3.847161152456993
80,0,0,0,0,0,0,5,15,0,3.7813536145928732
80,0,0,0,0,0,0,10,0,10,3.3993003301318847
80,0,0,0,0,0,0,10,5,5,3.8447866536680824
80,0,0,0,0,0,0,10,10,0,3.778979115803962
80,0,0,0,0,0,0,15,0,5,3.3993003301318847
80,0,0,0,0,0,0,15,5,0,3.778979115803962
80,0,0,0,0,0,0,20,0,0,3.3246732253375217
80,0,0,0,0,0,5,0,0,15,3.676977828856227
80,0,0,0,0,0,5,0,5,10,4.170126710789399
80,0,0,0,0,0,5,0,10,5,4.170126710789399
80,0,0,0,0,0,5,0,15,0,4.120089936990407
80,0,0,0,0,0,5,5,0,10,3.602685970758047
80,0,0,0,0,0,5,5,5,5,4.081218890221126
80,0,0,0,0,0,5,5,10,0,4.031693629766684
80,0,0,0,0,0,5,10,0,5,3.6112377370729996
80,0,0,0,0,0,5,10,5,0,4.029319130977772
80,0,0,0,0,0,5,15,0,0,3.5528929096883144
80,0,0,0,0,0,10,0,0,10,3.676977828856227
80,0,0,0,0,0,10,0,5,5,4.170126710789399
80,0,0,0,0,0,10,0,10,0,4.120089936990407
80,0,0,0,0,0,10,5,0,5,3.602685970758047
80,0,0,0,0,0,10,5,5,0,4.031693629766684
80,0,0,0,0,0,10,10,0,0,3.5528929096883144
80,0,0,0,0,0,15,0,0,5,3.676977828856227
80,0,0,0,0,0,15,0,5,0,4.120089936990407
80,0,0,0,0,0,15,5,0,0,3.5443411433733627
80,0,0,0,0,0,20,0,0,0,3.617879192332207
80,0,0,0,0,5,0,0,0,15,3.440884806415887
80,0,0,0,0,5,0,0,5,10,3.9086342877699245
80,0,0,0,0,5,0,0,10,5,3.9086342877699245
80,0,0,0,0,5,0,0,15,0,3.8429936647866554
80,0,0,0,0,5,0,5,0,10,3.4071558148470813
80,0,0,0,0,5,0,5,5,5,3.861604532308343
80,0,0,0,0,5,0,5,10,0,3.800545992022046
80,0,0,0,0,5,0,10,0,5,3.415707581162033
80,0,0,0,0,5,0,10,5,0,3.798171493233135
80,0,0,0,0,5,0,15,0,0,3.3458294739454937
80,0,0,0,0,5,5,0,0,10,3.6694437048793818
80,0,0,0,0,5,5,0,5,5,4.156939018267525
80,0,0,0,0,5,5,0,10,0,4.106902244468533
80,0,0,0,0,5,5,5,0,5,3.6140050100976713
80,0,0,0,0,5,5,5,5,0,4.04342329671642
80,0,0,0,0,5,5,10,0,0,3.5689609466057606
80,0,0,0,0,5,10,0,0,5,3.6694437048793818
80,0,0,0,0,5,10,0,5,0,4.106902244468533
80,0,0,0,0,5,10,5,0,0,3.560409180290809
80,0,0,0,0,5,15,0,0,0,3.6103450683553593
80,0,0,0,0,10,0,0,0,10,3.440884806415887
80,0,0,0,0,10,0,0,5,5,3.9086342877699245
80,0,0,0,0,10,0,0,10,0,3.8429936647866554
80,0,0,0,0,10,0,5,0,5,3.4071558148470813
80,0,0,0,0,10,0,5,5,0,3.800545992022046
80,0,0,0,0,10,0,10,0,0,3.3458294739454937
80,0,0,0,0,10,5,0,0,5,3.6694437048793818
80,0,0,0,0,10,5,0,5,0,4.106902244468533
80,0,0,0,0,10,5,5,0,0,3.560409180290809
80,0,0,0,0,10,10,0,0,0,3.6103450683553593
80,0,0,0,0,15,0,0,0,5,3.440884806415887
80,0,0,0,0,15,0,0,5,0,3.8429936647866554
80,0,0,0,0,15,0,5,0,0,3.337277707630542
80,0,0,0,0,15,5,0,0,0,3.6103450683553593
80,0,0,0,0,20,0,0,0,0,3.3661823207075905
80,0,0,0,5,0,0,0,0,15,3.471256123788718
80,0,0,0,5,0,0,0,5,10,3.929266589433348
80,0,0,0,5,0,0,0,10,5,3.929266589433348
80,0,0,0,5,0,0,0,15,0,3.8684115776146712
80,0,0,0,5,0,0,5,0,10,3.4248552038460063
80,0,0,0,5,0,0,5,5,5,3.868136635649644
80,0,0,0,5,0,0,5,10,0,3.804567910929354
80,0,0,0,5,0,0,10,0,5,3.4248552038460063
80,0,0,0,5,0,0,10,5,0,3.804567910929354
80,0,0,0,5,0,0,15,0,0,3.352466912195474
80,0,0,0,5,0,5,0,0,10,3.7134550002576896
80,0,0,0,5,0,5,0,5,5,4.184920959039485
80,0,0,0,5,0,5,0,10,0,4.139669796405085
80,0,0,0,5,0,5,5,0,5,3.645344377102073
80,0,0,0,5,0,5,5,5,0,4.054907926103164
80,0,0,0,5,0,5,10,0,0,3.5892383628612197
80,0,0,0,5,0,10,0,0,5,3.7134550002576896
80,0,0,0,5,0,10,0,5,0,4.139669796405085
80,0,0,0,5,0,10,5,0,0,3.5892383628612197
80,0,0,0,5,0,15,0,0,0,3.659384270693047
80,0,0,0,5,5,0,0,0,10,3.471184710291309
80,0,0,0,5,5,0,0,5,5,3.92342853602001
80,0,0,0,5,5,0,0,10,0,3.8625735242013333
80,0,0,0,5,5,0,5,0,5,3.443636953665067
80,0,0,0,5,5,0,5,5,0,3.823760288358527
80,0,0,0,5,5,0,10,0,0,3.375997659592358
80,0,0,0,5,5,5,0,0,5,3.705920876280844
80,0,0,0,5,5,5,0,5,0,4.12648210388321
80,0,0,0,5,5,5,5,0,0,3.605306399778666
80,0,0,0,5,5,10,0,0,0,3.6518501467162
80,0,0,0,5,10,0,0,0,5,3.471184710291309
80,0,0,0,5,10,0,0,5,0,3.8625735242013333
80,0,0,0,5,10,0,5,0,0,3.375997659592358
80,0,0,0,5,10,5,0,0,0,3.6518501467162
80,0,0,0,5,15,0,0,0,0,3.4015101315423895
80,0,0,0,10,0,0,0,0,10,3.471256123788718
80,0,0,0,10,0,0,0,5,5,3.929266589433348
80,0,0,0,10,0,0,0,10,0,3.8684115776146712
80,0,0,0,10,0,0,5,0,5,3.4248552038460063
80,0,0,0,10,0,0,5,5,0,3.804567910929354
80,0,0,0,10,0,0,10,0,0,3.352466912195474
80,0,0,0,10,0,5,0,0,5,3.7134550002576896
80,0,0,0,10,0,5,0,5,0,4.139669796405085
80,0,0,0,10,0,5,5,0,0,3.5892383628612197
80,0,0,0,10,0,10,0,0,0,3.659384270693047
80,0,0,0,10,5,0,0,0,5,3.471184710291309
80,0,0,0,10,5,0,0,5,0,3.8625735242013333
80,0,0,0,10,5,0,5,0,0,3.375997659592358
80,0,0,0,10,5,5,0,0,0,3.6518501467162
80,0,0,0,10,10,0,0,0,0,3.4015101315423895
80,0,0,0,15,0,0,0,0,5,3.471256123788718
80,0,0,0,15,0,0,0,5,0,3.8684115776146712
80,0,0,0,15,0,0,5,0,0,3.352466912195474
80,0,0,0,15,0,5,0,0,0,3.659384270693047
80,0,0,0,15,5,0,0,0,0,3.4015101315423895
80,0,0,0,20,0,0,0,0,0,3.4015815450397997
80,0,0,5,0,0,0,0,0,15,3.2169281111188686
80,0,0,5,0,0,0,0,5,10,3.6831511289657475
80,0,0,5,0,0,0,0,10,5,3.6831511289657475
80,0,0,5,0,0,0,0,15,0,3.6146298782000135
80,0,0,5,0,0,0,5,0,10,3.2001102324786093
80,0,0,5,0,0,0,5,5,5,3.650586574146392
80,0,0,5,0,0,0,5,10,0,3.5793516104790446
80,0,0,5,0,0,0,10,0,5,3.205269857666545
80,0,0,5,0,0,0,10,5,0,3.5769771116901334
80,0,0,5,0,0,0,15,0,0,3.1252153270689553
80,0,0,5,0,0,5,0,0,10,3.4647106304166515
80,0,0,5,0,0,5,0,5,5,3.9451806409970005
80,0,0,5,0,0,5,0,10,0,3.89226323941554
80,0,0,5,0,0,5,5,0,5,3.4255046203380846
80,0,0,5,0,0,5,5,5,0,3.8352752684816678
80,0,0,5,0,0,5,10,0,0,3.3668919923381098
80,0,0,5,0,0,10,0,0,5,3.4647106304166515
80,0,0,5,0,0,10,0,5,0,3.89226323941554
80,0,0,5,0,0,10,5,0,0,3.361732367150174
80,0,0,5,0,0,15,0,0,0,3.4005991631160386
80,0,0,5,0,5,0,0,0,10,3.2443330407502913
80,0,0,5,0,5,0,0,5,5,3.703093348117734
80,0,0,5,0,5,0,0,10,0,3.6345720973520006
80,0,0,5,0,5,0,5,0,5,3.228657778068605
80,0,0,5,0,5,0,5,5,0,3.6005078590870165
80,0,0,5,0,5,0,10,0,0,3.153084444433548
80,0,0,5,0,5,5,0,0,5,3.4839744213432344
80,0,0,5,0,5,5,0,5,0,3.904064319862689
80,0,0,5,0,5,5,5,0,0,3.381460345809927
80,0,0,5,0,5,10,0,0,0,3.4222374528315345
80,0,0,5,0,10,0,0,0,5,3.2443330407502913
80,0,0,5,0,10,0,0,5,0,3.6345720973520006
80,0,0,5,0,10,0,5,0,0,3.1479248192456124
80,0,0,5,0,10,5,0,0,0,3.4222374528315345
80,0,0,5,0,15,0,0,0,0,3.1669922230543146
80,0,0,5,5,0,0,0,0,10,3.244589683006611
80,0,0,5,5,0,0,0,5,5,3.702260934538539
80,0,0,5,5,0,0,0,10,0,3.6393706380436517
80,0,0,5,5,0,0,5,0,5,3.226754162028247
80,0,0,5,5,0,0,5,5,0,3.604092370322683
80,0,0,5,5,0,0,10,0,0,3.1523305857015043
80,0,0,5,5,0,5,0,0,5,3.4855879200503614
80,0,0,5,5,0,5,0,5,0,3.9102197170051465
80,0,0,5,5,0,5,5,0,0,3.387222968716626
80,0,0,5,5,0,10,0,0,0,3.4294819058095074
80,0,0,5,5,5,0,0,0,5,3.271994612638033
80,0,0,5,5,5,0,0,5,0,3.659312857195639
80,0,0,5,5,5,0,5,0,0,3.1801997030660982
80,0,0,5,5,5,5,0,0,0,3.448745696736091
80,0,0,5,5,10,0,0,0,0,3.2002847492129045
80,0,0,5,10,0,0,0,0,5,3.244589683006611
80,0,0,5,10,0,0,0,5,0,3.6393706380436517
80,0,0,5,10,0,0,5,0,0,3.1523305857015043
80,0,0,5,10,0,5,0,0,0,3.4294819058095074
80,0,0,5,10,5,0,0,0,0,3.2002847492129045
80,0,0,5,15,0,0,0,0,0,3.172879819581482
80,0,0,10,0,0,0,0,0,10,3.2131253423817396
80,0,0,10,0,0,0,0,5,5,3.6722248638618837
80,0,0,10,0,0,0,0,10,0,3.6037036130961497
80,0,0,10,0,0,0,5,0,5,3.195289821403374
80,0,0,10,0,0,0,5,5,0,3.568425345375181
80,0,0,10,0,0,0,10,0,0,3.123787057120737
80,0,0,10,0,0,5,0,0,5,3.4609078616795226
80,0,0,10,0,0,5,0,5,0,3.8813369743116777
80,0,0,10,0,0,5,5,0,0,3.3569119560749403
80,0,0,10,0,0,10,0,0,0,3.3991708931678217
80,0,0,10,0,5,0,0,0,5,3.2419585419613792
80,0,0,10,0,5,0,0,5,0,3.6236458322481373
80,0,0,10,0,5,0,5,0,0,3.1445326781185963
80,0,0,10,0,5,5,0,0,0,3.4198629540426224
80,0,0,10,0,10,0,0,0,0,3.164617724265404
80,0,0,10,5,0,0,0,0,5,3.2431614130583934
80,0,0,10,5,0,0,0,5,0,3.6393706380436517
80,0,0,10,5,0,0,5,0,0,3.1509023157532865
80,0,0,10,5,0,5,0,0,0,3.4280536358612905
80,0,0,10,5,5,0,0,0,0,3.2002847492129045
80,0,0,10,10,0,0,0,0,0,3.1714515496332636
80,0,0,15,0,0,0,0,0,5,3.2131253423817396
80,0,0,15,0,0,0,0,5,0,3.6037036130961497
80,0,0,15,0,0,0,5,0,0,3.1152352908057854
80,0,0,15,0,0,5,0,0,0,3.3991708931678217
80,0,0,15,0,5,0,0,0,0,3.164617724265404
80,0,0,15,5,0,0,0,0,0,3.1714515496332636
80,0,0,20,0,0,0,0,0,0,3.135784524685762
80,0,5,0,0,0,0,0,0,15,3.1651140480724096
80,0,5,0,0,0,0,0,5,10,3.6652322922404026
80,0,5,0,0,0,0,0,10,5,3.6652322922404026
80,0,5,0,0,0,0,0,15,0,3.5857222895605707
80,0,5,0,0,0,0,5,0,10,3.1321269633933713
80,0,5,0,0,0,0,5,5,5,3.6209797283448
80,0,5,0,0,0,0,5,10,0,3.5326501587347265
80,0,5,0,0,0,0,10,0,5,3.1406787297083243
80,0,5,0,0,0,0,10,5,0,3.5302756599458145
80,0,5,0,0,0,0,15,0,0,3.043971464183237
80,0,5,0,0,0,5,0,0,10,3.4059560680905734
80,0,5,0,0,0,5,0,5,5,3.9209997332174398
80,0,5,0,0,0,5,0,10,0,3.8564151514964804
80,0,5,0,0,0,5,5,0,5,3.3512592801986316
80,0,5,0,0,0,5,5,5,0,3.7823117456831334
80,0,5,0,0,0,5,10,0,0,3.2787076301727724
80,0,5,0,0,0,10,0,0,5,3.4059560680905734
80,0,5,0,0,0,10,0,5,0,3.8564151514964804
80,0,5,0,0,0,10,5,0,0,3.2701558638578208
80,0,5,0,0,0,15,0,0,0,3.3313289632962118
80,0,5,0,0,5,0,0,0,10,3.179061104116753
80,0,5,0,0,5,0,0,5,5,3.6726950027198395
80,0,5,0,0,5,0,0,10,0,3.5919620438968467
80,0,5,0,0,5,0,5,0,5,3.122001719685467
80,0,5,0,0,5,0,5,5,0,3.5325281606766485
80,0,5,0,0,5,0,10,0,0,3.051927225351047
80,0,5,0,0,5,5,0,0,5,3.412440413655481
80,0,5,0,0,5,5,0,5,0,3.85519219535332
80,0,5,0,0,5,5,5,0,0,3.2706489145461957
80,0,5,0,0,5,10,0,0,0,3.3378133088611186
80,0,5,0,0,10,0,0,0,5,3.179061104116753
80,0,5,0,0,10,0,0,5,0,3.5919620438968467
80,0,5,0,0,10,0,5,0,0,3.0433754590360955
80,0,5,0,0,10,5,0,0,0,3.3378133088611186
80,0,5,0,0,15,0,0,0,0,3.0895085783635183
80,0,5,0,5,0,0,0,0,10,3.200648958049701
80,0,5,0,5,0,0,0,5,5,3.6901801512265333
80,0,5,0,5,0,0,0,10,0,3.6163011028175482
80,0,5,0,5,0,0,5,0,5,3.1676618733706636
80,0,5,0,5,0,0,5,5,0,3.5632289719917036
80,0,5,0,5,0,0,10,0,0,3.0765855621164233
80,0,5,0,5,0,5,0,0,5,3.4414909780678657
80,0,5,0,5,0,5,0,5,0,3.886993964753458
80,0,5,0,5,0,5,5,0,0,3.3113217281059586
80,0,5,0,5,0,10,0,0,0,3.37249482754435
80,0,5,0,5,5,0,0,0,5,3.2145960140940453
80,0,5,0,5,5,0,0,5,0,3.6225408571538242
80,0,5,0,5,5,0,5,0,0,3.084541323284234
80,0,5,0,5,5,5,0,0,0,3.3789791731092578
80,0,5,0,5,10,0,0,0,0,3.1306744426116575
80,0,5,0,10,0,0,0,0,5,3.200648958049701
80,0,5,0,10,0,0,0,5,0,3.6163011028175482
80,0,5,0,10,0,0,5,0,0,3.0765855621164233
80,0,5,0,10,0,5,0,0,0,3.37249482754435
80,0,5,0,10,5,0,0,0,0,3.1306744426116575
80,0,5,0,15,0,0,0,0,0,3.1167273865673133
80,0,5,5,0,0,0,0,0,10,2.9591396681650997
80,0,5,5,0,0,0,0,5,5,3.4558657712060765
80,0,5,5,0,0,0,0,10,0,3.3743204838500342
80,0,5,5,0,0,0,5,0,5,2.9459549512056196
80,0,5,5,0,0,0,5,5,0,3.3389440225701255
80,0,5,5,0,0,0,10,0,0,2.8519613985821457
80,0,5,5,0,0,5,0,0,5,3.198624831732459
80,0,5,5,0,0,5,0,5,0,3.6443349175605406
80,0,5,5,0,0,5,5,0,0,3.079913282317649
80,0,5,5,0,0,10,0,0,0,3.12148932784154
80,0,5,5,0,5,0,0,0,5,2.983673775200606
80,0,5,5,0,5,0,0,5,0,3.3911472891774737
80,0,5,5,0,5,0,5,0,0,2.8523979135850697
80,0,5,5,0,5,5,0,0,0,3.138355410592553
80,0,5,5,0,10,0,0,0,0,2.892085964771161
80,0,5,5,5,0,0,0,0,5,2.9868012400528428
80,0,5,5,5,0,0,0,5,0,3.3990612436936725
80,0,5,5,5,0,0,5,0,0,2.8790766572146946
80,0,5,5,5,0,5,0,0,0,3.155254968420477
80,0,5,5,5,5,0,0,0,0,2.925378490929751
80,0,5,5,10,0,0,0,0,0,2.900844383894246
80,0,5,10,0,0,0,0,0,5,2.9567651693761876
80,0,5,10,0,0,0,0,5,0,3.363394218746171
80,0,5,10,0,0,0,5,0,0,2.843409632267194
80,0,5,10,0,0,5,0,0,0,3.119587943472975
80,0,5,10,0,5,0,0,0,0,2.889711465982249
80,0,5,10,5,0,0,0,0,0,2.900844383894246
80,0,5,15,0,0,0,0,0,0,2.865177358946744
80,0,10,0,0,0,0,0,0,10,3.1651140480724096
80,0,10,0,0,0,0,0,5,5,3.6652322922404026
80,0,10,0,0,0,0,0,10,0,3.5857222895605707
80,0,10,0,0,0,0,5,0,5,3.1321269633933713
80,0,10,0,0,0,0,5,5,0,3.5326501587347265
80,0,10,0,0,0,0,10,0,0,3.043971464183237
80,0,10,0,0,0,5,0,0,5,3.4059560680905734
80,0,10,0,0,0,5,0,5,0,3.8564151514964804
80,0,10,0,0,0,5,5,0,0,3.2701558638578208
80,0,10,0,0,0,10,0,0,0,3.3313289632962118
80,0,10,0,0,5,0,0,0,5,3.179061104116753
80,0,10,0,0,5,0,0,5,0,3.5919620438968467
80,0,10,0,0,5,0,5,0,0,3.0433754590360955
80,0,10,0,0,5,5,0,0,0,3.3378133088611186
80,0,10,0,0,10,0,0,0,0,3.0895085783635183
80,0,10,0,5,0,0,0,0,5,3.200648958049701
80,0,10,0,5,0,0,0,5,0,3.6163011028175482
80,0,10,0,5,0,0,5,0,0,3.0765855621164233
80,0,10,0,5,0,5,0,0,0,3.37249482754435
80,0,10,0,5,5,0,0,0,0,3.1306744426116575
80,0,10,0,10,0,0,0,0,0,3.1167273865673133
80,0,10,5,0,0,0,0,0,5,2.9591396681650997
80,0,10,5,0,0,0,0,5,0,3.3743204838500342
80,0,10,5,0,0,0,5,0,0,2.847212401004323
80,0,10,5,0,0,5,0,0,0,3.12148932784154
80,0,10,5,0,5,0,0,0,0,2.892085964771161
80,0,10,5,5,0,0,0,0,0,2.900844383894246
80,0,10,10,0,0,0,0,0,0,2.865177358946744
80,0,15,0,0,0,0,0,0,5,3.1651140480724096
80,0,15,0,0,0,0,0,5,0,3.5857222895605707
80,0,15,0,0,0,0,5,0,0,3.0354196978682855
80,0,15,0,0,0,5,0,0,0,3.3313289632962118
80,0,15,0,0,5,0,0,0,0,3.0895085783635183
80,0,15,0,5,0,0,0,0,0,3.1167273865673133
80,0,15,5,0,0,0,0,0,0,2.867078743315309
80,0,20,0,0,0,0,0,0,0,3.075561522319174
80,5,0,0,0,0,0,0,0,15,3.446790305910113
80,5,0,0,0,0,0,0,5,10,3.9070056632873023
80,5,0,0,0,0,0,0,10,5,3.9070056632873023
80,5,0,0,0,0,0,0,15,0,3.8346816437844407
80,5,0,0,0,0,0,5,0,10,3.396586617230272
80,5,0,0,0,0,0,5,5,5,3.8420729407664687
80,5,0,0,0,0,0,5,10,0,3.7704273494890095
80,5,0,0,0,0,0,10,0,5,3.3993003301318847
80,5,0,0,0,0,0,10,5,0,3.778979115803962
80,5,0,0,0,0,0,15,0,0,3.3246732253375217
80,5,0,0,0,0,5,0,0,10,3.6804374160641316
80,5,0,0,0,0,5,0,5,5,4.16266003289344
80,5,0,0,0,0,5,0,10,0,4.105939862574852
80,5,0,0,0,0,5,5,0,5,3.608524024171386
80,5,0,0,0,0,5,5,5,0,4.02076736466282
80,5,0,0,0,0,5,10,0,0,3.5528929096883144
80,5,0,0,0,0,10,0,0,5,3.6804374160641316
80,5,0,0,0,0,10,0,5,0,4.105939862574852
80,5,0,0,0,0,10,5,0,0,3.5443411433733627
80,5,0,0,0,0,15,0,0,0,3.6148976788153027
80,5,0,0,0,5,0,0,0,10,3.446170931153723
80,5,0,0,0,5,0,0,5,5,3.9029941474038967
80,5,0,0,0,5,0,0,10,0,3.8288435903711013
80,5,0,0,0,5,0,5,0,5,3.404717043910499
80,5,0,0,0,5,0,5,5,0,3.7862275857911665
80,5,0,0,0,5,0,10,0,0,3.3424373328184767
80,5,0,0,0,5,5,0,0,5,3.6747298296172177
80,5,0,0,0,5,5,0,5,0,4.092752170052978
80,5,0,0,0,5,5,5,0,0,3.557017039163793
80,5,0,0,0,5,10,0,0,0,3.607363554838455
80,5,0,0,0,10,0,0,0,5,3.446170931153723
80,5,0,0,0,10,0,0,5,0,3.8288435903711013
80,5,0,0,0,10,0,5,0,0,3.333885566503525
80,5,0,0,0,10,5,0,0,0,3.607363554838455
80,5,0,0,0,15,0,0,0,0,3.3632008071906863
80,5,0,0,5,0,0,0,0,10,3.471256123788718
80,5,0,0,5,0,0,0,5,5,3.929266589433348
80,5,0,0,5,0,0,0,10,0,3.8684115776146712
80,5,0,0,5,0,0,5,0,5,3.4248552038460063
80,5,0,0,5,0,0,5,5,0,3.804567910929354
80,5,0,0,5,0,0,10,0,0,3.352466912195474
80,5,0,0,5,0,5,0,0,5,3.7134550002576896
80,5,0,0,5,0,5,0,5,0,4.139669796405085
80,5,0,0,5,0,5,5,0,0,3.5892383628612197
80,5,0,0,5,0,10,0,0,0,3.659384270693047
80,5,0,0,5,5,0,0,0,5,3.47301124782124
80,5,0,0,5,5,0,0,5,0,3.8625735242013333
80,5,0,0,5,5,0,5,0,0,3.372605518465341
80,5,0,0,5,5,5,0,0,0,3.6518501467162
80,5,0,0,5,10,0,0,0,0,3.4015101315423895
80,5,0,0,10,0,0,0,0,5,3.471256123788718
80,5,0,0,10,0,0,0,5,0,3.8684115776146712
80,5,0,0,10,0,0,5,0,0,3.352466912195474
80,5,0,0,10,0,5,0,0,0,3.659384270693047
80,5,0,0,10,5,0,0,0,0,3.4015101315423895
80,5,0,0,15,0,0,0,0,0,3.4015815450397997
80,5,0,5,0,0,0,0,0,10,3.2203916657432954
80,5,0,5,0,0,0,0,5,5,3.678062917275223
80,5,0,5,0,0,0,0,10,0,3.6037036130961497
80,5,0,5,0,0,0,5,0,5,3.202556144764931
80,5,0,5,0,0,0,5,5,0,3.568425345375181
80,5,0,5,0,0,0,10,0,0,3.1252153270689553
80,5,0,5,0,0,5,0,0,5,3.4681741850410788
80,5,0,5,0,0,5,0,5,0,3.8813369743116777
80,5,0,5,0,0,5,5,0,0,3.358340226023157
80,5,0,5,0,0,10,0,0,0,3.4005991631160386
80,5,0,5,0,5,0,0,0,5,3.2477965953747185
80,5,0,5,0,5,0,0,5,0,3.6257525304217584
80,5,0,5,0,5,0,5,0,0,3.145643554744987
80,5,0,5,0,5,5,0,0,0,3.4219696522162426
80,5,0,5,0,10,0,0,0,0,3.1667244224390254
80,5,0,5,5,0,0,0,0,5,3.244589683006611
80,5,0,5,5,0,0,0,5,0,3.6393706380436517
80,5,0,5,5,0,0,5,0,0,3.1523305857015043
80,5,0,5,5,0,5,0,0,0,3.4294819058095074
80,5,0,5,5,5,0,0,0,0,3.202391447386526
80,5,0,5,10,0,0,0,0,0,3.172879819581482
80,5,0,10,0,0,0,0,0,5,3.2189633957950776
80,5,0,10,0,0,0,0,5,0,3.6037036130961497
80,5,0,10,0,0,0,5,0,0,3.1152352908057854
80,5,0,10,0,0,5,0,0,0,3.3991708931678217
80,5,0,10,0,5,0,0,0,0,3.1667244224390254
80,5,0,10,5,0,0,0,0,0,3.1714515496332636
80,5,0,15,0,0,0,0,0,0,3.135784524685762
80,5,5,0,0,0,0,0,0,10,3.1735220947238223
80,5,5,0,0,0,0,0,5,5,3.6627140737879516
80,5,5,0,0,0,0,0,10,0,3.590171350449268
80,5,5,0,0,0,0,5,0,5,3.139067462672991
80,5,5,0,0,0,0,5,5,0,3.5356316722516294
80,5,5,0,0,0,0,10,0,0,3.0505191892270966
80,5,5,0,0,0,5,0,0,5,3.414364114741986
80,5,5,0,0,0,5,0,5,0,3.8644408383805047
80,5,5,0,0,0,5,5,0,0,3.2874037112637415
80,5,5,0,0,0,10,0,0,0,3.3502809152840998
80,5,5,0,0,5,0,0,0,5,3.1806848685141325
80,5,5,0,0,5,0,0,5,0,3.5863060949019054
80,5,5,0,0,5,0,5,0,0,3.0487146681660486
80,5,5,0,0,5,5,0,0,0,3.3499809785949743
80,5,5,0,0,10,0,0,0,0,3.0947788944724404
80,5,5,0,5,0,0,0,0,5,3.2089007876755273
80,5,5,0,5,0,0,0,5,0,3.6245529324433745
80,5,5,0,5,0,0,5,0,0,3.0831332871602832
80,5,5,0,5,0,5,0,0,0,3.3807466571701763
80,5,5,0,5,5,0,0,0,0,3.1321419899834506
80,5,5,0,10,0,0,0,0,0,3.1249792161931396
80,5,5,5,0,0,0,0,0,5,2.963705668655807
80,5,5,5,0,0,0,0,5,0,3.3773019973669385
80,5,5,5,0,0,0,5,0,0,2.8570808536777874
80,5,5,5,0,0,5,0,0,0,3.1370723480890708
80,5,5,5,0,5,0,0,0,0,2.8956209328929994
80,5,5,5,5,0,0,0,0,0,2.9076286661482786
80,5,5,10,0,0,0,0,0,0,2.879085137567512
80,5,10,0,0,0,0,0,0,5,3.1735220947238223
80,5,10,0,0,0,0,0,5,0,3.590171350449268
80,5,10,0,0,0,0,5,0,0,3.0490909192788784
80,5,10,0,0,0,5,0,0,0,3.3502809152840998
80,5,10,0,0,5,0,0,0,0,3.0947788944724404
80,5,10,0,5,0,0,0,0,0,3.1249792161931396
80,5,10,5,0,0,0,0,0,0,2.879085137567512
80,5,15,0,0,0,0,0,0,0,3.090936848311735
80,10,0,0,0,0,0,0,0,10,3.4984222645381737
80,10,0,0,0,0,0,0,5,5,3.951951533220271
80,10,0,0,0,0,0,0,10,0,3.8796275137174074
80,10,0,0,0,0,0,5,0,5,3.44991464642184
80,10,0,0,0,0,0,5,5,0,3.8181583458210016
80,10,0,0,0,0,0,10,0,0,3.3746091134020744
80,10,0,0,0,0,5,0,0,5,3.7406211410071446
80,10,0,0,0,0,5,0,5,0,4.1509988038787204
80,10,0,0,0,0,5,5,0,0,3.602828797752867
80,10,0,0,0,0,10,0,0,0,3.6750814037583153
80,10,0,0,0,5,0,0,0,5,3.4676128337513386
80,10,0,0,0,5,0,0,5,0,3.8395288349212033
80,10,0,0,0,5,0,5,0,0,3.3495608291852115
80,10,0,0,0,5,5,0,0,0,3.6349827249621103
80,10,0,0,0,10,0,0,0,0,3.384642709788301
80,10,0,0,5,0,0,0,0,5,3.503213663880084
80,10,0,0,5,0,0,0,5,0,3.895887920743504
80,10,0,0,5,0,0,5,0,0,3.382317754113219
80,10,0,0,5,0,5,0,0,0,3.691341810784412
80,10,0,0,5,5,0,0,0,0,3.4009031168143973
80,10,0,0,10,0,0,0,0,0,3.433539085131165
80,10,0,5,0,0,0,0,0,5,3.243726026022297
80,10,0,5,0,0,0,0,5,0,3.627037973375152
80,10,0,5,0,0,0,5,0,0,3.139997921033006
80,10,0,5,0,0,5,0,0,0,3.423933523395042
80,10,0,5,0,5,0,0,0,0,3.174258546415872
80,10,0,5,5,0,0,0,0,0,3.196214179860484
80,10,0,10,0,0,0,0,0,0,3.160547154912982
80,10,5,0,0,0,0,0,0,5,3.192589498532525
80,10,5,0,0,0,0,0,5,0,3.6095779683706724
80,10,5,0,0,0,0,5,0,0,3.068158323087581
80,10,5,0,0,0,5,0,0,0,3.369348319092802
80,10,5,0,0,5,0,0,0,0,3.0934934515190444
80,10,5,0,5,0,0,0,0,0,3.138547780701206
80,10,5,5,0,0,0,0,0,0,2.900527040165126
80,10,10,0,0,0,0,0,0,0,3.1100042521204374
80,15,0,0,0,0,0,0,0,5,3.8088745911575894
80,15,0,0,0,0,0,0,5,0,4.194900251412057
80,15,0,0,0,0,0,5,0,0,3.6738673743023353
80,15,0,0,0,0,5,0,0,0,3.9859443579878437
80,15,0,0,0,5,0,0,0,0,3.6820085130071742
80,15,0,0,5,0,0,0,0,0,3.724749491207581
80,15,0,5,0,0,0,0,0,0,3.5307190187422384
80,15,5,0,0,0,0,0,0,0,3.4635546244273145
80,20,0,0,0,0,0,0,0,0,4.233570660260044
85,0,0,0,0,0,0,0,0,15,3.1631934217337085
85,0,0,0,0,0,0,0,5,10,3.6652035284706117
85,0,0,0,0,0,0,0,10,5,3.6652035284706117
85,0,0,0,0,0,0,0,15,0,3.5717473482458093
85,0,0,0,0,0,0,5,0,10,3.1250010865767224
85,0,0,0,0,0,0,5,5,5,3.6001418649127843
85,0,0,0,0,0,0,5,10,0,3.5065187698071294
85,0,0,0,0,0,0,10,0,5,3.139730120417715
85,0,0,0,0,0,0,10,5,0,3.503537256290226
85,0,0,0,0,0,0,15,0,0,3.037965886607221
85,0,0,0,0,0,5,0,0,10,3.4213353614996582
85,0,0,0,0,0,5,0,5,5,3.9256783091519822
85,0,0,0,0,0,5,0,10,0,3.8471475498860523
85,0,0,0,0,0,5,5,0,5,3.3607548949043644
85,0,0,0,0,0,5,5,5,0,3.760322339605368
85,0,0,0,0,0,5,10,0,0,3.2783972790152744
85,0,0,0,0,0,10,0,0,5,3.4213353614996582
85,0,0,0,0,0,10,0,5,0,3.8471475498860523
85,0,0,0,0,0,10,5,0,0,3.2745945102781446
85,0,0,0,0,0,15,0,0,0,3.3329928977858843
85,0,0,0,0,5,0,0,0,10,3.191544580205824
85,0,0,0,0,5,0,0,5,5,3.689216316975018
85,0,0,0,0,5,0,0,10,0,3.5957601367502163
85,0,0,0,0,5,0,5,0,5,3.163725055547768
85,0,0,0,0,5,0,5,5,0,3.5480278651771995
85,0,0,0,0,5,0,10,0,0,3.0814388531560892
85,0,0,0,0,5,5,0,0,5,3.4445983082812495
85,0,0,0,0,5,5,0,5,0,3.8638106992819234
85,0,0,0,0,5,5,5,0,0,3.312979265136488
85,0,0,0,0,5,10,0,0,0,3.357755528013105
85,0,0,0,0,10,0,0,0,5,3.191544580205824
85,0,0,0,0,10,0,0,5,0,3.5957601367502163
85,0,0,0,0,10,0,5,0,0,3.067117471362817
85,0,0,0,0,10,5,0,0,0,3.357755528013105
85,0,0,0,0,15,0,0,0,0,3.090184031026528
85,0,0,0,5,0,0,0,0,10,3.240247742364029
85,0,0,0,5,0,0,0,5,5,3.715558127756442
85,0,0,0,5,0,0,0,10,0,3.6268875586962306
85,0,0,0,5,0,0,5,0,5,3.1945252506467186
85,0,0,0,5,0,0,5,5,0,3.5583663079304997
85,0,0,0,5,0,0,10,0,0,3.0949998299800554
85,0,0,0,5,0,5,0,0,5,3.4960151833410658
85,0,0,0,5,0,5,0,5,0,3.898145777486643
85,0,0,0,5,0,5,5,0,0,3.34398298870306
85,0,0,0,5,0,10,0,0,0,3.4127006265866715
85,0,0,0,5,5,0,0,0,5,3.2709733996250567
85,0,0,0,5,5,0,0,5,0,3.650900347200637
85,0,0,0,5,5,0,5,0,0,3.146006920505771
85,0,0,0,5,5,5,0,0,0,3.4374632568138908
85,0,0,0,5,10,0,0,0,0,3.1742331053574175
85,0,0,0,10,0,0,0,0,5,3.240247742364029
85,0,0,0,10,0,0,0,5,0,3.6268875586962306
85,0,0,0,10,0,0,5,0,0,3.0949998299800554
85,0,0,0,10,0,5,0,0,0,3.4127006265866715
85,0,0,0,10,5,0,0,0,0,3.1742331053574175
85,0,0,0,15,0,0,0,0,0,3.142007764650762
85,0,0,5,0,0,0,0,0,10,2.9282390478354148
85,0,0,5,0,0,0,0,5,5,3.4250627493228523
85,0,0,5,0,0,0,0,10,0,3.3287259413155845
85,0,0,5,0,0,0,5,0,5,2.9220796336837283
85,0,0,5,0,0,0,5,5,0,3.2895199312370176
85,0,0,5,0,0,0,10,0,0,2.8228327256569674
85,0,0,5,0,0,5,0,0,5,3.198141897956217
85,0,0,5,0,0,5,0,5,0,3.6105012853809444
85,0,0,5,0,0,5,5,0,0,3.0763104713732683
85,0,0,5,0,0,10,0,0,0,3.1062148734140704
85,0,0,5,0,5,0,0,0,5,2.9854948193845816
85,0,0,5,0,5,0,0,5,0,3.3785190023853158
85,0,0,5,0,5,0,5,0,0,2.86744830816441
85,0,0,5,0,5,5,0,0,0,3.1601499173336323
85,0,0,5,0,10,0,0,0,0,2.881088286169886
85,0,0,5,5,0,0,0,0,5,3.002655036478055
85,0,0,5,5,0,0,0,5,0,3.389027052194966
85,0,0,5,5,0,0,5,0,0,2.8791882408043987
85,0,0,5,5,0,5,0,0,0,3.173300266547485
85,0,0,5,5,5,0,0,0,0,2.9635097278722857
85,0,0,5,10,0,0,0,0,0,2.9038080440367957
85,0,0,10,0,0,0,0,0,5,2.923490050257592
85,0,0,10,0,0,0,0,5,0,3.317799676211721
85,0,0,10,0,0,0,5,0,0,2.810067562994774
85,0,0,10,0,0,5,0,0,0,3.1047866034658522
85,0,0,10,0,5,0,0,0,0,2.8801420573291923
85,0,0,10,5,0,0,0,0,0,2.902379774088578
85,0,0,15,0,0,0,0,0,0,2.819012103545484
85,0,5,0,0,0,0,0,0,10,2.8842473132374984
85,0,5,0,0,0,0,0,5,5,3.403341143860379
85,0,5,0,0,0,0,0,10,0,3.2960155839390133
85,0,5,0,0,0,0,5,0,5,2.8663794861531615
85,0,5,0,0,0,0,5,5,0,3.238408696027577
85,0,5,0,0,0,0,10,0,0,2.7572641254529366
85,0,5,0,0,0,5,0,0,5,3.149584162867594
85,0,5,0,0,0,5,0,5,0,3.5882217619699497
85,0,5,0,0,0,5,5,0,0,3.0004092307626022
85,0,5,0,0,0,10,0,0,0,3.0471415008316955
85,0,5,0,0,5,0,0,0,5,2.929720877906691
85,0,5,0,0,5,0,0,5,0,3.325321897939
85,0,5,0,0,5,0,5,0,0,2.7766073638953888
85,0,5,0,0,5,5,0,0,0,3.085223768518864
85,0,5,0,0,10,0,0,0,0,2.8135102886824566
85,0,5,0,5,0,0,0,0,5,2.9682123066767927
85,0,5,0,5,0,0,0,5,0,3.355370465977702
85,0,5,0,5,0,0,5,0,0,2.8191184799010047
85,0,5,0,5,0,5,0,0,0,3.1258111834379747
85,0,5,0,5,5,0,0,0,0,2.903397416426685
85,0,5,0,10,0,0,0,0,0,2.857153606178274
85,0,5,5,0,0,0,0,0,5,2.6702032081227607
85,0,5,5,0,0,0,0,5,0,3.0772224812464515
85,0,5,5,0,0,0,5,0,0,2.544829799592336
85,0,5,5,0,0,5,0,0,0,2.827803870221377
85,0,5,5,0,5,0,0,0,0,2.6061820278867334
85,0,5,5,5,0,0,0,0,0,2.6317726083495607
85,0,5,10,0,0,0,0,0,0,2.5491037698882737
85,0,10,0,0,0,0,0,0,5,2.8842473132374984
85,0,10,0,0,0,0,0,5,0,3.2960155839390133
85,0,10,0,0,0,0,5,0,0,2.7429427436596643
85,0,10,0,0,0,5,0,0,0,3.0471415008316955
85,0,10,0,0,5,0,0,0,0,2.8135102886824566
85,0,10,0,5,0,0,0,0,0,2.857153606178274
85,0,10,5,0,0,0,0,0,0,2.5495768843086206
85,0,15,0,0,0,0,0,0,0,2.7679653105158515
85,5,0,0,0,0,0,0,0,10,3.1728302764676526
85,5,0,0,0,0,0,0,5,5,3.6509525683206197
85,5,0,0,0,0,0,0,10,0,3.5508129915762208
85,5,0,0,0,0,0,5,0,5,3.1438854932983094
85,5,0,0,0,0,0,5,5,0,3.502461590485475
85,5,0,0,0,0,0,10,0,0,3.0472094711783417
85,5,0,0,0,0,5,0,0,5,3.4244557345948614
85,5,0,0,0,0,5,0,5,0,3.8220712103666346
85,5,0,0,0,0,5,5,0,0,3.281124381947651
85,5,0,0,0,0,10,0,0,0,3.3296721701562784
85,5,0,0,0,5,0,0,0,5,3.2115597387846537
85,5,0,0,0,5,0,0,5,0,3.5902332421470238
85,5,0,0,0,5,0,5,0,0,3.071665916035412
85,5,0,0,0,5,5,0,0,0,3.3523995157072886
85,5,0,0,0,10,0,0,0,0,3.101523899302896
85,5,0,0,5,0,0,0,0,5,3.240247742364029
85,5,0,0,5,0,0,0,5,0,3.6268875586962306
85,5,0,0,5,0,0,5,0,0,3.099748827557878
85,5,0,0,5,0,5,0,0,0,3.4127006265866715
85,5,0,0,5,5,0,0,0,0,3.1742331053574175
85,5,0,0,10,0,0,0,0,0,3.142007764650762
85,5,0,5,0,0,0,0,0,5,2.92932810367093
85,5,0,5,0,0,0,0,5,0,3.3110153939576876
85,5,0,5,0,0,0,5,0,0,2.81022378002036
85,5,0,5,0,0,5,0,0,0,3.0952886083102067
85,5,0,5,0,5,0,0,0,0,2.8893722518695473
85,5,0,5,5,0,0,0,0,0,2.9038080440367957
85,5,0,10,0,0,0,0,0,0,2.817583833597267
85,5,5,0,0,0,0,0,0,5,2.8981337953331443
85,5,5,0,0,0,0,0,5,0,3.2933277584302107
85,5,5,0,0,0,0,5,0,0,2.7692526663307864
85,5,5,0,0,0,5,0,0,0,3.0650554066250764
85,5,5,0,0,5,0,0,0,0,2.8316201565133747
85,5,5,0,5,0,0,0,0,0,2.8654054358041003
85,5,5,5,0,0,0,0,0,0,2.566722499892356
85,5,10,0,0,0,0,0,0,0,2.788411419904926
85,10,0,0,0,0,0,0,0,5,3.2672746267935313
85,10,0,0,0,0,0,0,5,0,3.6196466763931268
85,10,0,0,0,0,0,5,0,0,3.1055542985630233
85,10,0,0,0,0,5,0,0,0,3.434096556745327
85,10,0,0,0,5,0,0,0,0,3.1620468383586102
85,10,0,0,5,0,0,0,0,0,3.198799348466756
85,10,0,5,0,0,0,0,0,0,2.8730185609624574
85,10,5,0,0,0,0,0,0,0,2.851719485359665
85,15,0,0,0,0,0,0,0,0,3.4732490067008395
90,0,0,0,0,0,0,0,0,10,0.524552868234187
90,0,0,0,0,0,0,0,5,5,0.4847041366789202
90,0,0,0,0,0,0,0,10,0,0.718686330581657
90,0,0,0,0,0,0,5,0,5,0.5659712486254637
90,0,0,0,0,0,0,5,5,0,0.6112794527909198
90,0,0,0,0,0,0,10,0,0,0.754994652986713
90,0,0,0,0,0,5,0,0,5,0.583279063532127
90,0,0,0,0,0,5,0,5,0,0.7691407103930378
90,0,0,0,0,0,5,5,0,0,0.7929707993665676
90,0,0,0,0,0,10,0,0,0,0.788745713309927
90,0,0,0,0,5,0,0,0,5,0.3775268306114061
90,0,0,0,0,5,0,0,5,0,0.6265133758078023
90,0,0,0,0,5,0,5,0,0,0.597067422915557
90,0,0,0,0,5,5,0,0,0,0.6503270141721069
90,0,0,0,0,10,0,0,0,0,0.660174637908827
90,0,0,0,5,0,0,0,0,5,1.404459795511947
90,0,0,0,5,0,0,0,5,0,1.4308248085953574
90,0,0,0,5,0,0,5,0,0,1.4906757168848115
90,0,0,0,5,0,5,0,0,0,1.4677765326056567
90,0,0,0,5,5,0,0,0,0,1.4909546758590722
90,0,0,0,10,0,0,0,0,0,1.505090085002837
90,0,0,5,0,0,0,0,0,5,0.2769608246036625
90,0,0,5,0,0,0,0,5,0,0.38008619967480656
90,0,0,5,0,0,0,5,0,0,0.4181765523900742
90,0,0,5,0,0,5,0,0,0,0.4657927515249799
90,0,0,5,0,5,0,0,0,0,0.3973937963735611
90,0,0,5,5,0,0,0,0,0,1.1344509090998973
90,0,0,10,0,0,0,0,0,0,0.392363608149683
90,0,5,0,0,0,0,0,0,5,0.2771850148097582
90,0,5,0,0,0,0,0,5,0,0.4516431588671431
90,0,5,0,0,0,0,5,0,0,0.6156483222731481
90,0,5,0,0,0,5,0,0,0,0.531518730640862
90,0,5,0,0,5,0,0,0,0,0.4823214055007228
90,0,5,0,5,0,0,0,0,0,1.239950812715576
90,0,5,5,0,0,0,0,0,0,0.4852651577139378
90,0,10,0,0,0,0,0,0,0,0.5112566385317228
90,5,0,0,0,0,0,0,0,5,0.44707616652230564
90,5,0,0,0,0,0,0,5,0,0.6711916576656505
90,5,0,0,0,0,0,5,0,0,0.682190824048121
90,5,0,0,0,0,5,0,0,0,0.8165791239258148
90,5,0,0,0,5,0,0,0,0,0.7799023418805475
90,5,0,0,5,0,0,0,0,0,1.4844962176869765
90,5,0,5,0,0,0,0,0,0,0.5018431776867034
90,5,5,0,0,0,0,0,0,0,0.6388138123017258
90,10,0,0,0,0,0,0,0,0,0.9945579250668658
95,0,0,0,0,0,0,0,0,5,0.5328906321018971
95,0,0,0,0,0,0,0,5,0,0.6809050594505996
95,0,0,0,0,0,0,5,0,0,0.5153577357373524
95,0,0,0,0,0,5,0,0,0,0.7632760299470915
95,0,0,0,0,5,0,0,0,0,0.5826968848315663
95,0,0,0,5,0,0,0,0,0,1.490515780406235
95,0,0,5,0,0,0,0,0,0,0.39999031462495904
95,0,5,0,0,0,0,0,0,0,0.3794600534975657
95,5,0,0,0,0,0,0,0,0,0.7138806230354432
100,0,0,0,0,0,0,0,0,0,2.3600308606704217
