"Aluminum, Al","Lithium, Li","Titanium, Ti","Magnesium, Mg","Zinc, Zn","Copper, Cu","Manganese, Mn","Silicon, Si","Chromium, Cr","Iron, Fe",Specific Heat
75,0,0,0,0,0,0,0,0,25,0.4108822837202719
75,0,0,0,0,0,0,0,5,20,0.42451548000277256
75,0,0,0,0,0,0,0,10,15,0.42451548000277256
75,0,0,0,0,0,0,0,15,10,0.42451548000277256
75,0,0,0,0,0,0,0,20,5,0.42451548000277256
75,0,0,0,0,0,0,0,25,0,0.42690843131408274
75,0,0,0,0,0,0,5,0,20,0.3660576760135974
75,0,0,0,0,0,0,5,5,15,0.4007232168850024
75,0,0,0,0,0,0,5,10,10,0.4007232168850024
75,0,0,0,0,0,0,5,15,5,0.4007232168850024
75,0,0,0,0,0,0,5,20,0,0.4023666080721606
75,0,0,0,0,0,0,10,0,15,0.36017081076335894
75,0,0,0,0,0,0,10,5,10,0.3966393250103755
75,0,0,0,0,0,0,10,10,5,0.3966393250103755
75,0,0,0,0,0,0,10,15,0,0.39371835972719615
75,0,0,0,0,0,0,15,0,10,0.35995958201627454
75,0,0,0,0,0,0,15,5,5,0.40124557562501173
75,0,0,0,0,0,0,15,10,0,0.39628034998965184
75,0,0,0,0,0,0,20,0,5,0.35995958201627454
75,0,0,0,0,0,0,20,5,0,0.39628034998965184
75,0,0,0,0,0,0,25,0,0,0.3427501554448976
75,0,0,0,0,0,5,0,0,20,0.4816476863271081
75,0,0,0,0,0,5,0,5,15,0.5610379748216963
75,0,0,0,0,0,5,0,10,10,0.5610379748216963
75,0,0,0,0,0,5,0,15,5,0.5610379748216963
75,0,0,0,0,0,5,0,20,0,0.5672548443161589
75,0,0,0,0,0,5,5,0,15,0.7403007847501482
75,0,0,0,0,0,5,5,5,10,0.606020849011053
75,0,0,0,0,0,5,5,10,5,0.606020849011053
75,0,0,0,0,0,5,5,15,0,0.612408630328372
75,0,0,0,0,0,5,10,0,10,0.7348690134789081
75,0,0,0,0,0,5,10,5,5,0.6003847630735436
75,0,0,0,0,0,5,10,10,0,0.602208187920525
75,0,0,0,0,0,5,15,0,5,0.729509136253878
75,0,0,0,0,0,5,15,5,0,0.6011679817041626
75,0,0,0,0,0,5,20,0,0,0.710237544789711
75,0,0,0,0,0,10,0,0,15,0.4816476863271081
75,0,0,0,0,0,10,0,5,10,0.5610379748216963
75,0,0,0,0,0,10,0,10,5,0.5610379748216963
75,0,0,0,0,0,10,0,15,0,0.5672548443161589
75,0,0,0,0,0,10,5,0,10,0.7403007847501482
75,0,0,0,0,0,10,5,5,5,0.606020849011053
75,0,0,0,0,0,10,5,10,0,0.612408630328372
75,0,0,0,0,0,10,10,0,5,0.7348690134789081
75,0,0,0,0,0,10,10,5,0,0.602208187920525
75,0,0,0,0,0,10,15,0,0,0.710237544789711
75,0,0,0,0,0,15,0,0,10,0.4816476863271081
75,0,0,0,0,0,15,0,5,5,0.5610379748216963
75,0,0,0,0,0,15,0,10,0,0.5672548443161589
75,0,0,0,0,0,15,5,0,5,0.7403007847501482
75,0,0,0,0,0,15,5,5,0,0.612408630328372
75,0,0,0,0,0,15,10,0,0,0.7160952303677938
75,0,0,0,0,0,20,0,0,5,0.4816476863271081
75,0,0,0,0,0,20,0,5,0,0.5672548443161589
75,0,0,0,0,0,20,5,0,0,0.7260913581093714
75,0,0,0,0,0,25,0,0,0,0.46427531155280455
75,0,0,0,0,5,0,0,0,20,0.413508316835488
75,0,0,0,0,5,0,0,5,15,0.41836836189145127
75,0,0,0,0,5,0,0,10,10,0.41836836189145127
75,0,0,0,0,5,0,0,15,5,0.41836836189145127
75,0,0,0,0,5,0,0,20,0,0.41480650888032755
75,0,0,0,0,5,0,5,0,15,0.3572436091170277
75,0,0,0,0,5,0,5,5,10,0.38972162358844537
75,0,0,0,0,5,0,5,10,5,0.38972162358844537
75,0,0,0,0,5,0,5,15,0,0.3944749630650714
75,0,0,0,0,5,0,10,0,10,0.3493067414508538
75,0,0,0,0,5,0,10,5,5,0.3856377317138185
75,0,0,0,0,5,0,10,10,0,0.38582671472010693
75,0,0,0,0,5,0,15,0,5,0.35387713298921036
75,0,0,0,0,5,0,15,5,0,0.3883887049825627
75,0,0,0,0,5,0,20,0,0,0.3451509559854818
75,0,0,0,0,5,5,0,0,15,0.4360777149124943
75,0,0,0,0,5,5,0,5,10,0.5277727790939895
75,0,0,0,0,5,5,0,10,5,0.5277727790939895
75,0,0,0,0,5,5,0,15,0,0.5333803990912662
75,0,0,0,0,5,5,5,0,10,0.7269153422900145
75,0,0,0,0,5,5,5,5,5,0.5778618686348939
75,0,0,0,0,5,5,5,10,0,0.59143111293691
75,0,0,0,0,5,5,10,0,5,0.7214835710187744
75,0,0,0,0,5,5,10,5,0,0.5812306705290629
75,0,0,0,0,5,5,15,0,0,0.6975599028082464
75,0,0,0,0,5,10,0,0,10,0.4360777149124943
75,0,0,0,0,5,10,0,5,5,0.5277727790939895
75,0,0,0,0,5,10,0,10,0,0.5333803990912662
75,0,0,0,0,5,10,5,0,5,0.7269153422900145
75,0,0,0,0,5,10,5,5,0,0.59143111293691
75,0,0,0,0,5,10,10,0,0,0.6986359681008883
75,0,0,0,0,5,15,0,0,5,0.4360777149124943
75,0,0,0,0,5,15,0,5,0,0.5333803990912662
75,0,0,0,0,5,15,5,0,0,0.7086320958424659
75,0,0,0,0,5,20,0,0,0,0.423417058624237
75,0,0,0,0,10,0,0,0,15,0.413508316835488
75,0,0,0,0,10,0,0,5,10,0.41836836189145127
75,0,0,0,0,10,0,0,10,5,0.41836836189145127
75,0,0,0,0,10,0,0,15,0,0.41480650888032755
75,0,0,0,0,10,0,5,0,10,0.3572436091170277
75,0,0,0,0,10,0,5,5,5,0.38972162358844537
75,0,0,0,0,10,0,5,10,0,0.3944749630650714
75,0,0,0,0,10,0,10,0,5,0.3493067414508538
75,0,0,0,0,10,0,10,5,0,0.38582671472010693
75,0,0,0,0,10,0,15,0,0,0.3451509559854818
75,0,0,0,0,10,5,0,0,10,0.4308524265618559
75,0,0,0,0,10,5,0,5,5,0.5237368753285854
75,0,0,0,0,10,5,0,10,0,0.5295749426248919
75,0,0,0,0,10,5,5,0,5,0.7029311236867447
75,0,0,0,0,10,5,5,5,0,0.5859568032232212
75,0,0,0,0,10,5,10,0,0,0.6748821967966482
75,0,0,0,0,10,10,0,0,5,0.4308524265618559
75,0,0,0,0,10,10,0,5,0,0.5295749426248919
75,0,0,0,0,10,10,5,0,0,0.684878324538226
75,0,0,0,0,10,15,0,0,0,0.4184222175726283
75,0,0,0,0,15,0,0,0,10,0.413508316835488
75,0,0,0,0,15,0,0,5,5,0.41836836189145127
75,0,0,0,0,15,0,0,10,0,0.41480650888032755
75,0,0,0,0,15,0,5,0,5,0.3572436091170277
75,0,0,0,0,15,0,5,5,0,0.3944749630650714
75,0,0,0,0,15,0,10,0,0,0.34262482479930584
75,0,0,0,0,15,5,0,0,5,0.4308524265618559
75,0,0,0,0,15,5,0,5,0,0.5295749426248919
75,0,0,0,0,15,5,5,0,0,0.684878324538226
75,0,0,0,0,15,10,0,0,0,0.4184222175726283
75,0,0,0,0,20,0,0,0,5,0.413508316835488
75,0,0,0,0,20,0,0,5,0,0.41480650888032755
75,0,0,0,0,20,0,5,0,0,0.3551260489358173
75,0,0,0,0,20,5,0,0,0,0.4184222175726283
75,0,0,0,0,25,0,0,0,0,0.39579877314676326
75,0,0,0,5,0,0,0,0,20,0.4250999712464543
75,0,0,0,5,0,0,0,5,15,0.4443739548000214
75,0,0,0,5,0,0,0,10,10,0.4443739548000214
75,0,0,0,5,0,0,0,15,5,0.4443739548000214
75,0,0,0,5,0,0,0,20,0,0.44445109895432
75,0,0,0,5,0,0,5,0,15,0.4478488634285223
75,0,0,0,5,0,0,5,5,10,0.47567353765986636
75,0,0,0,5,0,0,5,10,5,0.47567353765986636
75,0,0,0,5,0,0,5,15,0,0.474140210855047
75,0,0,0,5,0,0,10,0,10,0.44497445359000337
75,0,0,0,5,0,0,10,5,5,0.474602101196959
75,0,0,0,5,0,0,10,10,0,0.4730687743921397
75,0,0,0,5,0,0,15,0,5,0.44011238471802616
75,0,0,0,5,0,0,15,5,0,0.4720285681757774
75,0,0,0,5,0,0,20,0,0,0.42708521638934416
75,0,0,0,5,0,5,0,0,15,0.45633867856332194
75,0,0,0,5,0,5,0,5,10,0.5676073365024764
75,0,0,0,5,0,5,0,10,5,0.5676073365024764
75,0,0,0,5,0,5,0,15,0,0.5645428434707361
75,0,0,0,5,0,5,5,0,10,0.7461394277838014
75,0,0,0,5,0,5,5,5,5,0.6313638128178846
75,0,0,0,5,0,5,5,10,0,0.627546011329369
75,0,0,0,5,0,5,10,0,5,0.7437201119242809
75,0,0,0,5,0,5,10,5,0,0.6249223808035791
75,0,0,0,5,0,5,15,0,0,0.7193821369218673
75,0,0,0,5,0,10,0,0,10,0.45633867856332194
75,0,0,0,5,0,10,0,5,5,0.5676073365024764
75,0,0,0,5,0,10,0,10,0,0.5645428434707361
75,0,0,0,5,0,10,5,0,5,0.7461394277838014
75,0,0,0,5,0,10,5,5,0,0.627546011329369
75,0,0,0,5,0,10,10,0,0,0.72523982249995
75,0,0,0,5,0,15,0,0,5,0.45633867856332194
75,0,0,0,5,0,15,0,5,0,0.5645428434707361
75,0,0,0,5,0,15,5,0,0,0.7276591383594706
75,0,0,0,5,0,20,0,0,0,0.4375090308104042
75,0,0,0,5,5,0,0,0,15,0.3958189851178123
75,0,0,0,5,5,0,0,5,10,0.4152927309400959
75,0,0,0,5,5,0,0,10,5,0.4152927309400959
75,0,0,0,5,5,0,0,15,0,0.4152685376351867
75,0,0,0,5,5,0,5,0,10,0.4171493344294232
75,0,0,0,5,5,0,5,5,5,0.4427864822607801
75,0,0,0,5,5,0,5,10,0,0.44114633366743966
75,0,0,0,5,5,0,10,0,5,0.41222492217496876
75,0,0,0,5,5,0,10,5,0,0.44007489720453236
75,0,0,0,5,5,0,15,0,0,0.40438378474941017
75,0,0,0,5,5,5,0,0,10,0.3942189817713977
75,0,0,0,5,5,5,0,5,5,0.5309840437490915
75,0,0,0,5,5,5,0,10,0,0.5353258594472855
75,0,0,0,5,5,5,5,0,5,0.7322963014465845
75,0,0,0,5,5,5,5,5,0,0.6047815283932666
75,0,0,0,5,5,5,10,0,0,0.7068544583830746
75,0,0,0,5,5,10,0,0,5,0.3942189817713977
75,0,0,0,5,5,10,0,5,0,0.5353258594472855
75,0,0,0,5,5,10,5,0,0,0.7092737742425952
75,0,0,0,5,5,15,0,0,0,0.39036307639266815
75,0,0,0,5,10,0,0,0,10,0.3958189851178123
75,0,0,0,5,10,0,0,5,5,0.4152927309400959
75,0,0,0,5,10,0,0,10,0,0.4152685376351867
75,0,0,0,5,10,0,5,0,5,0.4171493344294232
75,0,0,0,5,10,0,5,5,0,0.44114633366743966
75,0,0,0,5,10,0,10,0,0,0.4054598500420521
75,0,0,0,5,10,5,0,0,5,0.38899369342075923
75,0,0,0,5,10,5,0,5,0,0.5315204029809112
75,0,0,0,5,10,5,5,0,0,0.6869025693941891
75,0,0,0,5,10,10,0,0,0,0.38536823534105946
75,0,0,0,5,15,0,0,0,5,0.3958189851178123
75,0,0,0,5,15,0,0,5,0,0.4152685376351867
75,0,0,0,5,15,0,5,0,0,0.41038426229650654
75,0,0,0,5,15,5,0,0,0,0.38536823534105946
75,0,0,0,5,20,0,0,0,0,0.38458486420048943
75,0,0,0,10,0,0,0,0,15,0.4210417345098332
75,0,0,0,10,0,0,0,5,10,0.43960304825693725
75,0,0,0,10,0,0,0,10,5,0.43960304825693725
75,0,0,0,10,0,0,0,15,0,0.4412456286272174
75,0,0,0,10,0,0,5,0,10,0.4437906266919011
75,0,0,0,10,0,0,5,5,5,0.47090263111678227
75,0,0,0,10,0,0,5,10,0,0.4709347405279445
75,0,0,0,10,0,0,10,0,5,0.44091621685338217
75,0,0,0,10,0,0,10,5,0,0.4698633040650371
75,0,0,0,10,0,0,15,0,0,0.42302697965272296
75,0,0,0,10,0,5,0,0,10,0.4583630173582807
75,0,0,0,10,0,5,0,5,5,0.5532915897318129
75,0,0,0,10,0,5,0,10,0,0.5543428819451475
75,0,0,0,10,0,5,5,0,5,0.7481637665787602
75,0,0,0,10,0,5,5,5,0,0.61691744013098
75,0,0,0,10,0,5,10,0,0,0.7272641612949089
75,0,0,0,10,0,10,0,0,5,0.4583630173582807
75,0,0,0,10,0,10,0,5,0,0.5543428819451475
75,0,0,0,10,0,10,5,0,0,0.7296834771544295
75,0,0,0,10,0,15,0,0,0,0.43953336960536293
75,0,0,0,10,5,0,0,0,10,0.3927563650872966
75,0,0,0,10,5,0,0,5,5,0.4115174411031173
75,0,0,0,10,5,0,0,10,0,0.4130586840141896
75,0,0,0,10,5,0,5,0,5,0.41408671439890754
75,0,0,0,10,5,0,5,5,0,0.43893648004644265
75,0,0,0,10,5,0,10,0,0,0.4023972300115364
75,0,0,0,10,5,5,0,0,5,0.39723893727246185
75,0,0,0,10,5,5,0,5,0,0.5241295780964487
75,0,0,0,10,5,5,5,0,0,0.7122937297436595
75,0,0,0,10,5,10,0,0,0,0.39338303189373236
75,0,0,0,10,10,0,0,0,5,0.3927563650872966
75,0,0,0,10,10,0,0,5,0,0.4130586840141896
75,0,0,0,10,10,0,5,0,0,0.4073216422659908
75,0,0,0,10,10,5,0,0,0,0.3883881908421237
75,0,0,0,10,15,0,0,0,0,0.38152224416997377
75,0,0,0,15,0,0,0,0,10,0.4210417345098332
75,0,0,0,15,0,0,0,5,5,0.43960304825693725
75,0,0,0,15,0,0,0,10,0,0.4412456286272174
75,0,0,0,15,0,0,5,0,5,0.4437906266919011
75,0,0,0,15,0,0,5,5,0,0.4709347405279445
75,0,0,0,15,0,0,10,0,0,0.4288846652308059
75,0,0,0,15,0,5,0,0,5,0.4583630173582807
75,0,0,0,15,0,5,0,5,0,0.5543428819451475
75,0,0,0,15,0,5,5,0,0,0.7296834771544295
75,0,0,0,15,0,10,0,0,0,0.43953336960536293
75,0,0,0,15,5,0,0,0,5,0.3927563650872966
75,0,0,0,15,5,0,0,5,0,0.4130586840141896
75,0,0,0,15,5,0,5,0,0,0.4073216422659908
75,0,0,0,15,5,5,0,0,0,0.39338303189373236
75,0,0,0,15,10,0,0,0,0,0.38152224416997377
75,0,0,0,20,0,0,0,0,5,0.4210417345098332
75,0,0,0,20,0,0,0,5,0,0.4412456286272174
75,0,0,0,20,0,0,5,0,0,0.43175907506932487
75,0,0,0,20,0,5,0,0,0,0.43953336960536293
75,0,0,0,20,5,0,0,0,0,0.38152224416997377
75,0,0,0,25,0,0,0,0,0,0.408187920091925
75,0,0,5,0,0,0,0,0,20,0.549527141548195
75,0,0,5,0,0,0,0,5,15,0.5097157154570737
75,0,0,5,0,0,0,0,10,10,0.5097157154570737
75,0,0,5,0,0,0,0,15,5,0.5097157154570737
75,0,0,5,0,0,0,0,20,0,0.5055073023235132
75,0,0,5,0,0,0,5,0,15,0.478130533592917
75,0,0,5,0,0,0,5,5,10,0.4389006458158722
75,0,0,5,0,0,0,5,10,5,0.4389006458158722
75,0,0,5,0,0,0,5,15,0,0.4338071336353247
75,0,0,5,0,0,0,10,0,10,0.4771680805971329
75,0,0,5,0,0,0,10,5,5,0.43744038446703526
75,0,0,5,0,0,0,10,10,0,0.4277825158161503
75,0,0,5,0,0,0,15,0,5,0.4844197584309836
75,0,0,5,0,0,0,15,5,0,0.4334877416508732
75,0,0,5,0,0,0,20,0,0,0.46787600979411964
75,0,0,5,0,0,5,0,0,15,0.53606215166115
75,0,0,5,0,0,5,0,5,10,0.5490121020507301
75,0,0,5,0,0,5,0,10,5,0.5490121020507301
75,0,0,5,0,0,5,0,15,0,0.5460160818665291
75,0,0,5,0,0,5,5,0,10,0.7166484450786251
75,0,0,5,0,0,5,5,5,5,0.5530843379673047
75,0,0,5,0,0,5,5,10,0,0.5506391393364857
75,0,0,5,0,0,5,10,0,5,0.7136359896669056
75,0,0,5,0,0,5,10,5,0,0.5430623274544287
75,0,0,5,0,0,5,15,0,0,0.6970612450047221
75,0,0,5,0,0,10,0,0,10,0.53606215166115
75,0,0,5,0,0,10,0,5,5,0.5490121020507301
75,0,0,5,0,0,10,0,10,0,0.5460160818665291
75,0,0,5,0,0,10,5,0,5,0.7166484450786251
75,0,0,5,0,0,10,5,5,0,0.5506391393364857
75,0,0,5,0,0,10,10,0,0,0.6939625989427117
75,0,0,5,0,0,15,0,0,5,0.53606215166115
75,0,0,5,0,0,15,0,5,0,0.5460160818665291
75,0,0,5,0,0,15,5,0,0,0.7015394108247688
75,0,0,5,0,0,20,0,0,0,0.5162839266724201
75,0,0,5,0,5,0,0,0,15,0.5485648645599287
75,0,0,5,0,5,0,0,5,10,0.5009849680650504
75,0,0,5,0,5,0,0,10,5,0.5009849680650504
75,0,0,5,0,5,0,0,15,0,0.5060496886579473
75,0,0,5,0,5,0,5,0,10,0.47618230767289194
75,0,0,5,0,5,0,5,5,5,0.43666976600047
75,0,0,5,0,5,0,5,10,0,0.4408493875463798
75,0,0,5,0,5,0,10,0,5,0.4731698522611724
75,0,0,5,0,5,0,10,5,0,0.4348247697272054
75,0,0,5,0,5,0,15,0,0,0.47792346523311624
75,0,0,5,0,5,5,0,0,10,0.5188720257102395
75,0,0,5,0,5,5,0,5,5,0.5398120226309346
75,0,0,5,0,5,5,0,10,0,0.542669645089745
75,0,0,5,0,5,5,5,0,5,0.7183688607380021
75,0,0,5,0,5,5,5,5,0,0.5470798916806809
75,0,0,5,0,5,5,10,0,0,0.6884581664710386
75,0,0,5,0,5,10,0,0,5,0.5188720257102395
75,0,0,5,0,5,10,0,5,0,0.542669645089745
75,0,0,5,0,5,10,5,0,0,0.6960349783530958
75,0,0,5,0,5,15,0,0,0,0.5164746715946992
75,0,0,5,0,10,0,0,0,10,0.5485648645599287
75,0,0,5,0,10,0,0,5,5,0.5009849680650504
75,0,0,5,0,10,0,0,10,0,0.5060496886579473
75,0,0,5,0,10,0,5,0,5,0.4747538625791294
75,0,0,5,0,10,0,5,5,0,0.4408493875463798
75,0,0,5,0,10,0,10,0,0,0.47053104646010624
75,0,0,5,0,10,5,0,0,5,0.5176826411250052
75,0,0,5,0,10,5,0,5,0,0.542669645089745
75,0,0,5,0,10,5,5,0,0,0.6792005319928149
75,0,0,5,0,10,10,0,0,0,0.5152852870094649
75,0,0,5,0,15,0,0,0,5,0.5485648645599287
75,0,0,5,0,15,0,0,5,0,0.5060496886579473
75,0,0,5,0,15,0,5,0,0,0.47810785834216324
75,0,0,5,0,15,5,0,0,0,0.5152852870094649
75,0,0,5,0,20,0,0,0,0,0.5509720409988735
75,0,0,5,5,0,0,0,0,15,0.573745285907095
75,0,0,5,5,0,0,0,5,10,0.5349819174535188
75,0,0,5,5,0,0,0,10,5,0.5349819174535188
75,0,0,5,5,0,0,0,15,0,0.5291387407842365
75,0,0,5,5,0,0,5,0,10,0.562462329827896
75,0,0,5,5,0,0,5,5,5,0.5154266475494902
75,0,0,5,5,0,0,5,10,0,0.5083015196324563
75,0,0,5,5,0,0,10,0,5,0.5645123322438313
75,0,0,5,5,0,0,10,5,0,0.5098537136953389
75,0,0,5,5,0,0,15,0,0,0.5541360401938539
75,0,0,5,5,0,5,0,0,10,0.541785324040632
75,0,0,5,5,0,5,0,5,5,0.5626384975038073
75,0,0,5,5,0,5,0,10,0,0.555582843283136
75,0,0,5,5,0,5,5,0,5,0.7303005397640999
75,0,0,5,5,0,5,5,5,0,0.5748005153238511
75,0,0,5,5,0,5,10,0,0,0.7101615670568061
75,0,0,5,5,0,10,0,0,5,0.541785324040632
75,0,0,5,5,0,10,0,5,0,0.555582843283136
75,0,0,5,5,0,10,5,0,0,0.7101615670568061
75,0,0,5,5,0,15,0,0,0,0.5195442485885713
75,0,0,5,5,5,0,0,0,10,0.5350154413975217
75,0,0,5,5,5,0,0,5,5,0.49745651603544216
75,0,0,5,5,5,0,0,10,0,0.4969229234833661
75,0,0,5,5,5,0,5,0,5,0.5327680935278926
75,0,0,5,5,5,0,5,5,0,0.4836342135542818
75,0,0,5,5,5,0,10,0,0,0.5298878634366605
75,0,0,5,5,5,5,0,0,5,0.5057196131435674
75,0,0,5,5,5,5,0,5,0,0.5447259807141106
75,0,0,5,5,5,5,5,0,0,0.7011219098630633
75,0,0,5,5,5,10,0,0,0,0.5017919788830483
75,0,0,5,5,10,0,0,0,5,0.5350154413975217
75,0,0,5,5,10,0,0,5,0,0.4969229234833661
75,0,0,5,5,10,0,5,0,0,0.5286984788514262
75,0,0,5,5,10,5,0,0,0,0.500602594297814
75,0,0,5,5,15,0,0,0,0,0.5330160916384206
75,0,0,5,10,0,0,0,0,10,0.5638727810855887
75,0,0,5,10,0,0,0,5,5,0.5324246641929742
75,0,0,5,10,0,0,0,10,0,0.5294589440600074
75,0,0,5,10,0,0,5,0,5,0.5569815071718801
75,0,0,5,10,0,0,5,5,0,0.5128931717003108
75,0,0,5,10,0,0,10,0,0,0.5467483584227547
75,0,0,5,10,0,5,0,0,5,0.5470424287602104
75,0,0,5,10,0,5,0,5,0,0.5602984994641147
75,0,0,5,10,0,5,5,0,0,0.7172432659517685
75,0,0,5,10,0,10,0,0,0,0.5266259474835336
75,0,0,5,10,5,0,0,0,5,0.5248494428892321
75,0,0,5,10,5,0,0,5,0,0.49575784612542634
75,0,0,5,10,5,0,5,0,0,0.5241135470938613
75,0,0,5,10,5,5,0,0,0,0.5068758232892501
75,0,0,5,10,10,0,0,0,0,0.5229703265035377
75,0,0,5,15,0,0,0,0,5,0.5638727810855887
75,0,0,5,15,0,0,0,5,0,0.5294589440600074
75,0,0,5,15,0,0,5,0,0,0.5446983560068194
75,0,0,5,15,0,5,0,0,0,0.5266259474835336
75,0,0,5,15,5,0,0,0,0,0.5229703265035377
75,0,0,5,20,0,0,0,0,0,0.5506769704301677
75,0,0,10,0,0,0,0,0,15,0.6370558253074732
75,0,0,10,0,0,0,0,5,10,0.5975378929031352
75,0,0,10,0,0,0,0,10,5,0.5975378929031352
75,0,0,10,0,0,0,0,15,0,0.5932909360565688
75,0,0,10,0,0,0,5,0,10,0.5702598829636412
75,0,0,10,0,0,0,5,5,5,0.5313234888733797
75,0,0,10,0,0,0,5,10,0,0.5262299766928322
75,0,0,10,0,0,0,10,0,5,0.569297429967857
75,0,0,10,0,0,0,10,5,0,0.5202053588736577
75,0,0,10,0,0,0,15,0,0,0.5600053591648437
75,0,0,10,0,0,5,0,0,10,0.6312502052464494
75,0,0,10,0,0,5,0,5,5,0.6360580359632177
75,0,0,10,0,0,5,0,10,0,0.6323825204121057
75,0,0,10,0,0,5,5,0,5,0.8171134476661969
75,0,0,10,0,0,5,5,5,0,0.6423210705973413
75,0,0,10,0,0,5,10,0,0,0.7937866498763788
75,0,0,10,0,0,10,0,0,5,0.6312502052464494
75,0,0,10,0,0,10,0,5,0,0.6323825204121057
75,0,0,10,0,0,10,5,0,0,0.8013634617584359
75,0,0,10,0,0,15,0,0,0,0.6107924848908086
75,0,0,10,0,5,0,0,0,10,0.6238909155971304
75,0,0,10,0,5,0,0,5,5,0.5763110191022521
75,0,0,10,0,5,0,0,10,0,0.581337195982143
75,0,0,10,0,5,0,5,0,5,0.5554680726676345
75,0,0,10,0,5,0,5,5,0,0.5201351525411225
75,0,0,10,0,5,0,10,0,0,0.5510061960400833
75,0,0,10,0,5,5,0,0,5,0.6050742166514512
75,0,0,10,0,5,5,0,5,0,0.6200502209912341
75,0,0,10,0,5,5,5,0,0,0.7862322149887704
75,0,0,10,0,5,10,0,0,0,0.601997367169
75,0,0,10,0,10,0,0,0,5,0.6238909155971304
75,0,0,10,0,10,0,0,5,0,0.581337195982143
75,0,0,10,0,10,0,5,0,0,0.557393623336906
75,0,0,10,0,10,5,0,0,0,0.6008079825837657
75,0,0,10,0,15,0,0,0,0,0.6262595483230693
75,0,0,10,5,0,0,0,0,10,0.6560975546027515
75,0,0,10,5,0,0,0,5,5,0.6176276798359588
75,0,0,10,5,0,0,0,10,0,0.6144501556766094
75,0,0,10,5,0,0,5,0,5,0.6487460470915559
75,0,0,10,5,0,0,5,5,0,0.5975829268058385
75,0,0,10,5,0,0,10,0,0,0.6405378814734922
75,0,0,10,5,0,5,0,0,5,0.6317969625623099
75,0,0,10,5,0,5,0,5,0,0.6394770629880301
75,0,0,10,5,0,5,5,0,0,0.8073567559613981
75,0,0,10,5,0,10,0,0,0,0.6120931618213272
75,0,0,10,5,5,0,0,0,5,0.6102275351987569
75,0,0,10,5,5,0,0,5,0,0.5720964735715952
75,0,0,10,5,5,0,5,0,0,0.608390454151994
75,0,0,10,5,5,5,0,0,0,0.5872007172213827
75,0,0,10,5,10,0,0,0,0,0.6081896417266498
75,0,0,10,10,0,0,0,0,5,0.6462250497812453
75,0,0,10,10,0,0,0,5,0,0.6147703589523802
75,0,0,10,10,0,0,5,0,0,0.6341988433484681
75,0,0,10,10,0,5,0,0,0,0.6110327410434778
75,0,0,10,10,5,0,0,0,0,0.5981438765917668
75,0,0,10,15,0,0,0,0,0,0.6362074654908073
75,0,0,15,0,0,0,0,0,10,0.6370558253074732
75,0,0,15,0,0,0,0,5,5,0.5975378929031352
75,0,0,15,0,0,0,0,10,0,0.5932909360565688
75,0,0,15,0,0,0,5,0,5,0.5702598829636412
75,0,0,15,0,0,0,5,5,0,0.5262299766928322
75,0,0,15,0,0,0,10,0,0,0.553802324977068
75,0,0,15,0,0,5,0,0,5,0.6312502052464494
75,0,0,15,0,0,5,0,5,0,0.6323825204121057
75,0,0,15,0,0,5,5,0,0,0.8013634617584359
75,0,0,15,0,0,10,0,0,0,0.6107924848908086
75,0,0,15,0,5,0,0,0,5,0.6238909155971304
75,0,0,15,0,5,0,0,5,0,0.581337195982143
75,0,0,15,0,5,0,5,0,0,0.5585830079221403
75,0,0,15,0,5,5,0,0,0,0.601997367169
75,0,0,15,0,10,0,0,0,0,0.6262595483230693
75,0,0,15,5,0,0,0,0,5,0.6560975546027515
75,0,0,15,5,0,0,0,5,0,0.6144501556766094
75,0,0,15,5,0,0,5,0,0,0.6384878790575569
75,0,0,15,5,0,5,0,0,0,0.6120931618213272
75,0,0,15,5,5,0,0,0,0,0.6081896417266498
75,0,0,15,10,0,0,0,0,0,0.6362074654908073
75,0,0,20,0,0,0,0,0,5,0.6370558253074732
75,0,0,20,0,0,0,0,5,0,0.5932909360565688
75,0,0,20,0,0,0,5,0,0,0.5593291344431897
75,0,0,20,0,0,5,0,0,0,0.6107924848908086
75,0,0,20,0,5,0,0,0,0,0.6262595483230693
75,0,0,20,5,0,0,0,0,0,0.6447679499919797
75,0,0,25,0,0,0,0,0,0,0.6246567880094843
75,0,5,0,0,0,0,0,0,20,1.0016111468765505
75,0,5,0,0,0,0,0,5,15,0.9917617953698838
75,0,5,0,0,0,0,0,10,10,0.9917617953698838
75,0,5,0,0,0,0,0,15,5,0.9917617953698838
75,0,5,0,0,0,0,0,20,0,1.0005448666966006
75,0,5,0,0,0,0,5,0,15,0.9679124039356336
75,0,5,0,0,0,0,5,5,10,0.9586138877219894
75,0,5,0,0,0,0,5,10,5,0.9586138877219894
75,0,5,0,0,0,0,5,15,0,0.9684456026947811
75,0,5,0,0,0,0,10,0,10,0.9679124039356336
75,0,5,0,0,0,0,10,5,5,0.9586138877219894
75,0,5,0,0,0,0,10,10,0,0.9684456026947811
75,0,5,0,0,0,0,15,0,5,0.9736118877066017
75,0,5,0,0,0,0,15,5,0,0.9730964428196742
75,0,5,0,0,0,0,20,0,0,0.9823949590333183
75,0,5,0,0,0,5,0,0,15,1.0333726790131714
75,0,5,0,0,0,5,0,5,10,1.0238779925587054
75,0,5,0,0,0,5,0,10,5,1.0238779925587054
75,0,5,0,0,0,5,0,15,0,1.032661063885422
75,0,5,0,0,0,5,5,0,10,1.0684335391717434
75,0,5,0,0,0,5,5,5,5,1.050796733044466
75,0,5,0,0,0,5,5,10,0,1.0595798043711826
75,0,5,0,0,0,5,10,0,5,1.0684335391717434
75,0,5,0,0,0,5,10,5,0,1.0595798043711826
75,0,5,0,0,0,5,15,0,0,1.0772166104984602
75,0,5,0,0,0,10,0,0,10,1.0333726790131714
75,0,5,0,0,0,10,0,5,5,1.0238779925587054
75,0,5,0,0,0,10,0,10,0,1.032661063885422
75,0,5,0,0,0,10,5,0,5,1.0684335391717434
75,0,5,0,0,0,10,5,5,0,1.0595798043711826
75,0,5,0,0,0,10,10,0,0,1.0772166104984602
75,0,5,0,0,0,15,0,0,5,1.0333726790131714
75,0,5,0,0,0,15,0,5,0,1.032661063885422
75,0,5,0,0,0,15,5,0,0,1.0772166104984602
75,0,5,0,0,0,20,0,0,0,1.042155750339888
75,0,5,0,0,5,0,0,0,15,1.0311323070893403
75,0,5,0,0,5,0,0,5,10,1.0306344987362877
75,0,5,0,0,5,0,0,10,5,1.0306344987362877
75,0,5,0,0,5,0,0,15,0,1.0306344987362877
75,0,5,0,0,5,0,5,0,10,0.9963849205023486
75,0,5,0,0,5,0,5,5,5,0.9964379474423183
75,0,5,0,0,5,0,5,10,0,0.9974865910883932
75,0,5,0,0,5,0,10,0,5,0.9963849205023486
75,0,5,0,0,5,0,10,5,0,0.9974865910883932
75,0,5,0,0,5,0,15,0,0,1.0020844042733166
75,0,5,0,0,5,5,0,0,10,1.0656987338667465
75,0,5,0,0,5,5,0,5,5,1.0605075885709505
75,0,5,0,0,5,5,0,10,0,1.0605075885709505
75,0,5,0,0,5,5,5,0,5,1.1007595940253188
75,0,5,0,0,5,5,5,5,0,1.087426329056711
75,0,5,0,0,5,5,10,0,0,1.1007595940253188
75,0,5,0,0,5,10,0,0,5,1.0656987338667465
75,0,5,0,0,5,10,0,5,0,1.0605075885709505
75,0,5,0,0,5,10,5,0,0,1.1007595940253188
75,0,5,0,0,5,15,0,0,0,1.0656987338667465
75,0,5,0,0,10,0,0,0,10,1.0311323070893403
75,0,5,0,0,10,0,0,5,5,1.0306344987362877
75,0,5,0,0,10,0,0,10,0,1.0306344987362877
75,0,5,0,0,10,0,5,0,5,0.9963849205023486
75,0,5,0,0,10,0,5,5,0,0.9974865910883932
75,0,5,0,0,10,0,10,0,0,0.9974335641484235
75,0,5,0,0,10,5,0,0,5,1.0656987338667465
75,0,5,0,0,10,5,0,5,0,1.0605075885709505
75,0,5,0,0,10,5,5,0,0,1.0995702094400843
75,0,5,0,0,10,10,0,0,0,1.0656987338667465
75,0,5,0,0,15,0,0,0,5,1.0311323070893403
75,0,5,0,0,15,0,0,5,0,1.0306344987362877
75,0,5,0,0,15,0,5,0,0,0.9974335641484235
75,0,5,0,0,15,5,0,0,0,1.0656987338667465
75,0,5,0,0,20,0,0,0,0,1.0311323070893403
75,0,5,0,5,0,0,0,0,15,1.0003398780180424
75,0,5,0,5,0,0,0,5,10,0.9909883348644286
75,0,5,0,5,0,0,0,10,5,0.9909883348644286
75,0,5,0,5,0,0,0,15,0,0.9997192582639701
75,0,5,0,5,0,0,5,0,10,0.9989666863322908
75,0,5,0,5,0,0,5,5,5,0.989615143178677
75,0,5,0,5,0,0,5,10,0,0.9986917081921771
75,0,5,0,5,0,0,10,0,5,0.9989666863322908
75,0,5,0,5,0,0,10,5,0,0.9986917081921771
75,0,5,0,5,0,0,15,0,0,1.0080432513457909
75,0,5,0,5,0,5,0,0,10,1.0157693589350654
75,0,5,0,5,0,5,0,5,5,1.015057743807316
75,0,5,0,5,0,5,0,10,0,1.0234951735200744
75,0,5,0,5,0,5,5,0,5,1.0491113857939276
75,0,5,0,5,0,5,5,5,0,1.0493863639340417
75,0,5,0,5,0,5,10,0,0,1.0578944571206443
75,0,5,0,5,0,10,0,0,5,1.0157693589350654
75,0,5,0,5,0,10,0,5,0,1.0234951735200744
75,0,5,0,5,0,10,5,0,0,1.0578944571206443
75,0,5,0,5,0,15,0,0,0,1.0242067886478237
75,0,5,0,5,5,0,0,0,10,1.022250945413975
75,0,5,0,5,5,0,0,5,5,1.022250945413975
75,0,5,0,5,5,0,0,10,0,1.0189820274088108
75,0,5,0,5,5,0,5,0,5,1.0208777537282234
75,0,5,0,5,5,0,5,5,0,1.017954477337018
75,0,5,0,5,5,0,10,0,0,1.017954477337018
75,0,5,0,5,5,5,0,0,5,1.0556482023953655
75,0,5,0,5,5,5,0,5,0,1.0588944868123276
75,0,5,0,5,5,5,5,0,0,1.088990229254228
75,0,5,0,5,5,10,0,0,0,1.055302560781407
75,0,5,0,5,10,0,0,0,5,1.022250945413975
75,0,5,0,5,10,0,0,5,0,1.0189820274088108
75,0,5,0,5,10,0,5,0,0,1.017954477337018
75,0,5,0,5,10,5,0,0,0,1.055302560781407
75,0,5,0,5,15,0,0,0,0,1.0189820274088108
75,0,5,0,10,0,0,0,0,10,1.0063444862762352
75,0,5,0,10,0,0,0,5,5,0.9969929431226214
75,0,5,0,10,0,0,0,10,0,1.0046869416802875
75,0,5,0,10,0,0,5,0,5,1.0053800330427223
75,0,5,0,10,0,0,5,5,0,1.0047594132886501
75,0,5,0,10,0,0,10,0,0,1.014110956442264
75,0,5,0,10,0,5,0,0,5,1.023517351107657
75,0,5,0,10,0,5,0,5,0,1.0302062408507904
75,0,5,0,10,0,5,5,0,0,1.0657055461315164
75,0,5,0,10,0,10,0,0,0,1.0309178559785397
75,0,5,0,10,5,0,0,0,5,1.029175526515123
75,0,5,0,10,5,0,0,5,0,1.0248696836680835
75,0,5,0,10,5,0,5,0,0,1.0249421552764462
75,0,5,0,10,5,5,0,0,0,1.0629336009550787
75,0,5,0,10,10,0,0,0,0,1.0248696836680835
75,0,5,0,15,0,0,0,0,5,1.0063444862762352
75,0,5,0,15,0,0,0,5,0,1.0046869416802875
75,0,5,0,15,0,0,5,0,0,1.014110956442264
75,0,5,0,15,0,5,0,0,0,1.0309178559785397
75,0,5,0,15,5,0,0,0,0,1.0248696836680835
75,0,5,0,20,0,0,0,0,0,1.0140384848339012
75,0,5,5,0,0,0,0,0,15,0.7372759050152294
75,0,5,5,0,0,0,0,5,10,0.680955183011371
75,0,5,5,0,0,0,0,10,5,0.680955183011371
75,0,5,5,0,0,0,0,15,0,0.7085756005609477
75,0,5,5,0,0,0,5,0,10,0.6385628007046992
75,0,5,5,0,0,0,5,5,5,0.5827929139938628
75,0,5,5,0,0,0,5,10,0,0.6100860068678209
75,0,5,5,0,0,0,10,0,5,0.6385628007046992
75,0,5,5,0,0,0,10,5,0,0.6100860068678209
75,0,5,5,0,0,0,15,0,0,0.6701607990853272
75,0,5,5,0,0,5,0,0,10,0.6559741918565442
75,0,5,5,0,0,5,0,5,5,0.6013853109704018
75,0,5,5,0,0,5,0,10,0,0.6289703967830563
75,0,5,5,0,0,5,5,0,5,0.6521432660404669
75,0,5,5,0,0,5,5,5,0,0.6156567147093961
75,0,5,5,0,0,5,10,0,0,0.6785395890031797
75,0,5,5,0,0,10,0,0,5,0.6559741918565442
75,0,5,5,0,0,10,0,5,0,0.6289703967830563
75,0,5,5,0,0,10,5,0,0,0.6785395890031797
75,0,5,5,0,0,15,0,0,0,0.6837111514040284
75,0,5,5,0,5,0,0,0,10,0.7541192330851562
75,0,5,5,0,5,0,0,5,5,0.706945739568642
75,0,5,5,0,5,0,0,10,0,0.7261192118976839
75,0,5,5,0,5,0,5,0,5,0.6546976424131958
75,0,5,5,0,5,0,5,5,0,0.6269211318431274
75,0,5,5,0,5,0,10,0,0,0.6736956638014489
75,0,5,5,0,5,5,0,0,5,0.6878909060397916
75,0,5,5,0,5,5,0,5,0,0.6613590796908614
75,0,5,5,0,5,5,5,0,0,0.6959452951628116
75,0,5,5,0,5,10,0,0,0,0.7071754360374282
75,0,5,5,0,10,0,0,0,5,0.7541192330851562
75,0,5,5,0,10,0,0,5,0,0.7261192118976839
75,0,5,5,0,10,0,5,0,0,0.6736956638014489
75,0,5,5,0,10,5,0,0,0,0.7071754360374282
75,0,5,5,0,15,0,0,0,0,0.7734445791490279
75,0,5,5,5,0,0,0,0,10,0.7312745236855399
75,0,5,5,5,0,0,0,5,5,0.6762953530060101
75,0,5,5,5,0,0,0,10,0,0.7040329219613735
75,0,5,5,5,0,0,5,0,5,0.6689312650265922
75,0,5,5,5,0,0,5,5,0,0.6403136949807319
75,0,5,5,5,0,0,10,0,0,0.6954447393950915
75,0,5,5,5,0,5,0,0,5,0.6378520277211852
75,0,5,5,5,0,5,0,5,0,0.6181851285216471
75,0,5,5,5,0,5,5,0,0,0.6613730692506619
75,0,5,5,5,0,10,0,0,0,0.6654126449876727
75,0,5,5,5,5,0,0,0,5,0.7409000491974566
75,0,5,5,5,5,0,0,5,0,0.7111316398775515
75,0,5,5,5,5,0,5,0,0,0.6937391985851415
75,0,5,5,5,5,5,0,0,0,0.7006837648210987
75,0,5,5,5,10,0,0,0,0,0.7571154558045667
75,0,5,5,10,0,0,0,0,5,0.7321228788215286
75,0,5,5,10,0,0,0,5,0,0.7048812770973621
75,0,5,5,10,0,0,5,0,0,0.6962930945310803
75,0,5,5,10,0,5,0,0,0,0.6654126449876727
75,0,5,5,10,5,0,0,0,0,0.7573042349618789
75,0,5,5,15,0,0,0,0,0,0.7600123215117217
75,0,5,10,0,0,0,0,0,10,0.8248555632003071
75,0,5,10,0,0,0,0,5,5,0.7685348411964487
75,0,5,10,0,0,0,0,10,0,0.7961167150330191
75,0,5,10,0,0,0,5,0,5,0.729258429876042
75,0,5,10,0,0,0,5,5,0,0.7007816360391637
75,0,5,10,0,0,0,10,0,0,0.7567033964848298
75,0,5,10,0,0,5,0,0,5,0.7516959697144334
75,0,5,10,0,0,5,0,5,0,0.7246536309279397
75,0,5,10,0,0,5,5,0,0,0.7780536212381616
75,0,5,10,0,0,10,0,0,0,0.7793943855489117
75,0,5,10,0,5,0,0,0,5,0.8416988912702338
75,0,5,10,0,5,0,0,5,0,0.8136603263697556
75,0,5,10,0,5,0,5,0,0,0.7643912929727916
75,0,5,10,0,5,5,0,0,0,0.8028586701823113
75,0,5,10,0,10,0,0,0,0,0.8609856936210994
75,0,5,10,5,0,0,0,0,5,0.8187402246346511
75,0,5,10,5,0,0,0,5,0,0.7914600791974784
75,0,5,10,5,0,0,5,0,0,0.7853571942870253
75,0,5,10,5,0,5,0,0,0,0.7609819218965896
75,0,5,10,5,5,0,0,0,0,0.8445426130406719
75,0,5,10,10,0,0,0,0,0,0.8474394787478269
75,0,5,15,0,0,0,0,0,5,0.8248555632003071
75,0,5,15,0,0,0,0,5,0,0.7961167150330191
75,0,5,15,0,0,0,5,0,0,0.7567033964848298
75,0,5,15,0,0,5,0,0,0,0.7793943855489117
75,0,5,15,0,5,0,0,0,0,0.8609856936210994
75,0,5,15,5,0,0,0,0,0,0.8465911236118382
75,0,5,20,0,0,0,0,0,0,0.8525893107717074
75,0,10,0,0,0,0,0,0,15,1.0016111468765505
75,0,10,0,0,0,0,0,5,10,0.9917617953698838
75,0,10,0,0,0,0,0,10,5,0.9917617953698838
75,0,10,0,0,0,0,0,15,0,1.0005448666966006
75,0,10,0,0,0,0,5,0,10,0.9679124039356336
75,0,10,0,0,0,0,5,5,5,0.9586138877219894
75,0,10,0,0,0,0,5,10,0,0.9684456026947811
75,0,10,0,0,0,0,10,0,5,0.9679124039356336
75,0,10,0,0,0,0,10,5,0,0.9684456026947811
75,0,10,0,0,0,0,15,0,0,0.9823949590333183
75,0,10,0,0,0,5,0,0,10,1.0333726790131714
75,0,10,0,0,0,5,0,5,5,1.0238779925587054
75,0,10,0,0,0,5,0,10,0,1.032661063885422
75,0,10,0,0,0,5,5,0,5,1.0684335391717434
75,0,10,0,0,0,5,5,5,0,1.0595798043711826
75,0,10,0,0,0,5,10,0,0,1.0772166104984602
75,0,10,0,0,0,10,0,0,5,1.0333726790131714
75,0,10,0,0,0,10,0,5,0,1.032661063885422
75,0,10,0,0,0,10,5,0,0,1.0772166104984602
75,0,10,0,0,0,15,0,0,0,1.042155750339888
75,0,10,0,0,5,0,0,0,10,1.0311323070893403
75,0,10,0,0,5,0,0,5,5,1.0306344987362877
75,0,10,0,0,5,0,0,10,0,1.0306344987362877
75,0,10,0,0,5,0,5,0,5,0.9963849205023486
75,0,10,0,0,5,0,5,5,0,0.9974865910883932
75,0,10,0,0,5,0,10,0,0,0.9974335641484235
75,0,10,0,0,5,5,0,0,5,1.0656987338667465
75,0,10,0,0,5,5,0,5,0,1.0605075885709505
75,0,10,0,0,5,5,5,0,0,1.1007595940253188
75,0,10,0,0,5,10,0,0,0,1.0656987338667465
75,0,10,0,0,10,0,0,0,5,1.0311323070893403
75,0,10,0,0,10,0,0,5,0,1.0306344987362877
75,0,10,0,0,10,0,5,0,0,0.9974335641484235
75,0,10,0,0,10,5,0,0,0,1.0656987338667465
75,0,10,0,0,15,0,0,0,0,1.0311323070893403
75,0,10,0,5,0,0,0,0,10,1.0003398780180424
75,0,10,0,5,0,0,0,5,5,0.9909883348644286
75,0,10,0,5,0,0,0,10,0,0.9997192582639701
75,0,10,0,5,0,0,5,0,5,0.9989666863322908
75,0,10,0,5,0,0,5,5,0,0.9986917081921771
75,0,10,0,5,0,0,10,0,0,1.0080432513457909
75,0,10,0,5,0,5,0,0,5,1.0157693589350654
75,0,10,0,5,0,5,0,5,0,1.0234951735200744
75,0,10,0,5,0,5,5,0,0,1.0578944571206443
75,0,10,0,5,0,10,0,0,0,1.0242067886478237
75,0,10,0,5,5,0,0,0,5,1.022250945413975
75,0,10,0,5,5,0,0,5,0,1.0189820274088108
75,0,10,0,5,5,0,5,0,0,1.017954477337018
75,0,10,0,5,5,5,0,0,0,1.055302560781407
75,0,10,0,5,10,0,0,0,0,1.0189820274088108
75,0,10,0,10,0,0,0,0,5,1.0063444862762352
75,0,10,0,10,0,0,0,5,0,1.0046869416802875
75,0,10,0,10,0,0,5,0,0,1.014110956442264
75,0,10,0,10,0,5,0,0,0,1.0309178559785397
75,0,10,0,10,5,0,0,0,0,1.0248696836680835
75,0,10,0,15,0,0,0,0,0,1.0140384848339012
75,0,10,5,0,0,0,0,0,10,0.7372759050152294
75,0,10,5,0,0,0,0,5,5,0.680955183011371
75,0,10,5,0,0,0,0,10,0,0.7085756005609477
75,0,10,5,0,0,0,5,0,5,0.6385628007046992
75,0,10,5,0,0,0,5,5,0,0.6100860068678209
75,0,10,5,0,0,0,10,0,0,0.6660077673134869
75,0,10,5,0,0,5,0,0,5,0.6559741918565442
75,0,10,5,0,0,5,0,5,0,0.6289703967830563
75,0,10,5,0,0,5,5,0,0,0.6785395890031797
75,0,10,5,0,0,10,0,0,0,0.6837111514040284
75,0,10,5,0,5,0,0,0,5,0.7541192330851562
75,0,10,5,0,5,0,0,5,0,0.7261192118976839
75,0,10,5,0,5,0,5,0,0,0.6736956638014489
75,0,10,5,0,5,5,0,0,0,0.7071754360374282
75,0,10,5,0,10,0,0,0,0,0.7734445791490279
75,0,10,5,5,0,0,0,0,5,0.7312745236855399
75,0,10,5,5,0,0,0,5,0,0.7040329219613735
75,0,10,5,5,0,0,5,0,0,0.6954447393950915
75,0,10,5,5,0,5,0,0,0,0.6654126449876727
75,0,10,5,5,5,0,0,0,0,0.7571154558045667
75,0,10,5,10,0,0,0,0,0,0.7600123215117217
75,0,10,10,0,0,0,0,0,5,0.8248555632003071
75,0,10,10,0,0,0,0,5,0,0.7961167150330191
75,0,10,10,0,0,0,5,0,0,0.7567033964848298
75,0,10,10,0,0,5,0,0,0,0.7793943855489117
75,0,10,10,0,5,0,0,0,0,0.8609856936210994
75,0,10,10,5,0,0,0,0,0,0.8465911236118382
75,0,10,15,0,0,0,0,0,0,0.8525893107717074
75,0,15,0,0,0,0,0,0,10,1.0016111468765505
75,0,15,0,0,0,0,0,5,5,0.9917617953698838
75,0,15,0,0,0,0,0,10,0,1.0005448666966006
75,0,15,0,0,0,0,5,0,5,0.9679124039356336
75,0,15,0,0,0,0,5,5,0,0.9684456026947811
75,0,15,0,0,0,0,10,0,0,0.9777441189084253
75,0,15,0,0,0,5,0,0,5,1.0333726790131714
75,0,15,0,0,0,5,0,5,0,1.032661063885422
75,0,15,0,0,0,5,5,0,0,1.0772166104984602
75,0,15,0,0,0,10,0,0,0,1.042155750339888
75,0,15,0,0,5,0,0,0,5,1.0311323070893403
75,0,15,0,0,5,0,0,5,0,1.0306344987362877
75,0,15,0,0,5,0,5,0,0,0.9974335641484235
75,0,15,0,0,5,5,0,0,0,1.0656987338667465
75,0,15,0,0,10,0,0,0,0,1.0311323070893403
75,0,15,0,5,0,0,0,0,5,1.0003398780180424
75,0,15,0,5,0,0,0,5,0,0.9997192582639701
75,0,15,0,5,0,0,5,0,0,1.0080432513457909
75,0,15,0,5,0,5,0,0,0,1.0242067886478237
75,0,15,0,5,5,0,0,0,0,1.0189820274088108
75,0,15,0,10,0,0,0,0,0,1.0140384848339012
75,0,15,5,0,0,0,0,0,5,0.7372759050152294
75,0,15,5,0,0,0,0,5,0,0.7085756005609477
75,0,15,5,0,0,0,5,0,0,0.6660077673134869
75,0,15,5,0,0,5,0,0,0,0.6837111514040284
75,0,15,5,0,5,0,0,0,0,0.7734445791490279
75,0,15,5,5,0,0,0,0,0,0.759163966375733
75,0,15,10,0,0,0,0,0,0,0.8525893107717074
75,0,20,0,0,0,0,0,0,5,1.0016111468765505
75,0,20,0,0,0,0,0,5,0,1.0005448666966006
75,0,20,0,0,0,0,5,0,0,0.9777441189084253
75,0,20,0,0,0,5,0,0,0,1.042155750339888
75,0,20,0,0,5,0,0,0,0,1.0311323070893403
75,0,20,0,5,0,0,0,0,0,1.0090708014175838
75,0,20,5,0,0,0,0,0,0,0.7650481962996359
75,0,25,0,0,0,0,0,0,0,1.010394218203267
75,5,0,0,0,0,0,0,0,20,6.1047589476497865
75,5,0,0,0,0,0,0,5,15,6.107359785358744
75,5,0,0,0,0,0,0,10,10,6.107359785358744
75,5,0,0,0,0,0,0,15,5,6.107359785358744
75,5,0,0,0,0,0,0,20,0,6.107359785358744
75,5,0,0,0,0,0,5,0,15,6.1047589476497865
75,5,0,0,0,0,0,5,5,10,6.107359785358744
75,5,0,0,0,0,0,5,10,5,6.107359785358744
75,5,0,0,0,0,0,5,15,0,6.107359785358744
75,5,0,0,0,0,0,10,0,10,6.1047589476497865
75,5,0,0,0,0,0,10,5,5,6.107359785358744
75,5,0,0,0,0,0,10,10,0,6.107359785358744
75,5,0,0,0,0,0,15,0,5,6.1047589476497865
75,5,0,0,0,0,0,15,5,0,6.107359785358744
75,5,0,0,0,0,0,20,0,0,6.1047589476497865
75,5,0,0,0,0,5,0,0,15,6.107292285921043
75,5,0,0,0,0,5,0,5,10,6.115088763979896
75,5,0,0,0,0,5,0,10,5,6.115088763979896
75,5,0,0,0,0,5,0,15,0,6.115088763979896
75,5,0,0,0,0,5,5,0,10,6.1119247278376125
75,5,0,0,0,0,5,5,5,5,6.115088763979896
75,5,0,0,0,0,5,5,10,0,6.115088763979896
75,5,0,0,0,0,5,10,0,5,6.1119247278376125
75,5,0,0,0,0,5,10,5,0,6.115088763979896
75,5,0,0,0,0,5,15,0,0,6.1119247278376125
75,5,0,0,0,0,10,0,0,10,6.107292285921043
75,5,0,0,0,0,10,0,5,5,6.115088763979896
75,5,0,0,0,0,10,0,10,0,6.115088763979896
75,5,0,0,0,0,10,5,0,5,6.1119247278376125
75,5,0,0,0,0,10,5,5,0,6.115088763979896
75,5,0,0,0,0,10,10,0,0,6.1119247278376125
75,5,0,0,0,0,15,0,0,5,6.107292285921043
75,5,0,0,0,0,15,0,5,0,6.115088763979896
75,5,0,0,0,0,15,5,0,0,6.1119247278376125
75,5,0,0,0,0,20,0,0,0,6.107292285921043
75,5,0,0,0,5,0,0,0,15,6.1047589476497865
75,5,0,0,0,5,0,0,5,10,6.107359785358744
75,5,0,0,0,5,0,0,10,5,6.107359785358744
75,5,0,0,0,5,0,0,15,0,6.107359785358744
75,5,0,0,0,5,0,5,0,10,6.1047589476497865
75,5,0,0,0,5,0,5,5,5,6.107359785358744
75,5,0,0,0,5,0,5,10,0,6.107359785358744
75,5,0,0,0,5,0,10,0,5,6.1047589476497865
75,5,0,0,0,5,0,10,5,0,6.107359785358744
75,5,0,0,0,5,0,15,0,0,6.1047589476497865
75,5,0,0,0,5,5,0,0,10,6.106461492098601
75,5,0,0,0,5,5,0,5,5,6.115088763979896
75,5,0,0,0,5,5,0,10,0,6.115088763979896
75,5,0,0,0,5,5,5,0,5,6.114006927288913
75,5,0,0,0,5,5,5,5,0,6.115088763979896
75,5,0,0,0,5,5,10,0,0,6.114006927288913
75,5,0,0,0,5,10,0,0,5,6.106461492098601
75,5,0,0,0,5,10,0,5,0,6.115088763979896
75,5,0,0,0,5,10,5,0,0,6.114006927288913
75,5,0,0,0,5,15,0,0,0,6.106461492098601
75,5,0,0,0,10,0,0,0,10,6.1047589476497865
75,5,0,0,0,10,0,0,5,5,6.107359785358744
75,5,0,0,0,10,0,0,10,0,6.107359785358744
75,5,0,0,0,10,0,5,0,5,6.1047589476497865
75,5,0,0,0,10,0,5,5,0,6.107359785358744
75,5,0,0,0,10,0,10,0,0,6.1047589476497865
75,5,0,0,0,10,5,0,0,5,6.106461492098601
75,5,0,0,0,10,5,0,5,0,6.115088763979896
75,5,0,0,0,10,5,5,0,0,6.114006927288913
75,5,0,0,0,10,10,0,0,0,6.106461492098601
75,5,0,0,0,15,0,0,0,5,6.1047589476497865
75,5,0,0,0,15,0,0,5,0,6.107359785358744
75,5,0,0,0,15,0,5,0,0,6.1047589476497865
75,5,0,0,0,15,5,0,0,0,6.106461492098601
75,5,0,0,0,20,0,0,0,0,6.1047589476497865
75,5,0,0,5,0,0,0,0,15,6.107653279045528
75,5,0,0,5,0,0,0,5,10,6.107653279045528
75,5,0,0,5,0,0,0,10,5,6.107653279045528
75,5,0,0,5,0,0,0,15,0,6.107653279045528
75,5,0,0,5,0,0,5,0,10,6.110395443702174
75,5,0,0,5,0,0,5,5,5,6.110395443702174
75,5,0,0,5,0,0,5,10,0,6.110395443702174
75,5,0,0,5,0,0,10,0,5,6.110395443702174
75,5,0,0,5,0,0,10,5,0,6.110395443702174
75,5,0,0,5,0,0,15,0,0,6.110395443702174
75,5,0,0,5,0,5,0,0,10,6.107292285921043
75,5,0,0,5,0,5,0,5,5,6.115088763979896
75,5,0,0,5,0,5,0,10,0,6.115088763979896
75,5,0,0,5,0,5,5,0,5,6.1119247278376125
75,5,0,0,5,0,5,5,5,0,6.115088763979896
75,5,0,0,5,0,5,10,0,0,6.1119247278376125
75,5,0,0,5,0,10,0,0,5,6.107292285921043
75,5,0,0,5,0,10,0,5,0,6.115088763979896
75,5,0,0,5,0,10,5,0,0,6.1119247278376125
75,5,0,0,5,0,15,0,0,0,6.107292285921043
75,5,0,0,5,5,0,0,0,10,6.107653279045528
75,5,0,0,5,5,0,0,5,5,6.107653279045528
75,5,0,0,5,5,0,0,10,0,6.107653279045528
75,5,0,0,5,5,0,5,0,5,6.110395443702174
75,5,0,0,5,5,0,5,5,0,6.110395443702174
75,5,0,0,5,5,0,10,0,0,6.110395443702174
75,5,0,0,5,5,5,0,0,5,6.106461492098601
75,5,0,0,5,5,5,0,5,0,6.115088763979896
75,5,0,0,5,5,5,5,0,0,6.114006927288913
75,5,0,0,5,5,10,0,0,0,6.106461492098601
75,5,0,0,5,10,0,0,0,5,6.107653279045528
75,5,0,0,5,10,0,0,5,0,6.107653279045528
75,5,0,0,5,10,0,5,0,0,6.110395443702174
75,5,0,0,5,10,5,0,0,0,6.106461492098601
75,5,0,0,5,15,0,0,0,0,6.107653279045528
75,5,0,0,10,0,0,0,0,10,6.107653279045528
75,5,0,0,10,0,0,0,5,5,6.107653279045528
75,5,0,0,10,0,0,0,10,0,6.107653279045528
75,5,0,0,10,0,0,5,0,5,6.110395443702174
75,5,0,0,10,0,0,5,5,0,6.110395443702174
75,5,0,0,10,0,0,10,0,0,6.110395443702174
75,5,0,0,10,0,5,0,0,5,6.107292285921043
75,5,0,0,10,0,5,0,5,0,6.115088763979896
75,5,0,0,10,0,5,5,0,0,6.1119247278376125
75,5,0,0,10,0,10,0,0,0,6.107292285921043
75,5,0,0,10,5,0,0,0,5,6.107653279045528
75,5,0,0,10,5,0,0,5,0,6.107653279045528
75,5,0,0,10,5,0,5,0,0,6.110395443702174
75,5,0,0,10,5,5,0,0,0,6.106461492098601
75,5,0,0,10,10,0,0,0,0,6.107653279045528
75,5,0,0,15,0,0,0,0,5,6.107653279045528
75,5,0,0,15,0,0,0,5,0,6.107653279045528
75,5,0,0,15,0,0,5,0,0,6.110395443702174
75,5,0,0,15,0,5,0,0,0,6.107292285921043
75,5,0,0,15,5,0,0,0,0,6.107653279045528
75,5,0,0,20,0,0,0,0,0,6.107653279045528
75,5,0,5,0,0,0,0,0,15,6.1058075912958625
75,5,0,5,0,0,0,0,5,10,6.107359785358744
75,5,0,5,0,0,0,0,10,5,6.107359785358744
75,5,0,5,0,0,0,0,15,0,6.107359785358744
75,5,0,5,0,0,0,5,0,10,6.1058075912958625
75,5,0,5,0,0,0,5,5,5,6.107359785358744
75,5,0,5,0,0,0,5,10,0,6.107359785358744
75,5,0,5,0,0,0,10,0,5,6.1058075912958625
75,5,0,5,0,0,0,10,5,0,6.107359785358744
75,5,0,5,0,0,0,15,0,0,6.1058075912958625
75,5,0,5,0,0,5,0,0,10,6.107292285921043
75,5,0,5,0,0,5,0,5,5,6.115088763979896
75,5,0,5,0,0,5,0,10,0,6.115088763979896
75,5,0,5,0,0,5,5,0,5,6.1119247278376125
75,5,0,5,0,0,5,5,5,0,6.115088763979896
75,5,0,5,0,0,5,10,0,0,6.1119247278376125
75,5,0,5,0,0,10,0,0,5,6.107292285921043
75,5,0,5,0,0,10,0,5,0,6.115088763979896
75,5,0,5,0,0,10,5,0,0,6.1119247278376125
75,5,0,5,0,0,15,0,0,0,6.107292285921043
75,5,0,5,0,5,0,0,0,10,6.1058075912958625
75,5,0,5,0,5,0,0,5,5,6.107359785358744
75,5,0,5,0,5,0,0,10,0,6.107359785358744
75,5,0,5,0,5,0,5,0,5,6.1058075912958625
75,5,0,5,0,5,0,5,5,0,6.107359785358744
75,5,0,5,0,5,0,10,0,0,6.1058075912958625
75,5,0,5,0,5,5,0,0,5,6.106461492098601
75,5,0,5,0,5,5,0,5,0,6.115088763979896
75,5,0,5,0,5,5,5,0,0,6.114006927288913
75,5,0,5,0,5,10,0,0,0,6.106461492098601
75,5,0,5,0,10,0,0,0,5,6.1058075912958625
75,5,0,5,0,10,0,0,5,0,6.107359785358744
75,5,0,5,0,10,0,5,0,0,6.1058075912958625
75,5,0,5,0,10,5,0,0,0,6.106461492098601
75,5,0,5,0,15,0,0,0,0,6.1058075912958625
75,5,0,5,5,0,0,0,0,10,6.107653279045528
75,5,0,5,5,0,0,0,5,5,6.107653279045528
75,5,0,5,5,0,0,0,10,0,6.107653279045528
75,5,0,5,5,0,0,5,0,5,6.110395443702174
75,5,0,5,5,0,0,5,5,0,6.110395443702174
75,5,0,5,5,0,0,10,0,0,6.110395443702174
75,5,0,5,5,0,5,0,0,5,6.107292285921043
75,5,0,5,5,0,5,0,5,0,6.115088763979896
75,5,0,5,5,0,5,5,0,0,6.1119247278376125
75,5,0,5,5,0,10,0,0,0,6.107292285921043
75,5,0,5,5,5,0,0,0,5,6.107653279045528
75,5,0,5,5,5,0,0,5,0,6.107653279045528
75,5,0,5,5,5,0,5,0,0,6.110395443702174
75,5,0,5,5,5,5,0,0,0,6.106461492098601
75,5,0,5,5,10,0,0,0,0,6.107653279045528
75,5,0,5,10,0,0,0,0,5,6.107653279045528
75,5,0,5,10,0,0,0,5,0,6.107653279045528
75,5,0,5,10,0,0,5,0,0,6.110395443702174
75,5,0,5,10,0,5,0,0,0,6.107292285921043
75,5,0,5,10,5,0,0,0,0,6.107653279045528
75,5,0,5,15,0,0,0,0,0,6.107653279045528
75,5,0,10,0,0,0,0,0,10,6.1058075912958625
75,5,0,10,0,0,0,0,5,5,6.107359785358744
75,5,0,10,0,0,0,0,10,0,6.107359785358744
75,5,0,10,0,0,0,5,0,5,6.1058075912958625
75,5,0,10,0,0,0,5,5,0,6.107359785358744
75,5,0,10,0,0,0,10,0,0,6.1058075912958625
75,5,0,10,0,0,5,0,0,5,6.107292285921043
75,5,0,10,0,0,5,0,5,0,6.115088763979896
75,5,0,10,0,0,5,5,0,0,6.1119247278376125
75,5,0,10,0,0,10,0,0,0,6.107292285921043
75,5,0,10,0,5,0,0,0,5,6.1058075912958625
75,5,0,10,0,5,0,0,5,0,6.107359785358744
75,5,0,10,0,5,0,5,0,0,6.1058075912958625
75,5,0,10,0,5,5,0,0,0,6.106461492098601
75,5,0,10,0,10,0,0,0,0,6.1058075912958625
75,5,0,10,5,0,0,0,0,5,6.107653279045528
75,5,0,10,5,0,0,0,5,0,6.107653279045528
75,5,0,10,5,0,0,5,0,0,6.110395443702174
75,5,0,10,5,0,5,0,0,0,6.107292285921043
75,5,0,10,5,5,0,0,0,0,6.107653279045528
75,5,0,10,10,0,0,0,0,0,6.107653279045528
75,5,0,15,0,0,0,0,0,5,6.1058075912958625
75,5,0,15,0,0,0,0,5,0,6.107359785358744
75,5,0,15,0,0,0,5,0,0,6.1058075912958625
75,5,0,15,0,0,5,0,0,0,6.107292285921043
75,5,0,15,0,5,0,0,0,0,6.1058075912958625
75,5,0,15,5,0,0,0,0,0,6.107653279045528
75,5,0,20,0,0,0,0,0,0,6.1058075912958625
75,5,5,0,0,0,0,0,0,15,6.115434405593854
75,5,5,0,0,0,0,0,5,10,6.115434405593854
75,5,5,0,0,0,0,0,10,5,6.115434405593854
75,5,5,0,0,0,0,0,15,0,6.115434405593854
75,5,5,0,0,0,0,5,0,10,6.115434405593854
75,5,5,0,0,0,0,5,5,5,6.115434405593854
75,5,5,0,0,0,0,5,10,0,6.115434405593854
75,5,5,0,0,0,0,10,0,5,6.115434405593854
75,5,5,0,0,0,0,10,5,0,6.115434405593854
75,5,5,0,0,0,0,15,0,0,6.115434405593854
75,5,5,0,0,0,5,0,0,10,6.115434405593854
75,5,5,0,0,0,5,0,5,5,6.115434405593854
75,5,5,0,0,0,5,0,10,0,6.115434405593854
75,5,5,0,0,0,5,5,0,5,6.115434405593854
75,5,5,0,0,0,5,5,5,0,6.115434405593854
75,5,5,0,0,0,5,10,0,0,6.115434405593854
75,5,5,0,0,0,10,0,0,5,6.115434405593854
75,5,5,0,0,0,10,0,5,0,6.115434405593854
75,5,5,0,0,0,10,5,0,0,6.115434405593854
75,5,5,0,0,0,15,0,0,0,6.115434405593854
75,5,5,0,0,5,0,0,0,10,6.115434405593854
75,5,5,0,0,5,0,0,5,5,6.115434405593854
75,5,5,0,0,5,0,0,10,0,6.115434405593854
75,5,5,0,0,5,0,5,0,5,6.115434405593854
75,5,5,0,0,5,0,5,5,0,6.115434405593854
75,5,5,0,0,5,0,10,0,0,6.115434405593854
75,5,5,0,0,5,5,0,0,5,6.115434405593854
75,5,5,0,0,5,5,0,5,0,6.115434405593854
75,5,5,0,0,5,5,5,0,0,6.115434405593854
75,5,5,0,0,5,10,0,0,0,6.115434405593854
75,5,5,0,0,10,0,0,0,5,6.115434405593854
75,5,5,0,0,10,0,0,5,0,6.115434405593854
75,5,5,0,0,10,0,5,0,0,6.115434405593854
75,5,5,0,0,10,5,0,0,0,6.115434405593854
75,5,5,0,0,15,0,0,0,0,6.115434405593854
75,5,5,0,5,0,0,0,0,10,6.115434405593854
75,5,5,0,5,0,0,0,5,5,6.115434405593854
75,5,5,0,5,0,0,0,10,0,6.115434405593854
75,5,5,0,5,0,0,5,0,5,6.115434405593854
75,5,5,0,5,0,0,5,5,0,6.115434405593854
75,5,5,0,5,0,0,10,0,0,6.115434405593854
75,5,5,0,5,0,5,0,0,5,6.115434405593854
75,5,5,0,5,0,5,0,5,0,6.115434405593854
75,5,5,0,5,0,5,5,0,0,6.115434405593854
75,5,5,0,5,0,10,0,0,0,6.115434405593854
75,5,5,0,5,5,0,0,0,5,6.115434405593854
75,5,5,0,5,5,0,0,5,0,6.115434405593854
75,5,5,0,5,5,0,5,0,0,6.115434405593854
75,5,5,0,5,5,5,0,0,0,6.115434405593854
75,5,5,0,5,10,0,0,0,0,6.115434405593854
75,5,5,0,10,0,0,0,0,5,6.115434405593854
75,5,5,0,10,0,0,0,5,0,6.115434405593854
75,5,5,0,10,0,0,5,0,0,6.115434405593854
75,5,5,0,10,0,5,0,0,0,6.115434405593854
75,5,5,0,10,5,0,0,0,0,6.115434405593854
75,5,5,0,15,0,0,0,0,0,6.115434405593854
75,5,5,5,0,0,0,0,0,10,6.106557116302011
75,5,5,5,0,0,0,0,5,5,6.106557116302011
75,5,5,5,0,0,0,0,10,0,6.106557116302011
75,5,5,5,0,0,0,5,0,5,6.106557116302011
75,5,5,5,0,0,0,5,5,0,6.106557116302011
75,5,5,5,0,0,0,10,0,0,6.106557116302011
75,5,5,5,0,0,5,0,0,5,6.106557116302011
75,5,5,5,0,0,5,0,5,0,6.106557116302011
75,5,5,5,0,0,5,5,0,0,6.106557116302011
75,5,5,5,0,0,10,0,0,0,6.106557116302011
75,5,5,5,0,5,0,0,0,5,6.106557116302011
75,5,5,5,0,5,0,0,5,0,6.106557116302011
75,5,5,5,0,5,0,5,0,0,6.106557116302011
75,5,5,5,0,5,5,0,0,0,6.106557116302011
75,5,5,5,0,10,0,0,0,0,6.106557116302011
75,5,5,5,5,0,0,0,0,5,6.106557116302011
75,5,5,5,5,0,0,0,5,0,6.106557116302011
75,5,5,5,5,0,0,5,0,0,6.106557116302011
75,5,5,5,5,0,5,0,0,0,6.106557116302011
75,5,5,5,5,5,0,0,0,0,6.106557116302011
75,5,5,5,10,0,0,0,0,0,6.106557116302011
75,5,5,10,0,0,0,0,0,5,6.106557116302011
75,5,5,10,0,0,0,0,5,0,6.106557116302011
75,5,5,10,0,0,0,5,0,0,6.106557116302011
75,5,5,10,0,0,5,0,0,0,6.106557116302011
75,5,5,10,0,5,0,0,0,0,6.106557116302011
75,5,5,10,5,0,0,0,0,0,6.106557116302011
75,5,5,15,0,0,0,0,0,0,6.106557116302011
75,5,10,0,0,0,0,0,0,10,6.115434405593854
75,5,10,0,0,0,0,0,5,5,6.115434405593854
75,5,10,0,0,0,0,0,10,0,6.115434405593854
75,5,10,0,0,0,0,5,0,5,6.115434405593854
75,5,10,0,0,0,0,5,5,0,6.115434405593854
75,5,10,0,0,0,0,10,0,0,6.115434405593854
75,5,10,0,0,0,5,0,0,5,6.115434405593854
75,5,10,0,0,0,5,0,5,0,6.115434405593854
75,5,10,0,0,0,5,5,0,0,6.115434405593854
75,5,10,0,0,0,10,0,0,0,6.115434405593854
75,5,10,0,0,5,0,0,0,5,6.115434405593854
75,5,10,0,0,5,0,0,5,0,6.115434405593854
75,5,10,0,0,5,0,5,0,0,6.115434405593854
75,5,10,0,0,5,5,0,0,0,6.115434405593854
75,5,10,0,0,10,0,0,0,0,6.115434405593854
75,5,10,0,5,0,0,0,0,5,6.115434405593854
75,5,10,0,5,0,0,0,5,0,6.115434405593854
75,5,10,0,5,0,0,5,0,0,6.115434405593854
75,5,10,0,5,0,5,0,0,0,6.115434405593854
75,5,10,0,5,5,0,0,0,0,6.115434405593854
75,5,10,0,10,0,0,0,0,0,6.115434405593854
75,5,10,5,0,0,0,0,0,5,6.106557116302011
75,5,10,5,0,0,0,0,5,0,6.106557116302011
75,5,10,5,0,0,0,5,0,0,6.106557116302011
75,5,10,5,0,0,5,0,0,0,6.106557116302011
75,5,10,5,0,5,0,0,0,0,6.106557116302011
75,5,10,5,5,0,0,0,0,0,6.106557116302011
75,5,10,10,0,0,0,0,0,0,6.106557116302011
75,5,15,0,0,0,0,0,0,5,6.115434405593854
75,5,15,0,0,0,0,0,5,0,6.115434405593854
75,5,15,0,0,0,0,5,0,0,6.115434405593854
75,5,15,0,0,0,5,0,0,0,6.115434405593854
75,5,15,0,0,5,0,0,0,0,6.115434405593854
75,5,15,0,5,0,0,0,0,0,6.115434405593854
75,5,15,5,0,0,0,0,0,0,6.106557116302011
75,5,20,0,0,0,0,0,0,0,6.115434405593854
75,10,0,0,0,0,0,0,0,15,6.1047589476497865
75,10,0,0,0,0,0,0,5,10,6.107359785358744
75,10,0,0,0,0,0,0,10,5,6.107359785358744
75,10,0,0,0,0,0,0,15,0,6.107359785358744
75,10,0,0,0,0,0,5,0,10,6.1047589476497865
75,10,0,0,0,0,0,5,5,5,6.107359785358744
75,10,0,0,0,0,0,5,10,0,6.107359785358744
75,10,0,0,0,0,0,10,0,5,6.1047589476497865
75,10,0,0,0,0,0,10,5,0,6.107359785358744
75,10,0,0,0,0,0,15,0,0,6.1047589476497865
75,10,0,0,0,0,5,0,0,10,6.107292285921043
75,10,0,0,0,0,5,0,5,5,6.115088763979896
75,10,0,0,0,0,5,0,10,0,6.115088763979896
75,10,0,0,0,0,5,5,0,5,6.1119247278376125
75,10,0,0,0,0,5,5,5,0,6.115088763979896
75,10,0,0,0,0,5,10,0,0,6.1119247278376125
75,10,0,0,0,0,10,0,0,5,6.107292285921043
75,10,0,0,0,0,10,0,5,0,6.115088763979896
75,10,0,0,0,0,10,5,0,0,6.1119247278376125
75,10,0,0,0,0,15,0,0,0,6.107292285921043
75,10,0,0,0,5,0,0,0,10,6.1047589476497865
75,10,0,0,0,5,0,0,5,5,6.107359785358744
75,10,0,0,0,5,0,0,10,0,6.107359785358744
75,10,0,0,0,5,0,5,0,5,6.1047589476497865
75,10,0,0,0,5,0,5,5,0,6.107359785358744
75,10,0,0,0,5,0,10,0,0,6.1047589476497865
75,10,0,0,0,5,5,0,0,5,6.106461492098601
75,10,0,0,0,5,5,0,5,0,6.115088763979896
75,10,0,0,0,5,5,5,0,0,6.114006927288913
75,10,0,0,0,5,10,0,0,0,6.106461492098601
75,10,0,0,0,10,0,0,0,5,6.1047589476497865
75,10,0,0,0,10,0,0,5,0,6.107359785358744
75,10,0,0,0,10,0,5,0,0,6.1047589476497865
75,10,0,0,0,10,5,0,0,0,6.106461492098601
75,10,0,0,0,15,0,0,0,0,6.1047589476497865
75,10,0,0,5,0,0,0,0,10,6.107653279045528
75,10,0,0,5,0,0,0,5,5,6.107653279045528
75,10,0,0,5,0,0,0,10,0,6.107653279045528
75,10,0,0,5,0,0,5,0,5,6.110395443702174
75,10,0,0,5,0,0,5,5,0,6.110395443702174
75,10,0,0,5,0,0,10,0,0,6.110395443702174
75,10,0,0,5,0,5,0,0,5,6.107292285921043
75,10,0,0,5,0,5,0,5,0,6.115088763979896
75,10,0,0,5,0,5,5,0,0,6.1119247278376125
75,10,0,0,5,0,10,0,0,0,6.107292285921043
75,10,0,0,5,5,0,0,0,5,6.107653279045528
75,10,0,0,5,5,0,0,5,0,6.107653279045528
75,10,0,0,5,5,0,5,0,0,6.110395443702174
75,10,0,0,5,5,5,0,0,0,6.106461492098601
75,10,0,0,5,10,0,0,0,0,6.107653279045528
75,10,0,0,10,0,0,0,0,5,6.107653279045528
75,10,0,0,10,0,0,0,5,0,6.107653279045528
75,10,0,0,10,0,0,5,0,0,6.110395443702174
75,10,0,0,10,0,5,0,0,0,6.107292285921043
75,10,0,0,10,5,0,0,0,0,6.107653279045528
75,10,0,0,15,0,0,0,0,0,6.107653279045528
75,10,0,5,0,0,0,0,0,10,6.1058075912958625
75,10,0,5,0,0,0,0,5,5,6.107359785358744
75,10,0,5,0,0,0,0,10,0,6.107359785358744
75,10,0,5,0,0,0,5,0,5,6.1058075912958625
75,10,0,5,0,0,0,5,5,0,6.107359785358744
75,10,0,5,0,0,0,10,0,0,6.1058075912958625
75,10,0,5,0,0,5,0,0,5,6.107292285921043
75,10,0,5,0,0,5,0,5,0,6.115088763979896
75,10,0,5,0,0,5,5,0,0,6.1119247278376125
75,10,0,5,0,0,10,0,0,0,6.107292285921043
75,10,0,5,0,5,0,0,0,5,6.1058075912958625
75,10,0,5,0,5,0,0,5,0,6.107359785358744
75,10,0,5,0,5,0,5,0,0,6.1058075912958625
75,10,0,5,0,5,5,0,0,0,6.106461492098601
75,10,0,5,0,10,0,0,0,0,6.1058075912958625
75,10,0,5,5,0,0,0,0,5,6.107653279045528
75,10,0,5,5,0,0,0,5,0,6.107653279045528
75,10,0,5,5,0,0,5,0,0,6.110395443702174
75,10,0,5,5,0,5,0,0,0,6.107292285921043
75,10,0,5,5,5,0,0,0,0,6.107653279045528
75,10,0,5,10,0,0,0,0,0,6.107653279045528
75,10,0,10,0,0,0,0,0,5,6.1058075912958625
75,10,0,10,0,0,0,0,5,0,6.107359785358744
75,10,0,10,0,0,0,5,0,0,6.1058075912958625
75,10,0,10,0,0,5,0,0,0,6.107292285921043
75,10,0,10,0,5,0,0,0,0,6.1058075912958625
75,10,0,10,5,0,0,0,0,0,6.107653279045528
75,10,0,15,0,0,0,0,0,0,6.1058075912958625
75,10,5,0,0,0,0,0,0,10,6.115434405593854
75,10,5,0,0,0,0,0,5,5,6.115434405593854
75,10,5,0,0,0,0,0,10,0,6.115434405593854
75,10,5,0,0,0,0,5,0,5,6.115434405593854
75,10,5,0,0,0,0,5,5,0,6.115434405593854
75,10,5,0,0,0,0,10,0,0,6.115434405593854
75,10,5,0,0,0,5,0,0,5,6.115434405593854
75,10,5,0,0,0,5,0,5,0,6.115434405593854
75,10,5,0,0,0,5,5,0,0,6.115434405593854
75,10,5,0,0,0,10,0,0,0,6.115434405593854
75,10,5,0,0,5,0,0,0,5,6.115434405593854
75,10,5,0,0,5,0,0,5,0,6.115434405593854
75,10,5,0,0,5,0,5,0,0,6.115434405593854
75,10,5,0,0,5,5,0,0,0,6.115434405593854
75,10,5,0,0,10,0,0,0,0,6.115434405593854
75,10,5,0,5,0,0,0,0,5,6.115434405593854
75,10,5,0,5,0,0,0,5,0,6.115434405593854
75,10,5,0,5,0,0,5,0,0,6.115434405593854
75,10,5,0,5,0,5,0,0,0,6.115434405593854
75,10,5,0,5,5,0,0,0,0,6.115434405593854
75,10,5,0,10,0,0,0,0,0,6.115434405593854
75,10,5,5,0,0,0,0,0,5,6.106557116302011
75,10,5,5,0,0,0,0,5,0,6.106557116302011
75,10,5,5,0,0,0,5,0,0,6.106557116302011
75,10,5,5,0,0,5,0,0,0,6.106557116302011
75,10,5,5,0,5,0,0,0,0,6.106557116302011
75,10,5,5,5,0,0,0,0,0,6.106557116302011
75,10,5,10,0,0,0,0,0,0,6.106557116302011
75,10,10,0,0,0,0,0,0,5,6.115434405593854
75,10,10,0,0,0,0,0,5,0,6.115434405593854
75,10,10,0,0,0,0,5,0,0,6.115434405593854
75,10,10,0,0,0,5,0,0,0,6.115434405593854
75,10,10,0,0,5,0,0,0,0,6.115434405593854
75,10,10,0,5,0,0,0,0,0,6.115434405593854
75,10,10,5,0,0,0,0,0,0,6.106557116302011
75,10,15,0,0,0,0,0,0,0,6.115434405593854
75,15,0,0,0,0,0,0,0,10,6.1047589476497865
75,15,0,0,0,0,0,0,5,5,6.107359785358744
75,15,0,0,0,0,0,0,10,0,6.107359785358744
75,15,0,0,0,0,0,5,0,5,6.1047589476497865
75,15,0,0,0,0,0,5,5,0,6.107359785358744
75,15,0,0,0,0,0,10,0,0,6.1047589476497865
75,15,0,0,0,0,5,0,0,5,6.107292285921043
75,15,0,0,0,0,5,0,5,0,6.115088763979896
75,15,0,0,0,0,5,5,0,0,6.1119247278376125
75,15,0,0,0,0,10,0,0,0,6.107292285921043
75,15,0,0,0,5,0,0,0,5,6.1047589476497865
75,15,0,0,0,5,0,0,5,0,6.107359785358744
75,15,0,0,0,5,0,5,0,0,6.1047589476497865
75,15,0,0,0,5,5,0,0,0,6.106461492098601
75,15,0,0,0,10,0,0,0,0,6.1047589476497865
75,15,0,0,5,0,0,0,0,5,6.107653279045528
75,15,0,0,5,0,0,0,5,0,6.107653279045528
75,15,0,0,5,0,0,5,0,0,6.110395443702174
75,15,0,0,5,0,5,0,0,0,6.107292285921043
75,15,0,0,5,5,0,0,0,0,6.107653279045528
75,15,0,0,10,0,0,0,0,0,6.107653279045528
75,15,0,5,0,0,0,0,0,5,6.1058075912958625
75,15,0,5,0,0,0,0,5,0,6.107359785358744
75,15,0,5,0,0,0,5,0,0,6.1058075912958625
75,15,0,5,0,0,5,0,0,0,6.107292285921043
75,15,0,5,0,5,0,0,0,0,6.1058075912958625
75,15,0,5,5,0,0,0,0,0,6.107653279045528
75,15,0,10,0,0,0,0,0,0,6.1058075912958625
75,15,5,0,0,0,0,0,0,5,6.115434405593854
75,15,5,0,0,0,0,0,5,0,6.115434405593854
75,15,5,0,0,0,0,5,0,0,6.115434405593854
75,15,5,0,0,0,5,0,0,0,6.115434405593854
75,15,5,0,0,5,0,0,0,0,6.115434405593854
75,15,5,0,5,0,0,0,0,0,6.115434405593854
75,15,5,5,0,0,0,0,0,0,6.106557116302011
75,15,10,0,0,0,0,0,0,0,6.115434405593854
75,20,0,0,0,0,0,0,0,5,6.1047589476497865
75,20,0,0,0,0,0,0,5,0,6.107359785358744
75,20,0,0,0,0,0,5,0,0,6.1047589476497865
75,20,0,0,0,0,5,0,0,0,6.107292285921043
75,20,0,0,0,5,0,0,0,0,6.1047589476497865
75,20,0,0,5,0,0,0,0,0,6.107653279045528
75,20,0,5,0,0,0,0,0,0,6.1058075912958625
75,20,5,0,0,0,0,0,0,0,6.115434405593854
75,25,0,0,0,0,0,0,0,0,6.1047589476497865
80,0,0,0,0,0,0,0,0,20,0.4108822837202719
80,0,0,0,0,0,0,0,5,15,0.42451548000277256
80,0,0,0,0,0,0,0,10,10,0.42451548000277256
80,0,0,0,0,0,0,0,15,5,0.42451548000277256
80,0,0,0,0,0,0,0,20,0,0.42690843131408274
80,0,0,0,0,0,0,5,0,15,0.3660576760135974
80,0,0,0,0,0,0,5,5,10,0.4007232168850024
80,0,0,0,0,0,0,5,10,5,0.4007232168850024
80,0,0,0,0,0,0,5,15,0,0.4023666080721606
80,0,0,0,0,0,0,10,0,10,0.36017081076335894
80,0,0,0,0,0,0,10,5,5,0.3966393250103755
80,0,0,0,0,0,0,10,10,0,0.39371835972719615
80,0,0,0,0,0,0,15,0,5,0.35995958201627454
80,0,0,0,0,0,0,15,5,0,0.39628034998965184
80,0,0,0,0,0,0,20,0,0,0.3427501554448976
80,0,0,0,0,0,5,0,0,15,0.4816476863271081
80,0,0,0,0,0,5,0,5,10,0.5610379748216963
80,0,0,0,0,0,5,0,10,5,0.5610379748216963
80,0,0,0,0,0,5,0,15,0,0.5672548443161589
80,0,0,0,0,0,5,5,0,10,0.7403007847501482
80,0,0,0,0,0,5,5,5,5,0.606020849011053
80,0,0,0,0,0,5,5,10,0,0.612408630328372
80,0,0,0,0,0,5,10,0,5,0.7348690134789081
80,0,0,0,0,0,5,10,5,0,0.602208187920525
80,0,0,0,0,0,5,15,0,0,0.710237544789711
80,0,0,0,0,0,10,0,0,10,0.4816476863271081
80,0,0,0,0,0,10,0,5,5,0.5610379748216963
80,0,0,0,0,0,10,0,10,0,0.5672548443161589
80,0,0,0,0,0,10,5,0,5,0.7403007847501482
80,0,0,0,0,0,10,5,5,0,0.612408630328372
80,0,0,0,0,0,10,10,0,0,0.7160952303677938
80,0,0,0,0,0,15,0,0,5,0.4816476863271081
80,0,0,0,0,0,15,0,5,0,0.5672548443161589
80,0,0,0,0,0,15,5,0,0,0.7260913581093714
80,0,0,0,0,0,20,0,0,0,0.46427531155280455
80,0,0,0,0,5,0,0,0,15,0.413508316835488
80,0,0,0,0,5,0,0,5,10,0.41836836189145127
80,0,0,0,0,5,0,0,10,5,0.41836836189145127
80,0,0,0,0,5,0,0,15,0,0.41480650888032755
80,0,0,0,0,5,0,5,0,10,0.3572436091170277
80,0,0,0,0,5,0,5,5,5,0.38972162358844537
80,0,0,0,0,5,0,5,10,0,0.3944749630650714
80,0,0,0,0,5,0,10,0,5,0.3493067414508538
80,0,0,0,0,5,0,10,5,0,0.38582671472010693
80,0,0,0,0,5,0,15,0,0,0.3451509559854818
80,0,0,0,0,5,5,0,0,10,0.4360777149124943
80,0,0,0,0,5,5,0,5,5,0.5277727790939895
80,0,0,0,0,5,5,0,10,0,0.5333803990912662
80,0,0,0,0,5,5,5,0,5,0.7269153422900145
80,0,0,0,0,5,5,5,5,0,0.59143111293691
80,0,0,0,0,5,5,10,0,0,0.6986359681008883
80,0,0,0,0,5,10,0,0,5,0.4360777149124943
80,0,0,0,0,5,10,0,5,0,0.5333803990912662
80,0,0,0,0,5,10,5,0,0,0.7086320958424659
80,0,0,0,0,5,15,0,0,0,0.423417058624237
80,0,0,0,0,10,0,0,0,10,0.413508316835488
80,0,0,0,0,10,0,0,5,5,0.41836836189145127
80,0,0,0,0,10,0,0,10,0,0.41480650888032755
80,0,0,0,0,10,0,5,0,5,0.3572436091170277
80,0,0,0,0,10,0,5,5,0,0.3944749630650714
80,0,0,0,0,10,0,10,0,0,0.34262482479930584
80,0,0,0,0,10,5,0,0,5,0.4308524265618559
80,0,0,0,0,10,5,0,5,0,0.5295749426248919
80,0,0,0,0,10,5,5,0,0,0.684878324538226
80,0,0,0,0,10,10,0,0,0,0.4184222175726283
80,0,0,0,0,15,0,0,0,5,0.413508316835488
80,0,0,0,0,15,0,0,5,0,0.41480650888032755
80,0,0,0,0,15,0,5,0,0,0.3551260489358173
80,0,0,0,0,15,5,0,0,0,0.4184222175726283
80,0,0,0,0,20,0,0,0,0,0.39579877314676326
80,0,0,0,5,0,0,0,0,15,0.4250999712464543
80,0,0,0,5,0,0,0,5,10,0.4443739548000214
80,0,0,0,5,0,0,0,10,5,0.4443739548000214
80,0,0,0,5,0,0,0,15,0,0.44445109895432
80,0,0,0,5,0,0,5,0,10,0.4478488634285223
80,0,0,0,5,0,0,5,5,5,0.47567353765986636
80,0,0,0,5,0,0,5,10,0,0.474140210855047
80,0,0,0,5,0,0,10,0,5,0.44497445359000337
80,0,0,0,5,0,0,10,5,0,0.4730687743921397
80,0,0,0,5,0,0,15,0,0,0.42708521638934416
80,0,0,0,5,0,5,0,0,10,0.45633867856332194
80,0,0,0,5,0,5,0,5,5,0.5676073365024764
80,0,0,0,5,0,5,0,10,0,0.5645428434707361
80,0,0,0,5,0,5,5,0,5,0.7461394277838014
80,0,0,0,5,0,5,5,5,0,0.627546011329369
80,0,0,0,5,0,5,10,0,0,0.72523982249995
80,0,0,0,5,0,10,0,0,5,0.45633867856332194
80,0,0,0,5,0,10,0,5,0,0.5645428434707361
80,0,0,0,5,0,10,5,0,0,0.7276591383594706
80,0,0,0,5,0,15,0,0,0,0.4375090308104042
80,0,0,0,5,5,0,0,0,10,0.3958189851178123
80,0,0,0,5,5,0,0,5,5,0.4152927309400959
80,0,0,0,5,5,0,0,10,0,0.4152685376351867
80,0,0,0,5,5,0,5,0,5,0.4171493344294232
80,0,0,0,5,5,0,5,5,0,0.44114633366743966
80,0,0,0,5,5,0,10,0,0,0.4054598500420521
80,0,0,0,5,5,5,0,0,5,0.3942189817713977
80,0,0,0,5,5,5,0,5,0,0.5353258594472855
80,0,0,0,5,5,5,5,0,0,0.7092737742425952
80,0,0,0,5,5,10,0,0,0,0.39036307639266815
80,0,0,0,5,10,0,0,0,5,0.3958189851178123
80,0,0,0,5,10,0,0,5,0,0.4152685376351867
80,0,0,0,5,10,0,5,0,0,0.41038426229650654
80,0,0,0,5,10,5,0,0,0,0.38536823534105946
80,0,0,0,5,15,0,0,0,0,0.38458486420048943
80,0,0,0,10,0,0,0,0,10,0.4210417345098332
80,0,0,0,10,0,0,0,5,5,0.43960304825693725
80,0,0,0,10,0,0,0,10,0,0.4412456286272174
80,0,0,0,10,0,0,5,0,5,0.4437906266919011
80,0,0,0,10,0,0,5,5,0,0.4709347405279445
80,0,0,0,10,0,0,10,0,0,0.4288846652308059
80,0,0,0,10,0,5,0,0,5,0.4583630173582807
80,0,0,0,10,0,5,0,5,0,0.5543428819451475
80,0,0,0,10,0,5,5,0,0,0.7296834771544295
80,0,0,0,10,0,10,0,0,0,0.43953336960536293
80,0,0,0,10,5,0,0,0,5,0.3927563650872966
80,0,0,0,10,5,0,0,5,0,0.4130586840141896
80,0,0,0,10,5,0,5,0,0,0.4073216422659908
80,0,0,0,10,5,5,0,0,0,0.39338303189373236
80,0,0,0,10,10,0,0,0,0,0.38152224416997377
80,0,0,0,15,0,0,0,0,5,0.4210417345098332
80,0,0,0,15,0,0,0,5,0,0.4412456286272174
80,0,0,0,15,0,0,5,0,0,0.43175907506932487
80,0,0,0,15,0,5,0,0,0,0.43953336960536293
80,0,0,0,15,5,0,0,0,0,0.38152224416997377
80,0,0,0,20,0,0,0,0,0,0.408187920091925
80,0,0,5,0,0,0,0,0,15,0.549527141548195
80,0,0,5,0,0,0,0,5,10,0.5097157154570737
80,0,0,5,0,0,0,0,10,5,0.5097157154570737
80,0,0,5,0,0,0,0,15,0,0.5055073023235132
80,0,0,5,0,0,0,5,0,10,0.478130533592917
80,0,0,5,0,0,0,5,5,5,0.4389006458158722
80,0,0,5,0,0,0,5,10,0,0.4338071336353247
80,0,0,5,0,0,0,10,0,5,0.4771680805971329
80,0,0,5,0,0,0,10,5,0,0.4277825158161503
80,0,0,5,0,0,0,15,0,0,0.46787600979411964
80,0,0,5,0,0,5,0,0,10,0.53606215166115
80,0,0,5,0,0,5,0,5,5,0.5490121020507301
80,0,0,5,0,0,5,0,10,0,0.5460160818665291
80,0,0,5,0,0,5,5,0,5,0.7166484450786251
80,0,0,5,0,0,5,5,5,0,0.5506391393364857
80,0,0,5,0,0,5,10,0,0,0.6939625989427117
80,0,0,5,0,0,10,0,0,5,0.53606215166115
80,0,0,5,0,0,10,0,5,0,0.5460160818665291
80,0,0,5,0,0,10,5,0,0,0.7015394108247688
80,0,0,5,0,0,15,0,0,0,0.5162839266724201
80,0,0,5,0,5,0,0,0,10,0.5485648645599287
80,0,0,5,0,5,0,0,5,5,0.5009849680650504
80,0,0,5,0,5,0,0,10,0,0.5060496886579473
80,0,0,5,0,5,0,5,0,5,0.47618230767289194
80,0,0,5,0,5,0,5,5,0,0.4408493875463798
80,0,0,5,0,5,0,10,0,0,0.47172043104534056
80,0,0,5,0,5,5,0,0,5,0.5188720257102395
80,0,0,5,0,5,5,0,5,0,0.542669645089745
80,0,0,5,0,5,5,5,0,0,0.6960349783530958
80,0,0,5,0,5,10,0,0,0,0.5164746715946992
80,0,0,5,0,10,0,0,0,5,0.5485648645599287
80,0,0,5,0,10,0,0,5,0,0.5060496886579473
80,0,0,5,0,10,0,5,0,0,0.47810785834216324
80,0,0,5,0,10,5,0,0,0,0.5152852870094649
80,0,0,5,0,15,0,0,0,0,0.5509720409988735
80,0,0,5,5,0,0,0,0,10,0.573745285907095
80,0,0,5,5,0,0,0,5,5,0.5349819174535188
80,0,0,5,5,0,0,0,10,0,0.5291387407842365
80,0,0,5,5,0,0,5,0,5,0.562462329827896
80,0,0,5,5,0,0,5,5,0,0.5083015196324563
80,0,0,5,5,0,0,10,0,0,0.5510373941318434
80,0,0,5,5,0,5,0,0,5,0.541785324040632
80,0,0,5,5,0,5,0,5,0,0.555582843283136
80,0,0,5,5,0,5,5,0,0,0.7101615670568061
80,0,0,5,5,0,10,0,0,0,0.5195442485885713
80,0,0,5,5,5,0,0,0,5,0.5350154413975217
80,0,0,5,5,5,0,0,5,0,0.4969229234833661
80,0,0,5,5,5,0,5,0,0,0.5298878634366605
80,0,0,5,5,5,5,0,0,0,0.5017919788830483
80,0,0,5,5,10,0,0,0,0,0.5330160916384206
80,0,0,5,10,0,0,0,0,5,0.5638727810855887
80,0,0,5,10,0,0,0,5,0,0.5294589440600074
80,0,0,5,10,0,0,5,0,0,0.5446983560068194
80,0,0,5,10,0,5,0,0,0,0.5266259474835336
80,0,0,5,10,5,0,0,0,0,0.5229703265035377
80,0,0,5,15,0,0,0,0,0,0.5506769704301677
80,0,0,10,0,0,0,0,0,10,0.6370558253074732
80,0,0,10,0,0,0,0,5,5,0.5975378929031352
80,0,0,10,0,0,0,0,10,0,0.5932909360565688
80,0,0,10,0,0,0,5,0,5,0.5702598829636412
80,0,0,10,0,0,0,5,5,0,0.5262299766928322
80,0,0,10,0,0,0,10,0,0,0.553802324977068
80,0,0,10,0,0,5,0,0,5,0.6312502052464494
80,0,0,10,0,0,5,0,5,0,0.6323825204121057
80,0,0,10,0,0,5,5,0,0,0.8013634617584359
80,0,0,10,0,0,10,0,0,0,0.6107924848908086
80,0,0,10,0,5,0,0,0,5,0.6238909155971304
80,0,0,10,0,5,0,0,5,0,0.581337195982143
80,0,0,10,0,5,0,5,0,0,0.5585830079221403
80,0,0,10,0,5,5,0,0,0,0.601997367169
80,0,0,10,0,10,0,0,0,0,0.6262595483230693
80,0,0,10,5,0,0,0,0,5,0.6560975546027515
80,0,0,10,5,0,0,0,5,0,0.6144501556766094
80,0,0,10,5,0,0,5,0,0,0.6384878790575569
80,0,0,10,5,0,5,0,0,0,0.6120931618213272
80,0,0,10,5,5,0,0,0,0,0.6081896417266498
80,0,0,10,10,0,0,0,0,0,0.6362074654908073
80,0,0,15,0,0,0,0,0,5,0.6370558253074732
80,0,0,15,0,0,0,0,5,0,0.5932909360565688
80,0,0,15,0,0,0,5,0,0,0.5593291344431897
80,0,0,15,0,0,5,0,0,0,0.6107924848908086
80,0,0,15,0,5,0,0,0,0,0.6262595483230693
80,0,0,15,5,0,0,0,0,0,0.6447679499919797
80,0,0,20,0,0,0,0,0,0,0.6246567880094843
80,0,5,0,0,0,0,0,0,15,1.0016111468765505
80,0,5,0,0,0,0,0,5,10,0.9917617953698838
80,0,5,0,0,0,0,0,10,5,0.9917617953698838
80,0,5,0,0,0,0,0,15,0,1.0005448666966006
80,0,5,0,0,0,0,5,0,10,0.9679124039356336
80,0,5,0,0,0,0,5,5,5,0.9586138877219894
80,0,5,0,0,0,0,5,10,0,0.9684456026947811
80,0,5,0,0,0,0,10,0,5,0.9679124039356336
80,0,5,0,0,0,0,10,5,0,0.9684456026947811
80,0,5,0,0,0,0,15,0,0,0.9823949590333183
80,0,5,0,0,0,5,0,0,10,1.0333726790131714
80,0,5,0,0,0,5,0,5,5,1.0238779925587054
80,0,5,0,0,0,5,0,10,0,1.032661063885422
80,0,5,0,0,0,5,5,0,5,1.0684335391717434
80,0,5,0,0,0,5,5,5,0,1.0595798043711826
80,0,5,0,0,0,5,10,0,0,1.0772166104984602
80,0,5,0,0,0,10,0,0,5,1.0333726790131714
80,0,5,0,0,0,10,0,5,0,1.032661063885422
80,0,5,0,0,0,10,5,0,0,1.0772166104984602
80,0,5,0,0,0,15,0,0,0,1.042155750339888
80,0,5,0,0,5,0,0,0,10,1.0311323070893403
80,0,5,0,0,5,0,0,5,5,1.0306344987362877
80,0,5,0,0,5,0,0,10,0,1.0306344987362877
80,0,5,0,0,5,0,5,0,5,0.9963849205023486
80,0,5,0,0,5,0,5,5,0,0.9974865910883932
80,0,5,0,0,5,0,10,0,0,0.9974335641484235
80,0,5,0,0,5,5,0,0,5,1.0656987338667465
80,0,5,0,0,5,5,0,5,0,1.0605075885709505
80,0,5,0,0,5,5,5,0,0,1.1007595940253188
80,0,5,0,0,5,10,0,0,0,1.0656987338667465
80,0,5,0,0,10,0,0,0,5,1.0311323070893403
80,0,5,0,0,10,0,0,5,0,1.0306344987362877
80,0,5,0,0,10,0,5,0,0,0.9974335641484235
80,0,5,0,0,10,5,0,0,0,1.0656987338667465
80,0,5,0,0,15,0,0,0,0,1.0311323070893403
80,0,5,0,5,0,0,0,0,10,1.0003398780180424
80,0,5,0,5,0,0,0,5,5,0.9909883348644286
80,0,5,0,5,0,0,0,10,0,0.9997192582639701
80,0,5,0,5,0,0,5,0,5,0.9989666863322908
80,0,5,0,5,0,0,5,5,0,0.9986917081921771
80,0,5,0,5,0,0,10,0,0,1.0080432513457909
80,0,5,0,5,0,5,0,0,5,1.0157693589350654
80,0,5,0,5,0,5,0,5,0,1.0234951735200744
80,0,5,0,5,0,5,5,0,0,1.0578944571206443
80,0,5,0,5,0,10,0,0,0,1.0242067886478237
80,0,5,0,5,5,0,0,0,5,1.022250945413975
80,0,5,0,5,5,0,0,5,0,1.0189820274088108
80,0,5,0,5,5,0,5,0,0,1.017954477337018
80,0,5,0,5,5,5,0,0,0,1.055302560781407
80,0,5,0,5,10,0,0,0,0,1.0189820274088108
80,0,5,0,10,0,0,0,0,5,1.0063444862762352
80,0,5,0,10,0,0,0,5,0,1.0046869416802875
80,0,5,0,10,0,0,5,0,0,1.014110956442264
80,0,5,0,10,0,5,0,0,0,1.0309178559785397
80,0,5,0,10,5,0,0,0,0,1.0248696836680835
80,0,5,0,15,0,0,0,0,0,1.0140384848339012
80,0,5,5,0,0,0,0,0,10,0.7372759050152294
80,0,5,5,0,0,0,0,5,5,0.680955183011371
80,0,5,5,0,0,0,0,10,0,0.7085756005609477
80,0,5,5,0,0,0,5,0,5,0.6385628007046992
80,0,5,5,0,0,0,5,5,0,0.6100860068678209
80,0,5,5,0,0,0,10,0,0,0.6660077673134869
80,0,5,5,0,0,5,0,0,5,0.6559741918565442
80,0,5,5,0,0,5,0,5,0,0.6289703967830563
80,0,5,5,0,0,5,5,0,0,0.6785395890031797
80,0,5,5,0,0,10,0,0,0,0.6837111514040284
80,0,5,5,0,5,0,0,0,5,0.7541192330851562
80,0,5,5,0,5,0,0,5,0,0.7261192118976839
80,0,5,5,0,5,0,5,0,0,0.6736956638014489
80,0,5,5,0,5,5,0,0,0,0.7071754360374282
80,0,5,5,0,10,0,0,0,0,0.7734445791490279
80,0,5,5,5,0,0,0,0,5,0.7312745236855399
80,0,5,5,5,0,0,0,5,0,0.7040329219613735
80,0,5,5,5,0,0,5,0,0,0.6954447393950915
80,0,5,5,5,0,5,0,0,0,0.6654126449876727
80,0,5,5,5,5,0,0,0,0,0.7571154558045667
80,0,5,5,10,0,0,0,0,0,0.7600123215117217
80,0,5,10,0,0,0,0,0,5,0.8248555632003071
80,0,5,10,0,0,0,0,5,0,0.7961167150330191
80,0,5,10,0,0,0,5,0,0,0.7567033964848298
80,0,5,10,0,0,5,0,0,0,0.7793943855489117
80,0,5,10,0,5,0,0,0,0,0.8609856936210994
80,0,5,10,5,0,0,0,0,0,0.8465911236118382
80,0,5,15,0,0,0,0,0,0,0.8525893107717074
80,0,10,0,0,0,0,0,0,10,1.0016111468765505
80,0,10,0,0,0,0,0,5,5,0.9917617953698838
80,0,10,0,0,0,0,0,10,0,1.0005448666966006
80,0,10,0,0,0,0,5,0,5,0.9679124039356336
80,0,10,0,0,0,0,5,5,0,0.9684456026947811
80,0,10,0,0,0,0,10,0,0,0.9777441189084253
80,0,10,0,0,0,5,0,0,5,1.0333726790131714
80,0,10,0,0,0,5,0,5,0,1.032661063885422
80,0,10,0,0,0,5,5,0,0,1.0772166104984602
80,0,10,0,0,0,10,0,0,0,1.042155750339888
80,0,10,0,0,5,0,0,0,5,1.0311323070893403
80,0,10,0,0,5,0,0,5,0,1.0306344987362877
80,0,10,0,0,5,0,5,0,0,0.9974335641484235
80,0,10,0,0,5,5,0,0,0,1.0656987338667465
80,0,10,0,0,10,0,0,0,0,1.0311323070893403
80,0,10,0,5,0,0,0,0,5,1.0003398780180424
80,0,10,0,5,0,0,0,5,0,0.9997192582639701
80,0,10,0,5,0,0,5,0,0,1.0080432513457909
80,0,10,0,5,0,5,0,0,0,1.0242067886478237
80,0,10,0,5,5,0,0,0,0,1.0189820274088108
80,0,10,0,10,0,0,0,0,0,1.0140384848339012
80,0,10,5,0,0,0,0,0,5,0.7372759050152294
80,0,10,5,0,0,0,0,5,0,0.7085756005609477
80,0,10,5,0,0,0,5,0,0,0.6660077673134869
80,0,10,5,0,0,5,0,0,0,0.6837111514040284
80,0,10,5,0,5,0,0,0,0,0.7734445791490279
80,0,10,5,5,0,0,0,0,0,0.759163966375733
80,0,10,10,0,0,0,0,0,0,0.8525893107717074
80,0,15,0,0,0,0,0,0,5,1.0016111468765505
80,0,15,0,0,0,0,0,5,0,1.0005448666966006
80,0,15,0,0,0,0,5,0,0,0.9777441189084253
80,0,15,0,0,0,5,0,0,0,1.042155750339888
80,0,15,0,0,5,0,0,0,0,1.0311323070893403
80,0,15,0,5,0,0,0,0,0,1.0090708014175838
80,0,15,5,0,0,0,0,0,0,0.7650481962996359
80,0,20,0,0,0,0,0,0,0,1.010394218203267
80,5,0,0,0,0,0,0,0,15,6.1047589476497865
80,5,0,0,0,0,0,0,5,10,6.107359785358744
80,5,0,0,0,0,0,0,10,5,6.107359785358744
80,5,0,0,0,0,0,0,15,0,6.107359785358744
80,5,0,0,0,0,0,5,0,10,6.1047589476497865
80,5,0,0,0,0,0,5,5,5,6.107359785358744
80,5,0,0,0,0,0,5,10,0,6.107359785358744
80,5,0,0,0,0,0,10,0,5,6.1047589476497865
80,5,0,0,0,0,0,10,5,0,6.107359785358744
80,5,0,0,0,0,0,15,0,0,6.1047589476497865
80,5,0,0,0,0,5,0,0,10,6.107292285921043
80,5,0,0,0,0,5,0,5,5,6.115088763979896
80,5,0,0,0,0,5,0,10,0,6.115088763979896
80,5,0,0,0,0,5,5,0,5,6.1119247278376125
80,5,0,0,0,0,5,5,5,0,6.115088763979896
80,5,0,0,0,0,5,10,0,0,6.1119247278376125
80,5,0,0,0,0,10,0,0,5,6.107292285921043
80,5,0,0,0,0,10,0,5,0,6.115088763979896
80,5,0,0,0,0,10,5,0,0,6.1119247278376125
80,5,0,0,0,0,15,0,0,0,6.107292285921043
80,5,0,0,0,5,0,0,0,10,6.1047589476497865
80,5,0,0,0,5,0,0,5,5,6.107359785358744
80,5,0,0,0,5,0,0,10,0,6.107359785358744
80,5,0,0,0,5,0,5,0,5,6.1047589476497865
80,5,0,0,0,5,0,5,5,0,6.107359785358744
80,5,0,0,0,5,0,10,0,0,6.1047589476497865
80,5,0,0,0,5,5,0,0,5,6.106461492098601
80,5,0,0,0,5,5,0,5,0,6.115088763979896
80,5,0,0,0,5,5,5,0,0,6.114006927288913
80,5,0,0,0,5,10,0,0,0,6.106461492098601
80,5,0,0,0,10,0,0,0,5,6.1047589476497865
80,5,0,0,0,10,0,0,5,0,6.107359785358744
80,5,0,0,0,10,0,5,0,0,6.1047589476497865
80,5,0,0,0,10,5,0,0,0,6.106461492098601
80,5,0,0,0,15,0,0,0,0,6.1047589476497865
80,5,0,0,5,0,0,0,0,10,6.107653279045528
80,5,0,0,5,0,0,0,5,5,6.107653279045528
80,5,0,0,5,0,0,0,10,0,6.107653279045528
80,5,0,0,5,0,0,5,0,5,6.110395443702174
80,5,0,0,5,0,0,5,5,0,6.110395443702174
80,5,0,0,5,0,0,10,0,0,6.110395443702174
80,5,0,0,5,0,5,0,0,5,6.107292285921043
80,5,0,0,5,0,5,0,5,0,6.115088763979896
80,5,0,0,5,0,5,5,0,0,6.1119247278376125
80,5,0,0,5,0,10,0,0,0,6.107292285921043
80,5,0,0,5,5,0,0,0,5,6.107653279045528
80,5,0,0,5,5,0,0,5,0,6.107653279045528
80,5,0,0,5,5,0,5,0,0,6.110395443702174
80,5,0,0,5,5,5,0,0,0,6.106461492098601
80,5,0,0,5,10,0,0,0,0,6.107653279045528
80,5,0,0,10,0,0,0,0,5,6.107653279045528
80,5,0,0,10,0,0,0,5,0,6.107653279045528
80,5,0,0,10,0,0,5,0,0,6.110395443702174
80,5,0,0,10,0,5,0,0,0,6.107292285921043
80,5,0,0,10,5,0,0,0,0,6.107653279045528
80,5,0,0,15,0,0,0,0,0,6.107653279045528
80,5,0,5,0,0,0,0,0,10,6.1058075912958625
80,5,0,5,0,0,0,0,5,5,6.107359785358744
80,5,0,5,0,0,0,0,10,0,6.107359785358744
80,5,0,5,0,0,0,5,0,5,6.1058075912958625
80,5,0,5,0,0,0,5,5,0,6.107359785358744
80,5,0,5,0,0,0,10,0,0,6.1058075912958625
80,5,0,5,0,0,5,0,0,5,6.107292285921043
80,5,0,5,0,0,5,0,5,0,6.115088763979896
80,5,0,5,0,0,5,5,0,0,6.1119247278376125
80,5,0,5,0,0,10,0,0,0,6.107292285921043
80,5,0,5,0,5,0,0,0,5,6.1058075912958625
80,5,0,5,0,5,0,0,5,0,6.107359785358744
80,5,0,5,0,5,0,5,0,0,6.1058075912958625
80,5,0,5,0,5,5,0,0,0,6.106461492098601
80,5,0,5,0,10,0,0,0,0,6.1058075912958625
80,5,0,5,5,0,0,0,0,5,6.107653279045528
80,5,0,5,5,0,0,0,5,0,6.107653279045528
80,5,0,5,5,0,0,5,0,0,6.110395443702174
80,5,0,5,5,0,5,0,0,0,6.107292285921043
80,5,0,5,5,5,0,0,0,0,6.107653279045528
80,5,0,5,10,0,0,0,0,0,6.107653279045528
80,5,0,10,0,0,0,0,0,5,6.1058075912958625
80,5,0,10,0,0,0,0,5,0,6.107359785358744
80,5,0,10,0,0,0,5,0,0,6.1058075912958625
80,5,0,10,0,0,5,0,0,0,6.107292285921043
80,5,0,10,0,5,0,0,0,0,6.1058075912958625
80,5,0,10,5,0,0,0,0,0,6.107653279045528
80,5,0,15,0,0,0,0,0,0,6.1058075912958625
80,5,5,0,0,0,0,0,0,10,6.115434405593854
80,5,5,0,0,0,0,0,5,5,6.115434405593854
80,5,5,0,0,0,0,0,10,0,6.115434405593854
80,5,5,0,0,0,0,5,0,5,6.115434405593854
80,5,5,0,0,0,0,5,5,0,6.115434405593854
80,5,5,0,0,0,0,10,0,0,6.115434405593854
80,5,5,0,0,0,5,0,0,5,6.115434405593854
80,5,5,0,0,0,5,0,5,0,6.115434405593854
80,5,5,0,0,0,5,5,0,0,6.115434405593854
80,5,5,0,0,0,10,0,0,0,6.115434405593854
80,5,5,0,0,5,0,0,0,5,6.115434405593854
80,5,5,0,0,5,0,0,5,0,6.115434405593854
80,5,5,0,0,5,0,5,0,0,6.115434405593854
80,5,5,0,0,5,5,0,0,0,6.115434405593854
80,5,5,0,0,10,0,0,0,0,6.115434405593854
80,5,5,0,5,0,0,0,0,5,6.115434405593854
80,5,5,0,5,0,0,0,5,0,6.115434405593854
80,5,5,0,5,0,0,5,0,0,6.115434405593854
80,5,5,0,5,0,5,0,0,0,6.115434405593854
80,5,5,0,5,5,0,0,0,0,6.115434405593854
80,5,5,0,10,0,0,0,0,0,6.115434405593854
80,5,5,5,0,0,0,0,0,5,6.106557116302011
80,5,5,5,0,0,0,0,5,0,6.106557116302011
80,5,5,5,0,0,0,5,0,0,6.106557116302011
80,5,5,5,0,0,5,0,0,0,6.106557116302011
80,5,5,5,0,5,0,0,0,0,6.106557116302011
80,5,5,5,5,0,0,0,0,0,6.106557116302011
80,5,5,10,0,0,0,0,0,0,6.106557116302011
80,5,10,0,0,0,0,0,0,5,6.115434405593854
80,5,10,0,0,0,0,0,5,0,6.115434405593854
80,5,10,0,0,0,0,5,0,0,6.115434405593854
80,5,10,0,0,0,5,0,0,0,6.115434405593854
80,5,10,0,0,5,0,0,0,0,6.115434405593854
80,5,10,0,5,0,0,0,0,0,6.115434405593854
80,5,10,5,0,0,0,0,0,0,6.106557116302011
80,5,15,0,0,0,0,0,0,0,6.115434405593854
80,10,0,0,0,0,0,0,0,10,6.1047589476497865
80,10,0,0,0,0,0,0,5,5,6.107359785358744
80,10,0,0,0,0,0,0,10,0,6.107359785358744
80,10,0,0,0,0,0,5,0,5,6.1047589476497865
80,10,0,0,0,0,0,5,5,0,6.107359785358744
80,10,0,0,0,0,0,10,0,0,6.1047589476497865
80,10,0,0,0,0,5,0,0,5,6.107292285921043
80,10,0,0,0,0,5,0,5,0,6.115088763979896
80,10,0,0,0,0,5,5,0,0,6.1119247278376125
80,10,0,0,0,0,10,0,0,0,6.107292285921043
80,10,0,0,0,5,0,0,0,5,6.1047589476497865
80,10,0,0,0,5,0,0,5,0,6.107359785358744
80,10,0,0,0,5,0,5,0,0,6.1047589476497865
80,10,0,0,0,5,5,0,0,0,6.106461492098601
80,10,0,0,0,10,0,0,0,0,6.1047589476497865
80,10,0,0,5,0,0,0,0,5,6.107653279045528
80,10,0,0,5,0,0,0,5,0,6.107653279045528
80,10,0,0,5,0,0,5,0,0,6.110395443702174
80,10,0,0,5,0,5,0,0,0,6.107292285921043
80,10,0,0,5,5,0,0,0,0,6.107653279045528
80,10,0,0,10,0,0,0,0,0,6.107653279045528
80,10,0,5,0,0,0,0,0,5,6.1058075912958625
80,10,0,5,0,0,0,0,5,0,6.107359785358744
80,10,0,5,0,0,0,5,0,0,6.1058075912958625
80,10,0,5,0,0,5,0,0,0,6.107292285921043
80,10,0,5,0,5,0,0,0,0,6.1058075912958625
80,10,0,5,5,0,0,0,0,0,6.107653279045528
80,10,0,10,0,0,0,0,0,0,6.1058075912958625
80,10,5,0,0,0,0,0,0,5,6.115434405593854
80,10,5,0,0,0,0,0,5,0,6.115434405593854
80,10,5,0,0,0,0,5,0,0,6.115434405593854
80,10,5,0,0,0,5,0,0,0,6.115434405593854
80,10,5,0,0,5,0,0,0,0,6.115434405593854
80,10,5,0,5,0,0,0,0,0,6.115434405593854
80,10,5,5,0,0,0,0,0,0,6.106557116302011
80,10,10,0,0,0,0,0,0,0,6.115434405593854
80,15,0,0,0,0,0,0,0,5,6.1047589476497865
80,15,0,0,0,0,0,0,5,0,6.107359785358744
80,15,0,0,0,0,0,5,0,0,6.1047589476497865
80,15,0,0,0,0,5,0,0,0,6.107292285921043
80,15,0,0,0,5,0,0,0,0,6.1047589476497865
80,15,0,0,5,0,0,0,0,0,6.107653279045528
80,15,0,5,0,0,0,0,0,0,6.1058075912958625
80,15,5,0,0,0,0,0,0,0,6.115434405593854
80,20,0,0,0,0,0,0,0,0,6.1047589476497865
85,0,0,0,0,0,0,0,0,15,0.40959012662958705
85,0,0,0,0,0,0,0,5,10,0.42673059830663684
85,0,0,0,0,0,0,0,10,5,0.42673059830663684
85,0,0,0,0,0,0,0,15,0,0.4291235496179471
85,0,0,0,0,0,0,5,0,10,0.36733588828750724
85,0,0,0,0,0,0,5,5,5,0.3972918783578682
85,0,0,0,0,0,0,5,10,0,0.39893526954502645
85,0,0,0,0,0,0,10,0,5,0.3614490230372687
85,0,0,0,0,0,0,10,5,0,0.39028702120006203
85,0,0,0,0,0,0,15,0,0,0.3440283677188074
85,0,0,0,0,0,5,0,0,10,0.48465410667080844
85,0,0,0,0,0,5,0,5,5,0.5642487098316661
85,0,0,0,0,0,5,0,10,0,0.5704655793261287
85,0,0,0,0,0,5,5,0,5,0.7433072050938486
85,0,0,0,0,0,5,5,5,0,0.6156193653383418
85,0,0,0,0,0,5,10,0,0,0.7191016507114943
85,0,0,0,0,0,10,0,0,5,0.48465410667080844
85,0,0,0,0,0,10,0,5,0,0.5704655793261287
85,0,0,0,0,0,10,5,0,0,0.729097778453072
85,0,0,0,0,0,15,0,0,0,0.46728173189650485
85,0,0,0,0,5,0,0,0,10,0.41135794427579436
85,0,0,0,0,5,0,0,5,5,0.41972526472630667
85,0,0,0,0,5,0,0,10,0,0.41639755038971216
85,0,0,0,0,5,0,5,0,5,0.35404816729001204
85,0,0,0,0,5,0,5,5,0,0.3865699704370118
85,0,0,0,0,5,0,10,0,0,0.33942938297229036
85,0,0,0,0,5,5,0,0,5,0.438225919787186
85,0,0,0,0,5,5,0,5,0,0.5359670573067563
85,0,0,0,0,5,5,5,0,0,0.707164862085241
85,0,0,0,0,5,10,0,0,0,0.4257994021734578
85,0,0,0,0,10,0,0,0,5,0.41135794427579436
85,0,0,0,0,10,0,0,5,0,0.41639755038971216
85,0,0,0,0,10,0,5,0,0,0.3519306071088017
85,0,0,0,0,10,5,0,0,0,0.4208045611218491
85,0,0,0,0,15,0,0,0,0,0.39388253926159883
85,0,0,0,5,0,0,0,0,10,0.4248709302995767
85,0,0,0,5,0,0,0,5,5,0.44765218924769307
85,0,0,0,5,0,0,0,10,0,0.44772933340199167
85,0,0,0,5,0,0,5,0,5,0.4558366486772378
85,0,0,0,5,0,0,5,5,0,0.4774184453027187
85,0,0,0,5,0,0,10,0,0,0.4409306872161424
85,0,0,0,5,0,5,0,0,5,0.45991040669777705
85,0,0,0,5,0,5,0,5,0,0.5683188862714605
85,0,0,0,5,0,5,5,0,0,0.7312308664939259
85,0,0,0,5,0,10,0,0,0,0.4410807589448592
85,0,0,0,5,5,0,0,0,5,0.3941664209111715
85,0,0,0,5,5,0,0,5,0,0.41735738749762413
85,0,0,0,5,5,0,5,0,0,0.413333085653542
85,0,0,0,5,5,5,0,0,0,0.39274541994188894
85,0,0,0,5,10,0,0,0,0,0.3831664386683778
85,0,0,0,10,0,0,0,0,5,0.42131050191600833
85,0,0,0,10,0,0,0,5,0,0.44502167142794186
85,0,0,0,10,0,0,5,0,0,0.440244668671093
85,0,0,0,10,0,5,0,0,0,0.4436029060928707
85,0,0,0,10,5,0,0,0,0,0.3806016269909149
85,0,0,0,15,0,0,0,0,0,0.4084566874981004
85,0,0,5,0,0,0,0,0,10,0.5472640940320127
85,0,0,5,0,0,0,0,5,5,0.5076569826071607
85,0,0,5,0,0,0,0,10,0,0.5034485694736003
85,0,0,5,0,0,0,5,0,5,0.4702210292457362
85,0,0,5,0,0,0,5,5,0,0.42610194395441325
85,0,0,5,0,0,0,10,0,0,0.4537634712591631
85,0,0,5,0,0,5,0,0,5,0.5349990355173425
85,0,0,5,0,0,5,0,5,0,0.5449529657227216
85,0,0,5,0,0,5,5,0,0,0.7004762946809613
85,0,0,5,0,0,10,0,0,0,0.5152208105286127
85,0,0,5,0,5,0,0,0,5,0.5468671248345011
85,0,0,5,0,5,0,0,5,0,0.504556263598789
85,0,0,5,0,5,0,5,0,0,0.47195304637097146
85,0,0,5,0,5,5,0,0,0,0.5159768632416464
85,0,0,5,0,10,0,0,0,0,0.5492743012734459
85,0,0,5,5,0,0,0,0,5,0.57254535453472
85,0,0,5,5,0,0,0,5,0,0.528143124078131
85,0,0,5,5,0,0,5,0,0,0.5477874603435331
85,0,0,5,5,0,5,0,0,0,0.5190464402355185
85,0,0,5,5,5,0,0,0,0,0.5318161602660456
85,0,0,5,10,0,0,0,0,0,0.5499748474108456
85,0,0,10,0,0,0,0,0,5,0.6347927777912908
85,0,0,10,0,0,0,0,5,0,0.5912322032066558
85,0,0,10,0,0,0,5,0,0,0.5514196300960088
85,0,0,10,0,0,5,0,0,0,0.6097293687470011
85,0,0,10,0,5,0,0,0,0,0.6245618085976415
85,0,0,10,5,0,0,0,0,0,0.6435680186196048
85,0,0,15,0,0,0,0,0,0,0.622393740493302
85,0,5,0,0,0,0,0,0,10,1.0016111468765505
85,0,5,0,0,0,0,0,5,5,0.9917617953698838
85,0,5,0,0,0,0,0,10,0,1.0005448666966006
85,0,5,0,0,0,0,5,0,5,0.9643159495205704
85,0,5,0,0,0,0,5,5,0,0.9648491482797179
85,0,5,0,0,0,0,10,0,0,0.974147664493362
85,0,5,0,0,0,5,0,0,5,1.0333726790131714
85,0,5,0,0,0,5,0,5,0,1.032661063885422
85,0,5,0,0,0,5,5,0,0,1.0772166104984602
85,0,5,0,0,0,10,0,0,0,1.042155750339888
85,0,5,0,0,5,0,0,0,5,1.0311323070893403
85,0,5,0,0,5,0,0,5,0,1.0306344987362877
85,0,5,0,0,5,0,5,0,0,0.9938371097333604
85,0,5,0,0,5,5,0,0,0,1.0656987338667465
85,0,5,0,0,10,0,0,0,0,1.0311323070893403
85,0,5,0,5,0,0,0,0,5,1.0003398780180424
85,0,5,0,5,0,0,0,5,0,0.9997192582639701
85,0,5,0,5,0,0,5,0,0,1.0080432513457909
85,0,5,0,5,0,5,0,0,0,1.0242067886478237
85,0,5,0,5,5,0,0,0,0,1.0189820274088108
85,0,5,0,10,0,0,0,0,0,1.0140384848339012
85,0,5,5,0,0,0,0,0,5,0.7372759050152294
85,0,5,5,0,0,0,0,5,0,0.7085756005609477
85,0,5,5,0,0,0,5,0,0,0.6624113128984237
85,0,5,5,0,0,5,0,0,0,0.6837111514040284
85,0,5,5,0,5,0,0,0,0,0.7734445791490279
85,0,5,5,5,0,0,0,0,0,0.759163966375733
85,0,5,10,0,0,0,0,0,0,0.8525893107717074
85,0,10,0,0,0,0,0,0,5,1.0016111468765505
85,0,10,0,0,0,0,0,5,0,1.0005448666966006
85,0,10,0,0,0,0,5,0,0,0.974147664493362
85,0,10,0,0,0,5,0,0,0,1.042155750339888
85,0,10,0,0,5,0,0,0,0,1.0311323070893403
85,0,10,0,5,0,0,0,0,0,1.0090708014175838
85,0,10,5,0,0,0,0,0,0,0.7650481962996359
85,0,15,0,0,0,0,0,0,0,1.010394218203267
85,5,0,0,0,0,0,0,0,10,6.1047589476497865
85,5,0,0,0,0,0,0,5,5,6.107359785358744
85,5,0,0,0,0,0,0,10,0,6.107359785358744
85,5,0,0,0,0,0,5,0,5,6.1047589476497865
85,5,0,0,0,0,0,5,5,0,6.107359785358744
85,5,0,0,0,0,0,10,0,0,6.1047589476497865
85,5,0,0,0,0,5,0,0,5,6.107292285921043
85,5,0,0,0,0,5,0,5,0,6.115088763979896
85,5,0,0,0,0,5,5,0,0,6.1119247278376125
85,5,0,0,0,0,10,0,0,0,6.107292285921043
85,5,0,0,0,5,0,0,0,5,6.1047589476497865
85,5,0,0,0,5,0,0,5,0,6.107359785358744
85,5,0,0,0,5,0,5,0,0,6.1047589476497865
85,5,0,0,0,5,5,0,0,0,6.106461492098601
85,5,0,0,0,10,0,0,0,0,6.1047589476497865
85,5,0,0,5,0,0,0,0,5,6.107653279045528
85,5,0,0,5,0,0,0,5,0,6.107653279045528
85,5,0,0,5,0,0,5,0,0,6.110395443702174
85,5,0,0,5,0,5,0,0,0,6.107292285921043
85,5,0,0,5,5,0,0,0,0,6.107653279045528
85,5,0,0,10,0,0,0,0,0,6.107653279045528
85,5,0,5,0,0,0,0,0,5,6.1058075912958625
85,5,0,5,0,0,0,0,5,0,6.107359785358744
85,5,0,5,0,0,0,5,0,0,6.1058075912958625
85,5,0,5,0,0,5,0,0,0,6.107292285921043
85,5,0,5,0,5,0,0,0,0,6.1058075912958625
85,5,0,5,5,0,0,0,0,0,6.107653279045528
85,5,0,10,0,0,0,0,0,0,6.1058075912958625
85,5,5,0,0,0,0,0,0,5,6.115434405593854
85,5,5,0,0,0,0,0,5,0,6.115434405593854
85,5,5,0,0,0,0,5,0,0,6.115434405593854
85,5,5,0,0,0,5,0,0,0,6.115434405593854
85,5,5,0,0,5,0,0,0,0,6.115434405593854
85,5,5,0,5,0,0,0,0,0,6.115434405593854
85,5,5,5,0,0,0,0,0,0,6.106557116302011
85,5,10,0,0,0,0,0,0,0,6.115434405593854
85,10,0,0,0,0,0,0,0,5,6.1047589476497865
85,10,0,0,0,0,0,0,5,0,6.107359785358744
85,10,0,0,0,0,0,5,0,0,6.1047589476497865
85,10,0,0,0,0,5,0,0,0,6.107292285921043
85,10,0,0,0,5,0,0,0,0,6.1047589476497865
85,10,0,0,5,0,0,0,0,0,6.107653279045528
85,10,0,5,0,0,0,0,0,0,6.1058075912958625
85,10,5,0,0,0,0,0,0,0,6.115434405593854
85,15,0,0,0,0,0,0,0,0,6.1047589476497865
90,0,0,0,0,0,0,0,0,10,0.586234374923484
90,0,0,0,0,0,0,0,5,5,0.7490879250098618
90,0,0,0,0,0,0,0,10,0,0.7493823670168982
90,0,0,0,0,0,0,5,0,5,0.576564083893791
90,0,0,0,0,0,0,5,5,0,0.7300968868201049
90,0,0,0,0,0,0,10,0,0,0.5646609801542494
90,0,0,0,0,0,5,0,0,5,0.6532439135657957
90,0,0,0,0,0,5,0,5,0,0.8502777086087658
90,0,0,0,0,0,5,5,0,0,0.9766859503932089
90,0,0,0,0,0,10,0,0,0,0.6387396788852994
90,0,0,0,0,5,0,0,0,5,0.6106383514676974
90,0,0,0,0,5,0,0,5,0,0.7344402885553043
90,0,0,0,0,5,0,5,0,0,0.5825107144988944
90,0,0,0,0,5,5,0,0,0,0.5965446206866167
90,0,0,0,0,10,0,0,0,0,0.5975184765384478
90,0,0,0,5,0,0,0,0,5,0.6031431105723679
90,0,0,0,5,0,0,0,5,0,0.8021015429617134
90,0,0,0,5,0,0,5,0,0,0.6786548837962385
90,0,0,0,5,0,5,0,0,0,0.5656672605303827
90,0,0,0,5,5,0,0,0,0,0.5791795450291432
90,0,0,0,10,0,0,0,0,0,0.5930557090276276
90,0,0,5,0,0,0,0,0,5,0.5866674184715497
90,0,0,5,0,0,0,0,5,0,0.5495786347516338
90,0,0,5,0,0,0,5,0,0,0.49617503239556293
90,0,0,5,0,0,5,0,0,0,0.5467680672203515
90,0,0,5,0,5,0,0,0,0,0.6034094951020714
90,0,0,5,5,0,0,0,0,0,0.6166056256203278
90,0,0,10,0,0,0,0,0,0,0.6549534304229971
90,0,5,0,0,0,0,0,0,5,1.000547093392374
90,0,5,0,0,0,0,0,5,0,1.0004764299185296
90,0,5,0,0,0,0,5,0,0,0.9673841272382177
90,0,5,0,0,0,5,0,0,0,1.0426538516972053
90,0,5,0,0,5,0,0,0,0,1.0373754778512907
90,0,5,0,5,0,0,0,0,0,1.0331700343687302
90,0,5,5,0,0,0,0,0,0,0.7611525061340346
90,0,10,0,0,0,0,0,0,0,1.0093301647190907
90,5,0,0,0,0,0,0,0,5,6.1047589476497865
90,5,0,0,0,0,0,0,5,0,6.107359785358744
90,5,0,0,0,0,0,5,0,0,6.1047589476497865
90,5,0,0,0,0,5,0,0,0,6.107292285921043
90,5,0,0,0,5,0,0,0,0,6.1047589476497865
90,5,0,0,5,0,0,0,0,0,6.107653279045528
90,5,0,5,0,0,0,0,0,0,6.1058075912958625
90,5,5,0,0,0,0,0,0,0,6.115434405593854
90,10,0,0,0,0,0,0,0,0,6.1047589476497865
95,0,0,0,0,0,0,0,0,5,0.66230156238891
95,0,0,0,0,0,0,0,5,0,0.7514020065563404
95,0,0,0,0,0,0,5,0,0,0.6880076482421761
95,0,0,0,0,0,5,0,0,0,0.6672846168375807
95,0,0,0,0,5,0,0,0,0,0.6893208993626098
95,0,0,0,5,0,0,0,0,0,0.6464697135515497
95,0,0,5,0,0,0,0,0,0,0.42120100343546535
95,0,5,0,0,0,0,0,0,0,0.9808619265611921
95,5,0,0,0,0,0,0,0,0,6.1047589476497865
100,0,0,0,0,0,0,0,0,0,0.31370563078900604
