"Aluminum, Al","Zinc, Zn","Magnesium, Mg","Copper, Cu","Silicon, Si","Iron, Fe","Manganese, Mn","Titanium, Ti","Chromium, Cr","Nickel, Ni",Tensile Strength
75,0,0,0,0,0,0,0,0,25,1.1421097320645943
75,0,0,0,0,0,0,0,5,20,1.1270001754185224
75,0,0,0,0,0,0,0,10,15,1.1270001754185224
75,0,0,0,0,0,0,0,15,10,1.1270001754185224
75,0,0,0,0,0,0,0,20,5,1.1270001754185224
75,0,0,0,0,0,0,0,25,0,1.1125210900086207
75,0,0,0,0,0,0,5,0,20,1.0885817539045057
75,0,0,0,0,0,0,5,5,15,1.082405007771042
75,0,0,0,0,0,0,5,10,10,1.082405007771042
75,0,0,0,0,0,0,5,15,5,1.082405007771042
75,0,0,0,0,0,0,5,20,0,1.0703772994843181
75,0,0,0,0,0,0,10,0,15,1.0885817539045057
75,0,0,0,0,0,0,10,5,10,1.082405007771042
75,0,0,0,0,0,0,10,10,5,1.082405007771042
75,0,0,0,0,0,0,10,15,0,1.0703772994843181
75,0,0,0,0,0,0,15,0,10,1.0885817539045057
75,0,0,0,0,0,0,15,5,5,1.082405007771042
75,0,0,0,0,0,0,15,10,0,1.0703772994843181
75,0,0,0,0,0,0,20,0,5,1.0885817539045057
75,0,0,0,0,0,0,20,5,0,1.0703772994843181
75,0,0,0,0,0,0,25,0,0,1.0759702662479331
75,0,0,0,0,0,5,0,0,20,1.1579111186856796
75,0,0,0,0,0,5,0,5,15,1.1745071446440651
75,0,0,0,0,0,5,0,10,10,1.1745071446440651
75,0,0,0,0,0,5,0,15,5,1.1745071446440651
75,0,0,0,0,0,5,0,20,0,1.19107538445859
75,0,0,0,0,0,5,5,0,15,1.0870907498818607
75,0,0,0,0,0,5,5,5,10,1.1153542458534942
75,0,0,0,0,0,5,5,10,5,1.1153542458534942
75,0,0,0,0,0,5,5,15,0,1.134373862791197
75,0,0,0,0,0,5,10,0,10,1.0870907498818607
75,0,0,0,0,0,5,10,5,5,1.1153542458534942
75,0,0,0,0,0,5,10,10,0,1.134373862791197
75,0,0,0,0,0,5,15,0,5,1.0870907498818607
75,0,0,0,0,0,5,15,5,0,1.134373862791197
75,0,0,0,0,0,5,20,0,0,1.1134104192258736
75,0,0,0,0,0,10,0,0,15,1.1579111186856796
75,0,0,0,0,0,10,0,5,10,1.1745071446440651
75,0,0,0,0,0,10,0,10,5,1.1745071446440651
75,0,0,0,0,0,10,0,15,0,1.19107538445859
75,0,0,0,0,0,10,5,0,10,1.0870907498818607
75,0,0,0,0,0,10,5,5,5,1.1153542458534942
75,0,0,0,0,0,10,5,10,0,1.134373862791197
75,0,0,0,0,0,10,10,0,5,1.0870907498818607
75,0,0,0,0,0,10,10,5,0,1.134373862791197
75,0,0,0,0,0,10,15,0,0,1.1134104192258736
75,0,0,0,0,0,15,0,0,10,1.1579111186856796
75,0,0,0,0,0,15,0,5,5,1.1745071446440651
75,0,0,0,0,0,15,0,10,0,1.19107538445859
75,0,0,0,0,0,15,5,0,5,1.0870907498818607
75,0,0,0,0,0,15,5,5,0,1.134373862791197
75,0,0,0,0,0,15,10,0,0,1.1134104192258736
75,0,0,0,0,0,20,0,0,5,1.1579111186856796
75,0,0,0,0,0,20,0,5,0,1.19107538445859
75,0,0,0,0,0,20,5,0,0,1.1134104192258736
75,0,0,0,0,0,25,0,0,0,1.1832802540431537
75,0,0,0,0,5,0,0,0,20,1.0443260728730233
75,0,0,0,0,5,0,0,5,15,0.9616717874304598
75,0,0,0,0,5,0,0,10,10,0.9616717874304598
75,0,0,0,0,5,0,0,15,5,0.9616717874304598
75,0,0,0,0,5,0,0,20,0,0.940031058774536
75,0,0,0,0,5,0,5,0,15,1.0304980337505292
75,0,0,0,0,5,0,5,5,10,0.9544328370411728
75,0,0,0,0,5,0,5,10,5,0.9544328370411728
75,0,0,0,0,5,0,5,15,0,0.9406247637107573
75,0,0,0,0,5,0,10,0,10,1.0304980337505292
75,0,0,0,0,5,0,10,5,5,0.9544328370411728
75,0,0,0,0,5,0,10,10,0,0.9406247637107573
75,0,0,0,0,5,0,15,0,5,1.0304980337505292
75,0,0,0,0,5,0,15,5,0,0.9406247637107573
75,0,0,0,0,5,0,20,0,0,1.0150625785858205
75,0,0,0,0,5,5,0,0,15,1.0945179150259188
75,0,0,0,0,5,5,0,5,10,1.040412332597856
75,0,0,0,0,5,5,0,10,5,1.040412332597856
75,0,0,0,0,5,5,0,15,0,1.0345271235986555
75,0,0,0,0,5,5,5,0,10,1.0507070565868863
75,0,0,0,0,5,5,5,5,5,1.003531746463376
75,0,0,0,0,5,5,5,10,0,1.0088234515001373
75,0,0,0,0,5,5,10,0,5,1.0507070565868863
75,0,0,0,0,5,5,10,5,0,1.0088234515001373
75,0,0,0,0,5,5,15,0,0,1.0667882743226442
75,0,0,0,0,5,10,0,0,10,1.0945179150259188
75,0,0,0,0,5,10,0,5,5,1.040412332597856
75,0,0,0,0,5,10,0,10,0,1.0345271235986555
75,0,0,0,0,5,10,5,0,5,1.0507070565868863
75,0,0,0,0,5,10,5,5,0,1.0088234515001373
75,0,0,0,0,5,10,10,0,0,1.0667882743226442
75,0,0,0,0,5,15,0,0,5,1.0945179150259188
75,0,0,0,0,5,15,0,5,0,1.0345271235986555
75,0,0,0,0,5,15,5,0,0,1.0667882743226442
75,0,0,0,0,5,20,0,0,0,1.0974336015696677
75,0,0,0,0,10,0,0,0,15,1.0443260728730233
75,0,0,0,0,10,0,0,5,10,0.9616717874304598
75,0,0,0,0,10,0,0,10,5,0.9616717874304598
75,0,0,0,0,10,0,0,15,0,0.940031058774536
75,0,0,0,0,10,0,5,0,10,1.0304980337505292
75,0,0,0,0,10,0,5,5,5,0.9544328370411728
75,0,0,0,0,10,0,5,10,0,0.9406247637107573
75,0,0,0,0,10,0,10,0,5,1.0304980337505292
75,0,0,0,0,10,0,10,5,0,0.9406247637107573
75,0,0,0,0,10,0,15,0,0,1.0150625785858205
75,0,0,0,0,10,5,0,0,10,1.0945179150259188
75,0,0,0,0,10,5,0,5,5,1.040412332597856
75,0,0,0,0,10,5,0,10,0,1.0345271235986555
75,0,0,0,0,10,5,5,0,5,1.0507070565868863
75,0,0,0,0,10,5,5,5,0,1.0088234515001373
75,0,0,0,0,10,5,10,0,0,1.0667882743226442
75,0,0,0,0,10,10,0,0,5,1.0945179150259188
75,0,0,0,0,10,10,0,5,0,1.0345271235986555
75,0,0,0,0,10,10,5,0,0,1.0667882743226442
75,0,0,0,0,10,15,0,0,0,1.0974336015696677
75,0,0,0,0,15,0,0,0,10,1.0443260728730233
75,0,0,0,0,15,0,0,5,5,0.9616717874304598
75,0,0,0,0,15,0,0,10,0,0.940031058774536
75,0,0,0,0,15,0,5,0,5,1.0304980337505292
75,0,0,0,0,15,0,5,5,0,0.9406247637107573
75,0,0,0,0,15,0,10,0,0,1.0150625785858205
75,0,0,0,0,15,5,0,0,5,1.0945179150259188
75,0,0,0,0,15,5,0,5,0,1.0345271235986555
75,0,0,0,0,15,5,5,0,0,1.0667882743226442
75,0,0,0,0,15,10,0,0,0,1.0974336015696677
75,0,0,0,0,20,0,0,0,5,1.0443260728730233
75,0,0,0,0,20,0,0,5,0,0.940031058774536
75,0,0,0,0,20,0,5,0,0,1.0150625785858205
75,0,0,0,0,20,5,0,0,0,1.0974336015696677
75,0,0,0,0,25,0,0,0,0,1.021057962382806
75,0,0,0,5,0,0,0,0,20,1.0766265067043541
75,0,0,0,5,0,0,0,5,15,1.10241519751793
75,0,0,0,5,0,0,0,10,10,1.10241519751793
75,0,0,0,5,0,0,0,15,5,1.10241519751793
75,0,0,0,5,0,0,0,20,0,1.048038129073698
75,0,0,0,5,0,0,5,0,15,1.0376385785331976
75,0,0,0,5,0,0,5,5,10,1.0678011802193066
75,0,0,0,5,0,0,5,10,5,1.0678011802193066
75,0,0,0,5,0,0,5,15,0,1.0234587975969496
75,0,0,0,5,0,0,10,0,10,1.0376385785331976
75,0,0,0,5,0,0,10,5,5,1.0678011802193066
75,0,0,0,5,0,0,10,10,0,1.0234587975969496
75,0,0,0,5,0,0,15,0,5,1.0376385785331976
75,0,0,0,5,0,0,15,5,0,1.0234587975969496
75,0,0,0,5,0,0,20,0,0,0.9927124165409922
75,0,0,0,5,0,5,0,0,15,1.0686484064483264
75,0,0,0,5,0,5,0,5,10,1.1110415903139812
75,0,0,0,5,0,5,0,10,5,1.1110415903139812
75,0,0,0,5,0,5,0,15,0,1.1082068120767736
75,0,0,0,5,0,5,5,0,10,1.0158850610162462
75,0,0,0,5,0,5,5,5,5,1.0614349233603158
75,0,0,0,5,0,5,5,10,0,1.07538862505986
75,0,0,0,5,0,5,10,0,5,1.0158850610162462
75,0,0,0,5,0,5,10,5,0,1.07538862505986
75,0,0,0,5,0,5,15,0,0,1.037138815122101
75,0,0,0,5,0,10,0,0,10,1.0686484064483264
75,0,0,0,5,0,10,0,5,5,1.1110415903139812
75,0,0,0,5,0,10,0,10,0,1.1082068120767736
75,0,0,0,5,0,10,5,0,5,1.0158850610162462
75,0,0,0,5,0,10,5,5,0,1.07538862505986
75,0,0,0,5,0,10,10,0,0,1.037138815122101
75,0,0,0,5,0,15,0,0,5,1.0686484064483264
75,0,0,0,5,0,15,0,5,0,1.1082068120767736
75,0,0,0,5,0,15,5,0,0,1.037138815122101
75,0,0,0,5,0,20,0,0,0,1.074614523754068
75,0,0,0,5,5,0,0,0,15,0.8467141864157713
75,0,0,0,5,5,0,0,5,10,0.8236758775877461
75,0,0,0,5,5,0,0,10,5,0.8236758775877461
75,0,0,0,5,5,0,0,15,0,0.7933230117531562
75,0,0,0,5,5,0,5,0,10,0.8568356972072138
75,0,0,0,5,5,0,5,5,5,0.8347729364180041
75,0,0,0,5,5,0,5,10,0,0.8193107395097958
75,0,0,0,5,5,0,10,0,5,0.8568356972072138
75,0,0,0,5,5,0,10,5,0,0.8193107395097958
75,0,0,0,5,5,0,15,0,0,0.8389867404478766
75,0,0,0,5,5,5,0,0,10,0.8620698555954938
75,0,0,0,5,5,5,0,5,5,0.8576371640017332
75,0,0,0,5,5,5,0,10,0,0.8430398178238668
75,0,0,0,5,5,5,5,0,5,0.8587303285995698
75,0,0,0,5,5,5,5,5,0,0.859961356699241
75,0,0,0,5,5,5,10,0,0,0.8765253633664575
75,0,0,0,5,5,10,0,0,5,0.8620698555954938
75,0,0,0,5,5,10,0,5,0,0.8430398178238668
75,0,0,0,5,5,10,5,0,0,0.8765253633664575
75,0,0,0,5,5,15,0,0,0,0.855514026943741
75,0,0,0,5,10,0,0,0,10,0.8467141864157713
75,0,0,0,5,10,0,0,5,5,0.8236758775877461
75,0,0,0,5,10,0,0,10,0,0.7933230117531562
75,0,0,0,5,10,0,5,0,5,0.8568356972072138
75,0,0,0,5,10,0,5,5,0,0.8193107395097958
75,0,0,0,5,10,0,10,0,0,0.8389867404478766
75,0,0,0,5,10,5,0,0,5,0.8620698555954938
75,0,0,0,5,10,5,0,5,0,0.8430398178238668
75,0,0,0,5,10,5,5,0,0,0.8765253633664575
75,0,0,0,5,10,10,0,0,0,0.855514026943741
75,0,0,0,5,15,0,0,0,5,0.8467141864157713
75,0,0,0,5,15,0,0,5,0,0.7933230117531562
75,0,0,0,5,15,0,5,0,0,0.8389867404478766
75,0,0,0,5,15,5,0,0,0,0.855514026943741
75,0,0,0,5,20,0,0,0,0,0.8139745607300526
75,0,0,0,10,0,0,0,0,15,1.0458326031982224
75,0,0,0,10,0,0,0,5,10,1.074531380243438
75,0,0,0,10,0,0,0,10,5,1.074531380243438
75,0,0,0,10,0,0,0,15,0,1.022593181896245
75,0,0,0,10,0,0,5,0,10,1.0097922823371217
75,0,0,0,10,0,0,5,5,5,1.0403676158858064
75,0,0,0,10,0,0,5,10,0,1.004167307279718
75,0,0,0,10,0,0,10,0,5,1.0097922823371217
75,0,0,0,10,0,0,10,5,0,1.004167307279718
75,0,0,0,10,0,0,15,0,0,0.9730081943611846
75,0,0,0,10,0,5,0,0,10,1.0111797057248821
75,0,0,0,10,0,5,0,5,5,1.0564829758221768
75,0,0,0,10,0,5,0,10,0,1.05438611212715
75,0,0,0,10,0,5,5,0,5,0.9676866237660846
75,0,0,0,10,0,5,5,5,0,1.0340440381336848
75,0,0,0,10,0,5,10,0,0,0.9953814963333498
75,0,0,0,10,0,10,0,0,5,1.0111797057248821
75,0,0,0,10,0,10,0,5,0,1.05438611212715
75,0,0,0,10,0,10,5,0,0,0.9953814963333498
75,0,0,0,10,0,15,0,0,0,1.0191094261343938
75,0,0,0,10,5,0,0,0,10,0.8277718851793281
75,0,0,0,10,5,0,0,5,5,0.8077562258181907
75,0,0,0,10,5,0,0,10,0,0.7798422300806399
75,0,0,0,10,5,0,5,0,5,0.847050443007845
75,0,0,0,10,5,0,5,5,0,0.8176675593266958
75,0,0,0,10,5,0,10,0,0,0.8373435602647765
75,0,0,0,10,5,5,0,0,5,0.838190409101612
75,0,0,0,10,5,5,0,5,0,0.8246218908939119
75,0,0,0,10,5,5,5,0,0,0.872986746682841
75,0,0,0,10,5,10,0,0,0,0.8358244342063109
75,0,0,0,10,10,0,0,0,5,0.8277718851793281
75,0,0,0,10,10,0,0,5,0,0.7798422300806399
75,0,0,0,10,10,0,5,0,0,0.8373435602647765
75,0,0,0,10,10,5,0,0,0,0.8358244342063109
75,0,0,0,10,15,0,0,0,0,0.7992221132500612
75,0,0,0,15,0,0,0,0,10,1.0433352488291585
75,0,0,0,15,0,0,0,5,5,1.072034025874374
75,0,0,0,15,0,0,0,10,0,1.020095827527181
75,0,0,0,15,0,0,5,0,5,1.00484355084488
75,0,0,0,15,0,0,5,5,0,0.9998398762357411
75,0,0,0,15,0,0,10,0,0,0.9686807633172079
75,0,0,0,15,0,5,0,0,5,1.0111797057248821
75,0,0,0,15,0,5,0,5,0,1.05438611212715
75,0,0,0,15,0,5,5,0,0,0.9935514196584369
75,0,0,0,15,0,10,0,0,0,1.0191094261343938
75,0,0,0,15,5,0,0,0,5,0.8346879161838746
75,0,0,0,15,5,0,0,5,0,0.784882207164387
75,0,0,0,15,5,0,5,0,0,0.8408451731334682
75,0,0,0,15,5,5,0,0,0,0.8417258466401851
75,0,0,0,15,10,0,0,0,0,0.8042620903338081
75,0,0,0,20,0,0,0,0,5,1.0433352488291585
75,0,0,0,20,0,0,0,5,0,1.020095827527181
75,0,0,0,20,0,0,5,0,0,0.9686807633172079
75,0,0,0,20,0,5,0,0,0,1.0191094261343938
75,0,0,0,20,5,0,0,0,0,0.8080002227130006
75,0,0,0,25,0,0,0,0,0,0.9920389596737056
75,0,0,5,0,0,0,0,0,20,0.8450197888744859
75,0,0,5,0,0,0,0,5,15,0.9558343653741427
75,0,0,5,0,0,0,0,10,10,0.9558343653741427
75,0,0,5,0,0,0,0,15,5,0.9558343653741427
75,0,0,5,0,0,0,0,20,0,0.9295012016071912
75,0,0,5,0,0,0,5,0,15,0.8331354791020121
75,0,0,5,0,0,0,5,5,10,0.9408526491163128
75,0,0,5,0,0,0,5,10,5,0.9408526491163128
75,0,0,5,0,0,0,5,15,0,0.9169708624725392
75,0,0,5,0,0,0,10,0,10,0.8331354791020121
75,0,0,5,0,0,0,10,5,5,0.9408526491163128
75,0,0,5,0,0,0,10,10,0,0.9169708624725392
75,0,0,5,0,0,0,15,0,5,0.8331354791020121
75,0,0,5,0,0,0,15,5,0,0.9169708624725392
75,0,0,5,0,0,0,20,0,0,0.804255003751469
75,0,0,5,0,0,5,0,0,15,0.906044342555345
75,0,0,5,0,0,5,0,5,10,1.0325297431954656
75,0,0,5,0,0,5,0,10,5,1.0325297431954656
75,0,0,5,0,0,5,0,15,0,1.0434433387590483
75,0,0,5,0,0,5,5,0,10,0.8749984240423448
75,0,0,5,0,0,5,5,5,5,1.005313726546682
75,0,0,5,0,0,5,5,10,0,1.0186786992334425
75,0,0,5,0,0,5,10,0,5,0.8749984240423448
75,0,0,5,0,0,5,10,5,0,1.0186786992334425
75,0,0,5,0,0,5,15,0,0,0.9039306643030973
75,0,0,5,0,0,10,0,0,10,0.906044342555345
75,0,0,5,0,0,10,0,5,5,1.0325297431954656
75,0,0,5,0,0,10,0,10,0,1.0434433387590483
75,0,0,5,0,0,10,5,0,5,0.8749984240423448
75,0,0,5,0,0,10,5,5,0,1.0186786992334425
75,0,0,5,0,0,10,10,0,0,0.9039306643030973
75,0,0,5,0,0,15,0,0,5,0.906044342555345
75,0,0,5,0,0,15,0,5,0,1.0434433387590483
75,0,0,5,0,0,15,5,0,0,0.9039306643030973
75,0,0,5,0,0,20,0,0,0,0.9350976022188155
75,0,0,5,0,5,0,0,0,15,0.676585964685112
75,0,0,5,0,5,0,0,5,10,0.6781517527825354
75,0,0,5,0,5,0,0,10,5,0.6781517527825354
75,0,0,5,0,5,0,0,15,0,0.6554528253092211
75,0,0,5,0,5,0,5,0,10,0.7078239325274993
75,0,0,5,0,5,0,5,5,5,0.6963055465890631
75,0,0,5,0,5,0,5,10,0,0.6827525718636448
75,0,0,5,0,5,0,10,0,5,0.7078239325274993
75,0,0,5,0,5,0,10,5,0,0.6827525718636448
75,0,0,5,0,5,0,15,0,0,0.6902963059123879
75,0,0,5,0,5,5,0,0,10,0.7095587010114254
75,0,0,5,0,5,5,0,5,5,0.739545781647153
75,0,0,5,0,5,5,0,10,0,0.7394553766088212
75,0,0,5,0,5,5,5,0,5,0.7278619189929035
75,0,0,5,0,5,5,5,5,0,0.7638824885009692
75,0,0,5,0,5,5,10,0,0,0.760712438381405
75,0,0,5,0,5,10,0,0,5,0.7095587010114254
75,0,0,5,0,5,10,0,5,0,0.7394553766088212
75,0,0,5,0,5,10,5,0,0,0.760712438381405
75,0,0,5,0,5,15,0,0,0,0.729696562548111
75,0,0,5,0,10,0,0,0,10,0.676585964685112
75,0,0,5,0,10,0,0,5,5,0.6781517527825354
75,0,0,5,0,10,0,0,10,0,0.6554528253092211
75,0,0,5,0,10,0,5,0,5,0.7078239325274993
75,0,0,5,0,10,0,5,5,0,0.6827525718636448
75,0,0,5,0,10,0,10,0,0,0.6902963059123879
75,0,0,5,0,10,5,0,0,5,0.7095587010114254
75,0,0,5,0,10,5,0,5,0,0.7394553766088212
75,0,0,5,0,10,5,5,0,0,0.760712438381405
75,0,0,5,0,10,10,0,0,0,0.729696562548111
75,0,0,5,0,15,0,0,0,5,0.676585964685112
75,0,0,5,0,15,0,0,5,0,0.6554528253092211
75,0,0,5,0,15,0,5,0,0,0.6902963059123879
75,0,0,5,0,15,5,0,0,0,0.729696562548111
75,0,0,5,0,20,0,0,0,0,0.6542317146487443
75,0,0,5,5,0,0,0,0,15,0.7772336626957784
75,0,0,5,5,0,0,0,5,10,0.8805922620162627
75,0,0,5,5,0,0,0,10,5,0.8805922620162627
75,0,0,5,5,0,0,0,15,0,0.8222683280410162
75,0,0,5,5,0,0,5,0,10,0.7876953764614215
75,0,0,5,5,0,0,5,5,5,0.8833969589477882
75,0,0,5,5,0,0,5,10,0,0.8303469391443883
75,0,0,5,5,0,0,10,0,5,0.7876953764614215
75,0,0,5,5,0,0,10,5,0,0.8303469391443883
75,0,0,5,5,0,0,15,0,0,0.7296466679512521
75,0,0,5,5,0,5,0,0,10,0.7813102873570883
75,0,0,5,5,0,5,0,5,5,0.8876876533296543
75,0,0,5,5,0,5,0,10,0,0.8762743590314588
75,0,0,5,5,0,5,5,0,5,0.7789888872647905
75,0,0,5,5,0,5,5,5,0,0.8826484990133433
75,0,0,5,5,0,5,10,0,0,0.7951705688273109
75,0,0,5,5,0,10,0,0,5,0.7813102873570883
75,0,0,5,5,0,10,0,5,0,0.8762743590314588
75,0,0,5,5,0,10,5,0,0,0.7951705688273109
75,0,0,5,5,0,15,0,0,0,0.7880366571587802
75,0,0,5,5,5,0,0,0,10,0.5889009481046028
75,0,0,5,5,5,0,0,5,5,0.6316992484782071
75,0,0,5,5,5,0,0,10,0,0.6016212960961278
75,0,0,5,5,5,0,5,0,5,0.6453370468375649
75,0,0,5,5,5,0,5,5,0,0.6580003789933322
75,0,0,5,5,5,0,10,0,0,0.6228709677840829
75,0,0,5,5,5,5,0,0,5,0.5759651802900914
75,0,0,5,5,5,5,0,5,0,0.6218314051608613
75,0,0,5,5,5,5,5,0,0,0.6677528108506698
75,0,0,5,5,5,10,0,0,0,0.5861073455195852
75,0,0,5,5,10,0,0,0,5,0.5889009481046028
75,0,0,5,5,10,0,0,5,0,0.6016212960961278
75,0,0,5,5,10,0,5,0,0,0.6228709677840829
75,0,0,5,5,10,5,0,0,0,0.5861073455195852
75,0,0,5,5,15,0,0,0,0,0.5584082951426348
75,0,0,5,10,0,0,0,0,10,0.7664016868707904
75,0,0,5,10,0,0,0,5,5,0.8701314461167664
75,0,0,5,10,0,0,0,10,0,0.8148022106835956
75,0,0,5,10,0,0,5,0,5,0.7838685252138178
75,0,0,5,10,0,0,5,5,0,0.8330917959145178
75,0,0,5,10,0,0,10,0,0,0.7345177191649539
75,0,0,5,10,0,5,0,0,5,0.7254797248887932
75,0,0,5,10,0,5,0,5,0,0.8323144328050209
75,0,0,5,10,0,5,5,0,0,0.7565431350825349
75,0,0,5,10,0,10,0,0,0,0.7330661426215186
75,0,0,5,10,5,0,0,0,5,0.5837120547047745
75,0,0,5,10,5,0,0,5,0,0.6013522380633733
75,0,0,5,10,5,0,5,0,0,0.6343192716283199
75,0,0,5,10,5,5,0,0,0,0.5334811540380422
75,0,0,5,10,10,0,0,0,0,0.5549624524706601
75,0,0,5,15,0,0,0,0,5,0.7650509280478149
75,0,0,5,15,0,0,0,5,0,0.81345145186062
75,0,0,5,15,0,0,5,0,0,0.7313368836670654
75,0,0,5,15,0,5,0,0,0,0.7330661426215186
75,0,0,5,15,5,0,0,0,0,0.5585539944017901
75,0,0,5,20,0,0,0,0,0,0.7102680217961033
75,0,0,10,0,0,0,0,0,15,0.8900844875066112
75,0,0,10,0,0,0,0,5,10,1.000899064006268
75,0,0,10,0,0,0,0,10,5,1.000899064006268
75,0,0,10,0,0,0,0,15,0,0.974507770417425
75,0,0,10,0,0,0,5,0,10,0.8761365184212586
75,0,0,10,0,0,0,5,5,5,0.9838536884355591
75,0,0,10,0,0,0,5,10,0,0.9599137719698939
75,0,0,10,0,0,0,10,0,5,0.8761365184212586
75,0,0,10,0,0,0,10,5,0,0.9599137719698939
75,0,0,10,0,0,0,15,0,0,0.847197913248824
75,0,0,10,0,0,5,0,0,10,0.9511090411874703
75,0,0,10,0,0,5,0,5,5,1.0775944418275911
75,0,0,10,0,0,5,0,10,0,1.0884499075692822
75,0,0,10,0,0,5,5,0,5,0.9179994633615912
75,0,0,10,0,0,5,5,5,0,1.0616216087307975
75,0,0,10,0,0,5,10,0,0,0.9468735738004522
75,0,0,10,0,0,10,0,0,5,0.9511090411874703
75,0,0,10,0,0,10,0,5,0,1.0884499075692822
75,0,0,10,0,0,10,5,0,0,0.9468735738004522
75,0,0,10,0,0,15,0,0,0,0.9801041710290493
75,0,0,10,0,5,0,0,0,10,0.7311600540412884
75,0,0,10,0,5,0,0,5,5,0.7327258421387118
75,0,0,10,0,5,0,0,10,0,0.7094434897456823
75,0,0,10,0,5,0,5,0,5,0.7603343625707965
75,0,0,10,0,5,0,5,5,0,0.734679576987227
75,0,0,10,0,5,0,10,0,0,0.74222331103597
75,0,0,10,0,5,5,0,0,5,0.7641327903676017
75,0,0,10,0,5,5,0,5,0,0.7934460410452825
75,0,0,10,0,5,5,5,0,0,0.8126394435049871
75,0,0,10,0,5,10,0,0,0,0.7836872269845722
75,0,0,10,0,10,0,0,0,5,0.7311600540412884
75,0,0,10,0,10,0,0,5,0,0.7094434897456823
75,0,0,10,0,10,0,5,0,0,0.74222331103597
75,0,0,10,0,10,5,0,0,0,0.7836872269845722
75,0,0,10,0,15,0,0,0,0,0.7082223790852055
75,0,0,10,5,0,0,0,0,10,0.8115425821544683
75,0,0,10,5,0,0,0,5,5,0.9149011814749528
75,0,0,10,5,0,0,0,10,0,0.8621450767858115
75,0,0,10,5,0,0,5,0,5,0.8199406366072324
75,0,0,10,5,0,0,5,5,0,0.8681600285763047
75,0,0,10,5,0,0,10,0,0,0.7674597573831683
75,0,0,10,5,0,5,0,0,5,0.8156192068157783
75,0,0,10,5,0,5,0,5,0,0.9161511077762542
75,0,0,10,5,0,5,5,0,0,0.832983658259227
75,0,0,10,5,0,10,0,0,0,0.8279134059035756
75,0,0,10,5,5,0,0,0,5,0.6289421363934679
75,0,0,10,5,5,0,0,5,0,0.641079059465278
75,0,0,10,5,5,0,5,0,0,0.6602650718403535
75,0,0,10,5,5,5,0,0,0,0.6255651088887352
75,0,0,10,5,10,0,0,0,0,0.5978660585117848
75,0,0,10,10,0,0,0,0,5,0.8004640989205752
75,0,0,10,10,0,0,0,5,0,0.8544324520194858
75,0,0,10,10,0,0,5,0,0,0.772159343344797
75,0,0,10,10,0,5,0,0,0,0.7726963839574088
75,0,0,10,10,5,0,0,0,0,0.5941737084309051
75,0,0,10,15,0,0,0,0,0,0.7498982631319937
75,0,0,15,0,0,0,0,0,10,0.8900844875066112
75,0,0,15,0,0,0,0,5,5,1.000899064006268
75,0,0,15,0,0,0,0,10,0,0.974507770417425
75,0,0,15,0,0,0,5,0,5,0.8761365184212586
75,0,0,15,0,0,0,5,5,0,0.9599137719698939
75,0,0,15,0,0,0,10,0,0,0.847197913248824
75,0,0,15,0,0,5,0,0,5,0.9511090411874703
75,0,0,15,0,0,5,0,5,0,1.0884499075692822
75,0,0,15,0,0,5,5,0,0,0.9468735738004522
75,0,0,15,0,0,10,0,0,0,0.9801041710290493
75,0,0,15,0,5,0,0,0,5,0.7311600540412884
75,0,0,15,0,5,0,0,5,0,0.7094434897456823
75,0,0,15,0,5,0,5,0,0,0.74222331103597
75,0,0,15,0,5,5,0,0,0,0.7836872269845722
75,0,0,15,0,10,0,0,0,0,0.7082223790852055
75,0,0,15,5,0,0,0,0,5,0.8115425821544683
75,0,0,15,5,0,0,0,5,0,0.8621450767858115
75,0,0,15,5,0,0,5,0,0,0.7674597573831683
75,0,0,15,5,0,5,0,0,0,0.8279134059035756
75,0,0,15,5,5,0,0,0,0,0.5978660585117848
75,0,0,15,10,0,0,0,0,0,0.7512490219549691
75,0,0,20,0,0,0,0,0,5,0.8900844875066112
75,0,0,20,0,0,0,0,5,0,0.974507770417425
75,0,0,20,0,0,0,5,0,0,0.847197913248824
75,0,0,20,0,0,5,0,0,0,0.9801041710290493
75,0,0,20,0,5,0,0,0,0,0.7082223790852055
75,0,0,20,5,0,0,0,0,0,0.7581071180851974
75,0,0,25,0,0,0,0,0,0,0.8630138345376388
75,0,5,0,0,0,0,0,0,20,0.8611021125078121
75,0,5,0,0,0,0,0,5,15,0.872152546077213
75,0,5,0,0,0,0,0,10,10,0.872152546077213
75,0,5,0,0,0,0,0,15,5,0.872152546077213
75,0,5,0,0,0,0,0,20,0,0.872152546077213
75,0,5,0,0,0,0,5,0,15,0.8342839022996226
75,0,5,0,0,0,0,5,5,10,0.8327928836460664
75,0,5,0,0,0,0,5,10,5,0.8327928836460664
75,0,5,0,0,0,0,5,15,0,0.8260931684944124
75,0,5,0,0,0,0,10,0,10,0.8342839022996226
75,0,5,0,0,0,0,10,5,5,0.8327928836460664
75,0,5,0,0,0,0,10,10,0,0.8260931684944124
75,0,5,0,0,0,0,15,0,5,0.8342839022996226
75,0,5,0,0,0,0,15,5,0,0.8260931684944124
75,0,5,0,0,0,0,20,0,0,0.8275841871479686
75,0,5,0,0,0,5,0,0,15,0.8254397055369583
75,0,5,0,0,0,5,0,5,10,0.8444617645637436
75,0,5,0,0,0,5,0,10,5,0.8444617645637436
75,0,5,0,0,0,5,0,15,0,0.8493019836794056
75,0,5,0,0,0,5,5,0,10,0.830223578348395
75,0,5,0,0,0,5,5,5,5,0.8331208928671081
75,0,5,0,0,0,5,5,10,0,0.8379611119827699
75,0,5,0,0,0,5,10,0,5,0.830223578348395
75,0,5,0,0,0,5,10,5,0,0.8379611119827699
75,0,5,0,0,0,5,15,0,0,0.835063797464057
75,0,5,0,0,0,10,0,0,10,0.8254397055369583
75,0,5,0,0,0,10,0,5,5,0.8444617645637436
75,0,5,0,0,0,10,0,10,0,0.8493019836794056
75,0,5,0,0,0,10,5,0,5,0.830223578348395
75,0,5,0,0,0,10,5,5,0,0.8379611119827699
75,0,5,0,0,0,10,10,0,0,0.835063797464057
75,0,5,0,0,0,15,0,0,5,0.8254397055369583
75,0,5,0,0,0,15,0,5,0,0.8493019836794056
75,0,5,0,0,0,15,5,0,0,0.835063797464057
75,0,5,0,0,0,20,0,0,0,0.8302799246526201
75,0,5,0,0,5,0,0,0,15,0.8566501217794266
75,0,5,0,0,5,0,0,5,10,0.8327238769617672
75,0,5,0,0,5,0,0,10,5,0.8327238769617672
75,0,5,0,0,5,0,0,15,0,0.8286716004928409
75,0,5,0,0,5,0,5,0,10,0.8650904098837155
75,0,5,0,0,5,0,5,5,5,0.8375584640029057
75,0,5,0,0,5,0,5,10,0,0.8281921698613155
75,0,5,0,0,5,0,10,0,5,0.8650904098837155
75,0,5,0,0,5,0,10,5,0,0.8281921698613155
75,0,5,0,0,5,0,15,0,0,0.8649752642260664
75,0,5,0,0,5,5,0,0,10,0.8372058288535787
75,0,5,0,0,5,5,0,5,5,0.8255749658297742
75,0,5,0,0,5,5,0,10,0,0.821522689360848
75,0,5,0,0,5,5,5,0,5,0.8845721133880957
75,0,5,0,0,5,5,5,5,0,0.8585037427441757
75,0,5,0,0,5,5,10,0,0,0.8964512057974229
75,0,5,0,0,5,10,0,0,5,0.8372058288535787
75,0,5,0,0,5,10,0,5,0,0.821522689360848
75,0,5,0,0,5,10,5,0,0,0.8964512057974229
75,0,5,0,0,5,15,0,0,0,0.8424047008685934
75,0,5,0,0,10,0,0,0,10,0.8566501217794266
75,0,5,0,0,10,0,0,5,5,0.8327238769617672
75,0,5,0,0,10,0,0,10,0,0.8286716004928409
75,0,5,0,0,10,0,5,0,5,0.8650904098837155
75,0,5,0,0,10,0,5,5,0,0.8281921698613155
75,0,5,0,0,10,0,10,0,0,0.8649752642260664
75,0,5,0,0,10,5,0,0,5,0.8372058288535787
75,0,5,0,0,10,5,0,5,0,0.821522689360848
75,0,5,0,0,10,5,5,0,0,0.8964512057974229
75,0,5,0,0,10,10,0,0,0,0.8424047008685934
75,0,5,0,0,15,0,0,0,5,0.8566501217794266
75,0,5,0,0,15,0,0,5,0,0.8286716004928409
75,0,5,0,0,15,0,5,0,0,0.8649752642260664
75,0,5,0,0,15,5,0,0,0,0.8424047008685934
75,0,5,0,0,20,0,0,0,0,0.8618489937944415
75,0,5,0,5,0,0,0,0,15,1.0573416229035901
75,0,5,0,5,0,0,0,5,10,1.0421915988360164
75,0,5,0,5,0,0,0,10,5,1.0421915988360164
75,0,5,0,5,0,0,0,15,0,1.0421915988360164
75,0,5,0,5,0,0,5,0,10,1.043452248478016
75,0,5,0,5,0,0,5,5,5,1.0274380685404596
75,0,5,0,5,0,0,5,10,0,1.0207383533888055
75,0,5,0,5,0,0,10,0,5,1.043452248478016
75,0,5,0,5,0,0,10,5,0,1.0207383533888055
75,0,5,0,5,0,0,15,0,0,1.036752533326362
75,0,5,0,5,0,5,0,0,10,0.973830305038153
75,0,5,0,5,0,5,0,5,5,0.9946111861358743
75,0,5,0,5,0,5,0,10,0,0.9985343414847456
75,0,5,0,5,0,5,5,0,5,1.0229168105773343
75,0,5,0,5,0,5,5,5,0,1.036534408620401
75,0,5,0,5,0,5,10,0,0,1.0268399659262055
75,0,5,0,5,0,10,0,0,5,0.973830305038153
75,0,5,0,5,0,10,0,5,0,0.9985343414847456
75,0,5,0,5,0,10,5,0,0,1.0268399659262055
75,0,5,0,5,0,15,0,0,0,0.9777534603870244
75,0,5,0,5,5,0,0,0,10,1.028027736056969
75,0,5,0,5,5,0,0,5,5,0.9984455152685802
75,0,5,0,5,5,0,0,10,0,0.994393238799654
75,0,5,0,5,5,0,5,0,5,1.057520232495956
75,0,5,0,5,5,0,5,5,0,1.0220509480595517
75,0,5,0,5,5,0,10,0,0,1.0574050868383071
75,0,5,0,5,5,5,0,0,5,0.9622127184142873
75,0,5,0,5,5,5,0,5,0,0.9660127254895368
75,0,5,0,5,5,5,5,0,0,1.0735476970798425
75,0,5,0,5,5,10,0,0,0,0.967411590429302
75,0,5,0,5,10,0,0,0,5,1.028027736056969
75,0,5,0,5,10,0,0,5,0,0.994393238799654
75,0,5,0,5,10,0,5,0,0,1.0574050868383071
75,0,5,0,5,10,5,0,0,0,0.967411590429302
75,0,5,0,5,15,0,0,0,0,1.0332266080719839
75,0,5,0,10,0,0,0,0,10,1.0573416229035901
75,0,5,0,10,0,0,0,5,5,1.0421915988360164
75,0,5,0,10,0,0,0,10,0,1.0421915988360164
75,0,5,0,10,0,0,5,0,5,1.043452248478016
75,0,5,0,10,0,0,5,5,0,1.0207383533888055
75,0,5,0,10,0,0,10,0,0,1.036752533326362
75,0,5,0,10,0,5,0,0,5,0.9741264228068125
75,0,5,0,10,0,5,0,5,0,0.9973586810277115
75,0,5,0,10,0,5,5,0,0,1.0256643054691714
75,0,5,0,10,0,10,0,0,0,0.97657779992999
75,0,5,0,10,5,0,0,0,5,1.028027736056969
75,0,5,0,10,5,0,0,5,0,0.994393238799654
75,0,5,0,10,5,0,5,0,0,1.0574050868383071
75,0,5,0,10,5,5,0,0,0,0.9661358737631587
75,0,5,0,10,10,0,0,0,0,1.0332266080719839
75,0,5,0,15,0,0,0,0,5,1.0573416229035901
75,0,5,0,15,0,0,0,5,0,1.0421915988360164
75,0,5,0,15,0,0,5,0,0,1.036752533326362
75,0,5,0,15,0,5,0,0,0,0.97657779992999
75,0,5,0,15,5,0,0,0,0,1.0329264394446558
75,0,5,0,20,0,0,0,0,0,1.0573416229035901
75,0,5,5,0,0,0,0,0,15,0.6148383187468374
75,0,5,5,0,0,0,0,5,10,0.676291908152484
75,0,5,5,0,0,0,0,10,5,0.676291908152484
75,0,5,5,0,0,0,0,15,0,0.6748870703662854
75,0,5,5,0,0,0,5,0,10,0.6510304367819332
75,0,5,5,0,0,0,5,5,5,0.7041273894656054
75,0,5,5,0,0,0,5,10,0,0.6966022105887996
75,0,5,5,0,0,0,10,0,5,0.6510304367819332
75,0,5,5,0,0,0,10,5,0,0.6966022105887996
75,0,5,5,0,0,0,15,0,0,0.6393695540019256
75,0,5,5,0,0,5,0,0,10,0.6272863946923901
75,0,5,5,0,0,5,0,5,5,0.6759604110522558
75,0,5,5,0,0,5,0,10,0,0.6784533601125178
75,0,5,5,0,0,5,5,0,5,0.6965383985103997
75,0,5,5,0,0,5,5,5,0,0.7335504623676461
75,0,5,5,0,0,5,10,0,0,0.6970778209778296
75,0,5,5,0,0,10,0,0,5,0.6272863946923901
75,0,5,5,0,0,10,0,5,0,0.6784533601125178
75,0,5,5,0,0,10,5,0,0,0.6970778209778296
75,0,5,5,0,0,15,0,0,0,0.6285762387281396
75,0,5,5,0,5,0,0,0,10,0.5156787919188546
75,0,5,5,0,5,0,0,5,5,0.5545063946250844
75,0,5,5,0,5,0,0,10,0,0.554236816056991
75,0,5,5,0,5,0,5,0,5,0.5858794398706962
75,0,5,5,0,5,0,5,5,0,0.6012651542217806
75,0,5,5,0,5,0,10,0,0,0.580900231743263
75,0,5,5,0,5,5,0,0,5,0.5273298878243194
75,0,5,5,0,5,5,0,5,0,0.5607871740482245
75,0,5,5,0,5,5,5,0,0,0.6537898364306051
75,0,5,5,0,5,10,0,0,0,0.5314317164219069
75,0,5,5,0,10,0,0,0,5,0.5156787919188546
75,0,5,5,0,10,0,0,5,0,0.554236816056991
75,0,5,5,0,10,0,5,0,0,0.580900231743263
75,0,5,5,0,10,5,0,0,0,0.5314317164219069
75,0,5,5,0,15,0,0,0,0,0.518682003340422
75,0,5,5,5,0,0,0,0,10,0.7229974605710758
75,0,5,5,5,0,0,0,5,5,0.7382904799496443
75,0,5,5,5,0,0,0,10,0,0.743404304186916
75,0,5,5,5,0,0,5,0,5,0.7882557303684764
75,0,5,5,5,0,0,5,5,0,0.8121906122612721
75,0,5,5,5,0,0,10,0,0,0.7855748923560277
75,0,5,5,5,0,5,0,0,5,0.6619624918914573
75,0,5,5,5,0,5,0,5,0,0.6993727711126386
75,0,5,5,5,0,5,5,0,0,0.792845802855485
75,0,5,5,5,0,10,0,0,0,0.6683389573826272
75,0,5,5,5,5,0,0,0,5,0.5967964981950727
75,0,5,5,5,5,0,0,5,0,0.6299018614908329
75,0,5,5,5,5,0,5,0,0,0.7223920679894753
75,0,5,5,5,5,5,0,0,0,0.554869163927884
75,0,5,5,5,10,0,0,0,0,0.6134213295179097
75,0,5,5,10,0,0,0,0,5,0.7063597789118279
75,0,5,5,10,0,0,0,5,0,0.7253683370053658
75,0,5,5,10,0,0,5,0,0,0.7805739858041373
75,0,5,5,10,0,5,0,0,0,0.6366184414762871
75,0,5,5,10,5,0,0,0,0,0.6011745001586657
75,0,5,5,15,0,0,0,0,0,0.7125612587015633
75,0,5,10,0,0,0,0,0,10,0.6148383187468374
75,0,5,10,0,0,0,0,5,5,0.676291908152484
75,0,5,10,0,0,0,0,10,0,0.6748870703662854
75,0,5,10,0,0,0,5,0,5,0.6510304367819332
75,0,5,10,0,0,0,5,5,0,0.6966022105887996
75,0,5,10,0,0,0,10,0,0,0.6393695540019256
75,0,5,10,0,0,5,0,0,5,0.6272863946923901
75,0,5,10,0,0,5,0,5,0,0.6784533601125178
75,0,5,10,0,0,5,5,0,0,0.6970778209778296
75,0,5,10,0,0,10,0,0,0,0.6285762387281396
75,0,5,10,0,5,0,0,0,5,0.5156787919188546
75,0,5,10,0,5,0,0,5,0,0.554236816056991
75,0,5,10,0,5,0,5,0,0,0.580900231743263
75,0,5,10,0,5,5,0,0,0,0.5314317164219069
75,0,5,10,0,10,0,0,0,0,0.518682003340422
75,0,5,10,5,0,0,0,0,5,0.7229974605710758
75,0,5,10,5,0,0,0,5,0,0.743404304186916
75,0,5,10,5,0,0,5,0,0,0.7855748923560277
75,0,5,10,5,0,5,0,0,0,0.6683389573826272
75,0,5,10,5,5,0,0,0,0,0.6134213295179097
75,0,5,10,10,0,0,0,0,0,0.7177747138077842
75,0,5,15,0,0,0,0,0,5,0.6148383187468374
75,0,5,15,0,0,0,0,5,0,0.6748870703662854
75,0,5,15,0,0,0,5,0,0,0.6393695540019256
75,0,5,15,0,0,5,0,0,0,0.6285762387281396
75,0,5,15,0,5,0,0,0,0,0.518682003340422
75,0,5,15,5,0,0,0,0,0,0.7335869317418804
75,0,5,20,0,0,0,0,0,0,0.6125455529948207
75,0,10,0,0,0,0,0,0,15,0.8512986294444357
75,0,10,0,0,0,0,0,5,10,0.8635017348479278
75,0,10,0,0,0,0,0,10,5,0.8635017348479278
75,0,10,0,0,0,0,0,15,0,0.8635017348479278
75,0,10,0,0,0,0,5,0,10,0.8245331614161089
75,0,10,0,0,0,0,5,5,5,0.8241948145966437
75,0,10,0,0,0,0,5,10,0,0.8174950994449895
75,0,10,0,0,0,0,10,0,5,0.8245331614161089
75,0,10,0,0,0,0,10,5,0,0.8174950994449895
75,0,10,0,0,0,0,15,0,0,0.8178334462644546
75,0,10,0,0,0,5,0,0,10,0.8196691850270713
75,0,10,0,0,0,5,0,5,5,0.8393379347055608
75,0,10,0,0,0,5,0,10,0,0.8441781538212229
75,0,10,0,0,0,5,5,0,5,0.825120711683821
75,0,10,0,0,0,5,5,5,0,0.8328582453181962
75,0,10,0,0,0,5,10,0,0,0.829960930799483
75,0,10,0,0,0,10,0,0,5,0.8196691850270713
75,0,10,0,0,0,10,0,5,0,0.8441781538212229
75,0,10,0,0,0,10,5,0,0,0.829960930799483
75,0,10,0,0,0,15,0,0,0,0.8245094041427333
75,0,10,0,0,5,0,0,0,10,0.8493980720483373
75,0,10,0,0,5,0,0,5,5,0.8266244990647688
75,0,10,0,0,5,0,0,10,0,0.8225722225958425
75,0,10,0,0,5,0,5,0,5,0.8578911023324887
75,0,10,0,0,5,0,5,5,0,0.8221455341441795
75,0,10,0,0,5,0,10,0,0,0.8577759566748395
75,0,10,0,0,5,5,0,0,5,0.8346334323276828
75,0,10,0,0,5,5,0,5,0,0.8189502928349522
75,0,10,0,0,5,5,5,0,0,0.893899772465136
75,0,10,0,0,5,10,0,0,0,0.8398323043426976
75,0,10,0,0,10,0,0,0,5,0.8493980720483373
75,0,10,0,0,10,0,0,5,0,0.8225722225958425
75,0,10,0,0,10,0,5,0,0,0.8577759566748395
75,0,10,0,0,10,5,0,0,0,0.8398323043426976
75,0,10,0,0,15,0,0,0,0,0.8545969440633521
75,0,10,0,5,0,0,0,0,10,1.0500686099788916
75,0,10,0,5,0,0,0,5,5,1.036071257745409
75,0,10,0,5,0,0,0,10,0,1.036071257745409
75,0,10,0,5,0,0,5,0,5,1.0362319777331803
75,0,10,0,5,0,0,5,5,0,1.0146707544780607
75,0,10,0,5,0,0,10,0,0,1.0295322625815262
75,0,10,0,5,0,5,0,0,5,0.970611217860553
75,0,10,0,5,0,5,0,5,0,0.9959619449588497
75,0,10,0,5,0,5,5,0,0,1.0242885325939186
75,0,10,0,5,0,10,0,0,0,0.9745343732094244
75,0,10,0,5,5,0,0,0,5,1.0207547231322707
75,0,10,0,5,5,0,0,5,0,0.9882728977090466
75,0,10,0,5,5,0,5,0,0,1.050184816093471
75,0,10,0,5,5,5,0,0,0,0.9648391939034062
75,0,10,0,5,10,0,0,0,0,1.0259535951472853
75,0,10,0,10,0,0,0,0,5,1.0500686099788916
75,0,10,0,10,0,0,0,5,0,1.036071257745409
75,0,10,0,10,0,0,5,0,0,1.0295322625815262
75,0,10,0,10,0,5,0,0,0,0.9733587127523902
75,0,10,0,10,5,0,0,0,0,1.0259535951472853
75,0,10,0,15,0,0,0,0,0,1.0500686099788916
75,0,10,5,0,0,0,0,0,10,0.6010846408529782
75,0,10,5,0,0,0,0,5,5,0.6625382302586246
75,0,10,5,0,0,0,0,10,0,0.6611333924724261
75,0,10,5,0,0,0,5,0,5,0.6341777304809938
75,0,10,5,0,0,0,5,5,0,0.6797495042878599
75,0,10,5,0,0,0,10,0,0,0.6225168477009861
75,0,10,5,0,0,5,0,0,5,0.6189644408502162
75,0,10,5,0,0,5,0,5,0,0.6707780969220479
75,0,10,5,0,0,5,5,0,0,0.6894235209809686
75,0,10,5,0,0,10,0,0,0,0.6202542848859658
75,0,10,5,0,5,0,0,0,5,0.5044765473572823
75,0,10,5,0,5,0,0,5,0,0.5430345714954187
75,0,10,5,0,5,0,5,0,0,0.5665989587746103
75,0,10,5,0,5,5,0,0,0,0.5263078865637241
75,0,10,5,0,10,0,0,0,0,0.5074797587788497
75,0,10,5,5,0,0,0,0,5,0.7143256861481815
75,0,10,5,5,0,0,0,5,0,0.7347325297640218
75,0,10,5,5,0,0,5,0,0,0.7738040895260535
75,0,10,5,5,0,5,0,0,0,0.6651198702050272
75,0,10,5,5,5,0,0,0,0,0.6047495550950154
75,0,10,5,10,0,0,0,0,0,0.7091029393848899
75,0,10,10,0,0,0,0,0,5,0.6010846408529782
75,0,10,10,0,0,0,0,5,0,0.6611333924724261
75,0,10,10,0,0,0,5,0,0,0.6225168477009861
75,0,10,10,0,0,5,0,0,0,0.6202542848859658
75,0,10,10,0,5,0,0,0,0,0.5074797587788497
75,0,10,10,5,0,0,0,0,0,0.724915157318986
75,0,10,15,0,0,0,0,0,0,0.5987918751009614
75,0,15,0,0,0,0,0,0,10,0.8512986294444357
75,0,15,0,0,0,0,0,5,5,0.8635017348479278
75,0,15,0,0,0,0,0,10,0,0.8635017348479278
75,0,15,0,0,0,0,5,0,5,0.8245331614161089
75,0,15,0,0,0,0,5,5,0,0.8174950994449895
75,0,15,0,0,0,0,10,0,0,0.8178334462644546
75,0,15,0,0,0,5,0,0,5,0.8196691850270713
75,0,15,0,0,0,5,0,5,0,0.8441781538212229
75,0,15,0,0,0,5,5,0,0,0.829960930799483
75,0,15,0,0,0,10,0,0,0,0.8245094041427333
75,0,15,0,0,5,0,0,0,5,0.8493980720483373
75,0,15,0,0,5,0,0,5,0,0.8225722225958425
75,0,15,0,0,5,0,5,0,0,0.8577759566748395
75,0,15,0,0,5,5,0,0,0,0.8398323043426976
75,0,15,0,0,10,0,0,0,0,0.8545969440633521
75,0,15,0,5,0,0,0,0,5,1.0500686099788916
75,0,15,0,5,0,0,0,5,0,1.036071257745409
75,0,15,0,5,0,0,5,0,0,1.0295322625815262
75,0,15,0,5,0,5,0,0,0,0.9745343732094244
75,0,15,0,5,5,0,0,0,0,1.0259535951472853
75,0,15,0,10,0,0,0,0,0,1.0500686099788916
75,0,15,5,0,0,0,0,0,5,0.6010846408529782
75,0,15,5,0,0,0,0,5,0,0.6611333924724261
75,0,15,5,0,0,0,5,0,0,0.6225168477009861
75,0,15,5,0,0,5,0,0,0,0.6202542848859658
75,0,15,5,0,5,0,0,0,0,0.5074797587788497
75,0,15,5,5,0,0,0,0,0,0.724915157318986
75,0,15,10,0,0,0,0,0,0,0.5987918751009614
75,0,20,0,0,0,0,0,0,5,0.8512986294444357
75,0,20,0,0,0,0,0,5,0,0.8635017348479278
75,0,20,0,0,0,0,5,0,0,0.8178334462644546
75,0,20,0,0,0,5,0,0,0,0.8245094041427333
75,0,20,0,0,5,0,0,0,0,0.8545969440633521
75,0,20,0,5,0,0,0,0,0,1.0500686099788916
75,0,20,5,0,0,0,0,0,0,0.5987918751009614
75,0,25,0,0,0,0,0,0,0,0.8512986294444357
75,5,0,0,0,0,0,0,0,20,1.0836179374504589
75,5,0,0,0,0,0,0,5,15,1.074237643830658
75,5,0,0,0,0,0,0,10,10,1.074237643830658
75,5,0,0,0,0,0,0,15,5,1.074237643830658
75,5,0,0,0,0,0,0,20,0,1.0505039160712135
75,5,0,0,0,0,0,5,0,15,1.0331469602335186
75,5,0,0,0,0,0,5,5,10,1.0206262272911852
75,5,0,0,0,0,0,5,10,5,1.0206262272911852
75,5,0,0,0,0,0,5,15,0,0.9995189750208598
75,5,0,0,0,0,0,10,0,10,1.0331469602335186
75,5,0,0,0,0,0,10,5,5,1.0206262272911852
75,5,0,0,0,0,0,10,10,0,0.9995189750208598
75,5,0,0,0,0,0,15,0,5,1.0331469602335186
75,5,0,0,0,0,0,15,5,0,0.9995189750208598
75,5,0,0,0,0,0,20,0,0,1.0110266388459617
75,5,0,0,0,0,5,0,0,15,1.0613519907779498
75,5,0,0,0,0,5,0,5,10,1.0909074531875766
75,5,0,0,0,0,5,0,10,5,1.0909074531875766
75,5,0,0,0,0,5,0,15,0,1.111859127167169
75,5,0,0,0,0,5,5,0,10,1.0197685897153168
75,5,0,0,0,0,5,5,5,5,1.0465839557888927
75,5,0,0,0,0,5,5,10,0,1.0701621052576042
75,5,0,0,0,0,5,10,0,5,1.0197685897153168
75,5,0,0,0,0,5,10,5,0,1.0701621052576042
75,5,0,0,0,0,5,15,0,0,1.0502175018429554
75,5,0,0,0,0,10,0,0,10,1.0613519907779498
75,5,0,0,0,0,10,0,5,5,1.0909074531875766
75,5,0,0,0,0,10,0,10,0,1.111859127167169
75,5,0,0,0,0,10,5,0,5,1.0197685897153168
75,5,0,0,0,0,10,5,5,0,1.0701621052576042
75,5,0,0,0,0,10,10,0,0,1.0502175018429554
75,5,0,0,0,0,15,0,0,5,1.0613519907779498
75,5,0,0,0,0,15,0,5,0,1.111859127167169
75,5,0,0,0,0,15,5,0,0,1.0502175018429554
75,5,0,0,0,0,20,0,0,0,1.0911045603004916
75,5,0,0,0,5,0,0,0,15,0.980406209239109
75,5,0,0,0,5,0,0,5,10,0.9070110811953224
75,5,0,0,0,5,0,0,10,5,0.9070110811953224
75,5,0,0,0,5,0,0,15,0,0.8724209559966927
75,5,0,0,0,5,0,5,0,10,0.9412666877871768
75,5,0,0,0,5,0,5,5,5,0.8691781287618666
75,5,0,0,0,5,0,5,10,0,0.8463195940813018
75,5,0,0,0,5,0,10,0,5,0.9412666877871768
75,5,0,0,0,5,0,10,5,0,0.8463195940813018
75,5,0,0,0,5,0,15,0,0,0.9152589649420707
75,5,0,0,0,5,5,0,0,10,0.9786067418650091
75,5,0,0,0,5,5,0,5,5,0.936669366982357
75,5,0,0,0,5,5,0,10,0,0.929842838687374
75,5,0,0,0,5,5,5,0,5,0.9482218399593133
75,5,0,0,0,5,5,5,5,0,0.9117326674427157
75,5,0,0,0,5,5,10,0,0,0.9708823281595804
75,5,0,0,0,5,10,0,0,5,0.9786067418650091
75,5,0,0,0,5,10,0,5,0,0.929842838687374
75,5,0,0,0,5,10,5,0,0,0.9708823281595804
75,5,0,0,0,5,15,0,0,0,0.9910870110694513
75,5,0,0,0,10,0,0,0,10,0.980406209239109
75,5,0,0,0,10,0,0,5,5,0.9070110811953224
75,5,0,0,0,10,0,0,10,0,0.8724209559966927
75,5,0,0,0,10,0,5,0,5,0.9412666877871768
75,5,0,0,0,10,0,5,5,0,0.8463195940813018
75,5,0,0,0,10,0,10,0,0,0.9152589649420707
75,5,0,0,0,10,5,0,0,5,0.9786067418650091
75,5,0,0,0,10,5,0,5,0,0.929842838687374
75,5,0,0,0,10,5,5,0,0,0.9708823281595804
75,5,0,0,0,10,10,0,0,0,0.9910870110694513
75,5,0,0,0,15,0,0,0,5,0.980406209239109
75,5,0,0,0,15,0,0,5,0,0.8724209559966927
75,5,0,0,0,15,0,5,0,0,0.9152589649420707
75,5,0,0,0,15,5,0,0,0,0.9910870110694513
75,5,0,0,0,20,0,0,0,0,0.9426668958759384
75,5,0,0,5,0,0,0,0,15,1.0708930486578125
75,5,0,0,5,0,0,0,5,10,1.0871563664517092
75,5,0,0,5,0,0,0,10,5,1.0871563664517092
75,5,0,0,5,0,0,0,15,0,1.0290983840069756
75,5,0,0,5,0,0,5,0,10,1.0249385324288942
75,5,0,0,5,0,0,5,5,5,1.039658259387339
75,5,0,0,5,0,0,5,10,0,0.9916349627644803
75,5,0,0,5,0,0,10,0,5,1.0249385324288942
75,5,0,0,5,0,0,10,5,0,0.9916349627644803
75,5,0,0,5,0,0,15,0,0,0.9763314564361871
75,5,0,0,5,0,5,0,0,10,1.0353300245131514
75,5,0,0,5,0,5,0,5,5,1.0691031789011742
75,5,0,0,5,0,5,0,10,0,1.0658697455352635
75,5,0,0,5,0,5,5,0,5,1.0006043163515235
75,5,0,0,5,0,5,5,5,0,1.0451716940808171
75,5,0,0,5,0,5,10,0,0,1.021459415328675
75,5,0,0,5,0,10,0,0,5,1.0353300245131514
75,5,0,0,5,0,10,0,5,0,1.0658697455352635
75,5,0,0,5,0,10,5,0,0,1.021459415328675
75,5,0,0,5,0,15,0,0,0,1.0408974866901899
75,5,0,0,5,5,0,0,0,10,0.8408402050947376
75,5,0,0,5,5,0,0,5,5,0.8207269902842522
75,5,0,0,5,5,0,0,10,0,0.7836577780637244
75,5,0,0,5,5,0,5,0,5,0.8251436103855929
75,5,0,0,5,5,0,5,5,0,0.7901777126355108
75,5,0,0,5,5,0,10,0,0,0.7943916737752659
75,5,0,0,5,5,5,0,0,5,0.8351157179640645
75,5,0,0,5,5,5,0,5,0,0.8255868115050107
75,5,0,0,5,5,5,5,0,0,0.8502158836291275
75,5,0,0,5,5,10,0,0,0,0.8337213455712358
75,5,0,0,5,10,0,0,0,5,0.8408402050947376
75,5,0,0,5,10,0,0,5,0,0.7836577780637244
75,5,0,0,5,10,0,5,0,0,0.7943916737752659
75,5,0,0,5,10,5,0,0,0,0.8337213455712358
75,5,0,0,5,15,0,0,0,0,0.7888472872422948
75,5,0,0,10,0,0,0,0,10,1.0388939741892473
75,5,0,0,10,0,0,0,5,5,1.066180887601152
75,5,0,0,10,0,0,0,10,0,1.0105617752534577
75,5,0,0,10,0,0,5,0,5,0.995887065270385
75,5,0,0,10,0,0,5,5,0,0.9792518108711837
75,5,0,0,10,0,0,10,0,0,0.9554220632939463
75,5,0,0,10,0,5,0,0,5,0.9830157925511317
75,5,0,0,10,0,5,0,5,0,1.0253170237334328
75,5,0,0,10,0,5,5,0,0,0.9848565653013484
75,5,0,0,10,0,10,0,0,0,0.9905468578319399
75,5,0,0,10,5,0,0,0,5,0.8143756618540233
75,5,0,0,10,5,0,0,5,0,0.7726693317463819
75,5,0,0,10,5,0,5,0,0,0.7816242280599599
75,5,0,0,10,5,5,0,0,0,0.7972166782308843
75,5,0,0,10,10,0,0,0,0,0.7697243683449748
75,5,0,0,15,0,0,0,0,5,1.0363966198201835
75,5,0,0,15,0,0,0,5,0,1.0080644208843936
75,5,0,0,15,0,0,5,0,0,0.9510946322499695
75,5,0,0,15,0,5,0,0,0,0.9905468578319399
75,5,0,0,15,5,0,0,0,0,0.7747643454287219
75,5,0,0,20,0,0,0,0,0,0.9814194166642289
75,5,0,5,0,0,0,0,0,15,0.8599563484114252
75,5,0,5,0,0,0,0,5,10,0.9580415216108
75,5,0,5,0,0,0,0,10,5,0.9580415216108
75,5,0,5,0,0,0,0,15,0,0.9330621993702706
75,5,0,5,0,0,0,5,0,10,0.8443384426928532
75,5,0,5,0,0,0,5,5,5,0.9256362600687562
75,5,0,5,0,0,0,5,10,0,0.9121856157720181
75,5,0,5,0,0,0,10,0,5,0.8443384426928532
75,5,0,5,0,0,0,10,5,0,0.9121856157720181
75,5,0,5,0,0,0,15,0,0,0.8241090611189871
75,5,0,5,0,0,5,0,0,10,0.9035051562708744
75,5,0,5,0,0,5,0,5,5,1.021313567296912
75,5,0,5,0,0,5,0,10,0,1.0526221161934286
75,5,0,5,0,0,5,5,0,5,0.8912584615544569
75,5,0,5,0,0,5,5,5,0,1.035553949397695
75,5,0,5,0,0,5,10,0,0,0.9433894316576041
75,5,0,5,0,0,10,0,0,5,0.9035051562708744
75,5,0,5,0,0,10,0,5,0,1.0526221161934286
75,5,0,5,0,0,10,5,0,0,0.9433894316576041
75,5,0,5,0,0,15,0,0,0,0.9516026104443033
75,5,0,5,0,5,0,0,0,10,0.7267312066660346
75,5,0,5,0,5,0,0,5,5,0.728478121358476
75,5,0,5,0,5,0,0,10,0,0.6969983406406172
75,5,0,5,0,5,0,5,0,5,0.7366208700114989
75,5,0,5,0,5,0,5,5,0,0.7060708705624344
75,5,0,5,0,5,0,10,0,0,0.7166104120307928
75,5,0,5,0,5,5,0,0,5,0.7172298357017689
75,5,0,5,0,5,5,0,5,0,0.7489634147231048
75,5,0,5,0,5,5,5,0,0,0.7924724955047102
75,5,0,5,0,5,10,0,0,0,0.7509725496229808
75,5,0,5,0,10,0,0,0,5,0.7267312066660346
75,5,0,5,0,10,0,0,5,0,0.6969983406406172
75,5,0,5,0,10,0,5,0,0,0.7166104120307928
75,5,0,5,0,10,5,0,0,0,0.7509725496229808
75,5,0,5,0,15,0,0,0,0,0.6927235382318987
75,5,0,5,5,0,0,0,0,10,0.8178464847728955
75,5,0,5,5,0,0,0,5,5,0.9076009318619366
75,5,0,5,5,0,0,0,10,0,0.8395886604809624
75,5,0,5,5,0,0,5,0,5,0.8150429748967392
75,5,0,5,5,0,0,5,5,0,0.8459102870027202
75,5,0,5,5,0,0,10,0,0,0.7647316697490126
75,5,0,5,5,0,5,0,0,5,0.8262250261448595
75,5,0,5,5,0,5,0,5,0,0.9119259308716404
75,5,0,5,5,0,5,5,0,0,0.8561037822296983
75,5,0,5,5,0,10,0,0,0,0.8379517252510819
75,5,0,5,5,5,0,0,0,5,0.60882871696825
75,5,0,5,5,5,0,0,5,0,0.6114552072622927
75,5,0,5,5,5,0,5,0,0,0.6115126065793379
75,5,0,5,5,5,5,0,0,0,0.6099607800588653
75,5,0,5,5,10,0,0,0,0,0.549431285191586
75,5,0,5,10,0,0,0,0,5,0.8026755775161711
75,5,0,5,10,0,0,0,5,0,0.8389948127018934
75,5,0,5,10,0,0,5,0,0,0.7661312768639554
75,5,0,5,10,0,5,0,0,0,0.7829675015953714
75,5,0,5,10,5,0,0,0,0,0.5439329230680702
75,5,0,5,15,0,0,0,0,0,0.7399512666594765
75,5,0,10,0,0,0,0,0,10,0.8993225016117896
75,5,0,10,0,0,0,0,5,5,0.9986787329898392
75,5,0,10,0,0,0,0,10,0,0.9736412809274181
75,5,0,10,0,0,0,5,0,5,0.8816409365803382
75,5,0,10,0,0,0,5,5,0,0.9507010380162869
75,5,0,10,0,0,0,10,0,0,0.861353425184581
75,5,0,10,0,0,5,0,0,5,0.942871309471239
75,5,0,10,0,0,5,0,5,0,1.0932011977505764
75,5,0,10,0,0,5,5,0,0,0.9806337957231979
75,5,0,10,0,0,10,0,0,0,0.9909106338227762
75,5,0,10,0,5,0,0,0,5,0.7704992254384078
75,5,0,10,0,5,0,0,5,0,0.7401829344932748
75,5,0,10,0,5,0,5,0,0,0.7577313465705713
75,5,0,10,0,5,5,0,0,0,0.7941571434756386
75,5,0,10,0,10,0,0,0,0,0.7359081320845564
75,5,0,10,5,0,0,0,0,5,0.8445971095851655
75,5,0,10,5,0,0,0,5,0,0.8719071145793378
75,5,0,10,5,0,0,5,0,0,0.7949864645345087
75,5,0,10,5,0,5,0,0,0,0.8702701793494575
75,5,0,10,5,5,0,0,0,0,0.581330753914316
75,5,0,10,10,0,0,0,0,0,0.7733739721719222
75,5,0,15,0,0,0,0,0,5,0.8993225016117896
75,5,0,15,0,0,0,0,5,0,0.9736412809274181
75,5,0,15,0,0,0,5,0,0,0.861353425184581
75,5,0,15,0,0,5,0,0,0,0.9909106338227762
75,5,0,15,0,5,0,0,0,0,0.7359081320845564
75,5,0,15,5,0,0,0,0,0,0.7814733081101675
75,5,0,20,0,0,0,0,0,0,0.8722549313462641
75,5,5,0,0,0,0,0,0,15,1.0729257314402505
75,5,5,0,0,0,0,0,5,10,1.0792061617420652
75,5,5,0,0,0,0,0,10,5,1.0792061617420652
75,5,5,0,0,0,0,0,15,0,1.0792061617420652
75,5,5,0,0,0,0,5,0,10,1.013409814699884
75,5,5,0,0,0,0,5,5,5,1.0171628433884619
75,5,5,0,0,0,0,5,10,0,1.014890615489894
75,5,5,0,0,0,0,10,0,5,1.013409814699884
75,5,5,0,0,0,0,10,5,0,1.014890615489894
75,5,5,0,0,0,0,15,0,0,1.0111375868013162
75,5,5,0,0,0,5,0,0,10,1.0389281075442038
75,5,5,0,0,0,5,0,5,5,1.0492970680532914
75,5,5,0,0,0,5,0,10,0,1.0541372871689534
75,5,5,0,0,0,5,5,0,5,0.9973651992275684
75,5,5,0,0,0,5,5,5,0,1.0071247905139054
75,5,5,0,0,0,5,10,0,0,1.0022054183432305
75,5,5,0,0,0,10,0,0,5,1.0389281075442038
75,5,5,0,0,0,10,0,5,0,1.0541372871689534
75,5,5,0,0,0,10,5,0,0,1.0022054183432305
75,5,5,0,0,0,15,0,0,0,1.0437683266598659
75,5,5,0,0,5,0,0,0,10,1.0306021744085312
75,5,5,0,0,5,0,0,5,5,0.9971730296444696
75,5,5,0,0,5,0,0,10,0,0.9893686453339448
75,5,5,0,0,5,0,5,0,5,1.0168192131467055
75,5,5,0,0,5,0,5,5,0,0.9722211218793255
75,5,5,0,0,5,0,10,0,0,1.017569634715025
75,5,5,0,0,5,5,0,0,5,0.9966721973927969
75,5,5,0,0,5,5,0,5,0,0.9792414075186434
75,5,5,0,0,5,5,5,0,0,1.0232330736037227
75,5,5,0,0,5,10,0,0,0,0.9975936664683894
75,5,5,0,0,10,0,0,0,5,1.0306021744085312
75,5,5,0,0,10,0,0,5,0,0.9893686453339448
75,5,5,0,0,10,0,5,0,0,1.017569634715025
75,5,5,0,0,10,5,0,0,0,0.9975936664683894
75,5,5,0,0,15,0,0,0,0,1.0320489385819478
75,5,5,0,5,0,0,0,0,10,1.1826725451099498
75,5,5,0,5,0,0,0,5,5,1.1566801793594026
75,5,5,0,5,0,0,0,10,0,1.1566801793594026
75,5,5,0,5,0,0,5,0,5,1.1370409705677522
75,5,5,0,5,0,0,5,5,0,1.1102302604761634
75,5,5,0,5,0,0,10,0,0,1.1347687426691844
75,5,5,0,5,0,5,0,0,5,1.0970073502455153
75,5,5,0,5,0,5,0,5,0,1.1092267328671779
75,5,5,0,5,0,5,5,0,0,1.0914837027411042
75,5,5,0,5,0,10,0,0,0,1.1009305055943868
75,5,5,0,5,5,0,0,0,5,1.1282657914670389
75,5,5,0,5,5,0,0,5,0,1.0824011283469595
75,5,5,0,5,5,0,5,0,0,1.1315648020861662
75,5,5,0,5,5,5,0,0,0,1.044859175711583
75,5,5,0,5,10,0,0,0,0,1.1297125556404553
75,5,5,0,10,0,0,0,0,5,1.1826725451099498
75,5,5,0,10,0,0,0,5,0,1.1566801793594026
75,5,5,0,10,0,0,5,0,0,1.1347687426691844
75,5,5,0,10,0,5,0,0,0,1.0997548451373524
75,5,5,0,10,5,0,0,0,0,1.1297125556404553
75,5,5,0,15,0,0,0,0,0,1.1826725451099498
75,5,5,5,0,0,0,0,0,10,0.9193993651889802
75,5,5,5,0,0,0,0,5,5,0.9758823629329284
75,5,5,5,0,0,0,0,10,0,0.9750568992077767
75,5,5,5,0,0,0,5,0,5,0.873537682825737
75,5,5,5,0,0,0,5,5,0,0.9203539950035403
75,5,5,5,0,0,0,10,0,0,0.8695811281471448
75,5,5,5,0,0,5,0,0,5,0.9128876603705993
75,5,5,5,0,0,5,0,5,0,0.9565169095063424
75,5,5,5,0,0,5,5,0,0,0.8962498211443477
75,5,5,5,0,0,10,0,0,0,0.9165038112681397
75,5,5,5,0,5,0,0,0,5,0.8096219392044357
75,5,5,5,0,5,0,0,5,0,0.8256516529245727
75,5,5,5,0,5,0,5,0,0,0.8049240209668532
75,5,5,5,0,5,5,0,0,0,0.782463788628604
75,5,5,5,0,10,0,0,0,0,0.8116345576980932
75,5,5,5,5,0,0,0,0,5,0.9521469715485205
75,5,5,5,5,0,0,0,5,0,0.9646626860556583
75,5,5,5,5,0,0,5,0,0,0.9064638903383543
75,5,5,5,5,0,5,0,0,0,0.8807193359753513
75,5,5,5,5,5,0,0,0,0,0.8272482307516019
75,5,5,5,10,0,0,0,0,0,0.9385401119635239
75,5,5,10,0,0,0,0,0,5,0.9193993651889802
75,5,5,10,0,0,0,0,5,0,0.9750568992077767
75,5,5,10,0,0,0,5,0,0,0.8695811281471448
75,5,5,10,0,0,5,0,0,0,0.9165038112681397
75,5,5,10,0,5,0,0,0,0,0.8116345576980932
75,5,5,10,5,0,0,0,0,0,0.9550111514243007
75,5,5,15,0,0,0,0,0,0,0.9176859734980103
75,5,10,0,0,0,0,0,0,10,1.0703742981079636
75,5,10,0,0,0,0,0,5,5,1.076654728409778
75,5,10,0,0,0,0,0,10,0,1.076654728409778
75,5,10,0,0,0,0,5,0,5,1.010858381367597
75,5,10,0,0,0,0,5,5,0,1.012339182157607
75,5,10,0,0,0,0,10,0,0,1.008586153469029
75,5,10,0,0,0,5,0,0,5,1.0357299835602127
75,5,10,0,0,0,5,0,5,0,1.0515858538366667
75,5,10,0,0,0,5,5,0,0,0.9996539850109436
75,5,10,0,0,0,10,0,0,0,1.0405702026758747
75,5,10,0,0,5,0,0,0,5,1.0306021744085312
75,5,10,0,0,5,0,0,5,0,0.9893686453339448
75,5,10,0,0,5,0,5,0,0,1.017569634715025
75,5,10,0,0,5,5,0,0,0,0.9975936664683894
75,5,10,0,0,10,0,0,0,0,1.0320489385819478
75,5,10,0,5,0,0,0,0,5,1.1826725451099498
75,5,10,0,5,0,0,0,5,0,1.1566801793594026
75,5,10,0,5,0,0,5,0,0,1.1347687426691844
75,5,10,0,5,0,5,0,0,0,1.1002838149426823
75,5,10,0,5,5,0,0,0,0,1.1297125556404553
75,5,10,0,10,0,0,0,0,0,1.1826725451099498
75,5,10,5,0,0,0,0,0,5,0.9142964985244063
75,5,10,5,0,0,0,0,5,0,0.9699540325432028
75,5,10,5,0,0,0,5,0,0,0.8644782614825709
75,5,10,5,0,0,5,0,0,0,0.9107542539518617
75,5,10,5,0,5,0,0,0,0,0.8090831243658062
75,5,10,5,5,0,0,0,0,0,0.9550111514243007
75,5,10,10,0,0,0,0,0,0,0.9125831068334364
75,5,15,0,0,0,0,0,0,5,1.0703742981079636
75,5,15,0,0,0,0,0,5,0,1.076654728409778
75,5,15,0,0,0,0,5,0,0,1.008586153469029
75,5,15,0,0,0,5,0,0,0,1.0405702026758747
75,5,15,0,0,5,0,0,0,0,1.0320489385819478
75,5,15,0,5,0,0,0,0,0,1.1826725451099498
75,5,15,5,0,0,0,0,0,0,0.9125831068334364
75,5,20,0,0,0,0,0,0,0,1.0703742981079636
75,10,0,0,0,0,0,0,0,15,1.7684126922268097
75,10,0,0,0,0,0,0,5,10,1.8028817584786236
75,10,0,0,0,0,0,0,10,5,1.8028817584786236
75,10,0,0,0,0,0,0,15,0,1.7986759038304319
75,10,0,0,0,0,0,5,0,10,1.7612575759268168
75,10,0,0,0,0,0,5,5,5,1.7984364978420073
75,10,0,0,0,0,0,5,10,0,1.7963318235851105
75,10,0,0,0,0,0,10,0,5,1.7612575759268168
75,10,0,0,0,0,0,10,5,0,1.7963318235851105
75,10,0,0,0,0,0,15,0,0,1.75915290166992
75,10,0,0,0,0,5,0,0,10,1.7020920594257567
75,10,0,0,0,0,5,0,5,5,1.7367487310696503
75,10,0,0,0,0,5,0,10,0,1.7325428764214588
75,10,0,0,0,0,5,5,0,5,1.6957248857724991
75,10,0,0,0,0,5,5,5,0,1.730986738822873
75,10,0,0,0,0,5,10,0,0,1.6936202115156027
75,10,0,0,0,0,10,0,0,5,1.7020920594257567
75,10,0,0,0,0,10,0,5,0,1.7325428764214588
75,10,0,0,0,0,10,5,0,0,1.6936202115156027
75,10,0,0,0,0,15,0,0,0,1.697886204777565
75,10,0,0,0,5,0,0,0,10,1.7525601631853898
75,10,0,0,0,5,0,0,5,5,1.7757334792425608
75,10,0,0,0,5,0,0,10,0,1.771527624594369
75,10,0,0,0,5,0,5,0,5,1.7747465302066965
75,10,0,0,0,5,0,5,5,0,1.7982142576083122
75,10,0,0,0,5,0,10,0,0,1.7711200496195516
75,10,0,0,0,5,5,0,0,5,1.686239530384337
75,10,0,0,0,5,5,0,5,0,1.7053945971853957
75,10,0,0,0,5,5,5,0,0,1.7117617795190647
75,10,0,0,0,5,10,0,0,0,1.6925395776926209
75,10,0,0,0,10,0,0,0,5,1.7525601631853898
75,10,0,0,0,10,0,0,5,0,1.771527624594369
75,10,0,0,0,10,0,5,0,0,1.7711200496195516
75,10,0,0,0,10,5,0,0,0,1.6925395776926209
75,10,0,0,0,15,0,0,0,0,1.7468325022069495
75,10,0,0,5,0,0,0,0,10,1.7694256043732686
75,10,0,0,5,0,0,0,5,5,1.7974618901810977
75,10,0,0,5,0,0,0,10,0,1.793256035532906
75,10,0,0,5,0,0,5,0,5,1.7769787508123414
75,10,0,0,5,0,0,5,5,0,1.802910362363274
75,10,0,0,5,0,0,10,0,0,1.7748740765554447
75,10,0,0,5,0,5,0,0,5,1.6814703177575583
75,10,0,0,5,0,5,0,5,0,1.7064263812696754
75,10,0,0,5,0,5,5,0,0,1.6877067325864707
75,10,0,0,5,0,10,0,0,0,1.6772644631093667
75,10,0,0,5,5,0,0,0,5,1.750140195407613
75,10,0,0,5,5,0,0,5,0,1.7716193056531822
75,10,0,0,5,5,0,5,0,0,1.7834083445808406
75,10,0,0,5,5,5,0,0,0,1.6694454957076363
75,10,0,0,5,10,0,0,0,0,1.7444125344291728
75,10,0,0,10,0,0,0,0,5,1.7694256043732686
75,10,0,0,10,0,0,0,5,0,1.793256035532906
75,10,0,0,10,0,0,5,0,0,1.7748740765554447
75,10,0,0,10,0,5,0,0,0,1.6772644631093667
75,10,0,0,10,5,0,0,0,0,1.7444125344291728
75,10,0,0,15,0,0,0,0,0,1.760095919866894
75,10,0,5,0,0,0,0,0,10,2.494411814476664
75,10,0,5,0,0,0,0,5,5,2.57015406698606
75,10,0,5,0,0,0,0,10,0,2.5659482123378683
75,10,0,5,0,0,0,5,0,5,2.447125702156374
75,10,0,5,0,0,0,5,5,0,2.531529686334882
75,10,0,5,0,0,0,10,0,0,2.4450210278994775
75,10,0,5,0,0,5,0,0,5,2.42404442450162
75,10,0,5,0,0,5,0,5,0,2.495768427754905
75,10,0,5,0,0,5,5,0,0,2.3761544810610733
75,10,0,5,0,0,10,0,0,0,2.4198385698534284
75,10,0,5,0,5,0,0,0,5,2.451424937777284
75,10,0,5,0,5,0,0,5,0,2.511665585443845
75,10,0,5,0,5,0,5,0,0,2.429853828191149
75,10,0,5,0,5,5,0,0,0,2.387357595110524
75,10,0,5,0,10,0,0,0,0,2.4456972767988434
75,10,0,5,5,0,0,0,0,5,2.4162772372008177
75,10,0,5,5,0,0,0,5,0,2.4813808546180374
75,10,0,5,5,0,0,5,0,0,2.3735401885293994
75,10,0,5,5,0,5,0,0,0,2.343814290776597
75,10,0,5,5,5,0,0,0,0,2.364105879024032
75,10,0,5,10,0,0,0,0,0,2.4120713825526257
75,10,0,10,0,0,0,0,0,5,2.494411814476664
75,10,0,10,0,0,0,0,5,0,2.5659482123378683
75,10,0,10,0,0,0,5,0,0,2.4450210278994775
75,10,0,10,0,0,5,0,0,0,2.4198385698534284
75,10,0,10,0,5,0,0,0,0,2.4456972767988434
75,10,0,10,5,0,0,0,0,0,2.4120713825526257
75,10,0,15,0,0,0,0,0,0,2.490205959828472
75,10,5,0,0,0,0,0,0,10,2.3769789414753366
75,10,5,0,0,0,0,0,5,5,2.4084163045911393
75,10,5,0,0,0,0,0,10,0,2.4084163045911393
75,10,5,0,0,0,0,5,0,5,2.2950822782249514
75,10,5,0,0,0,0,5,5,0,2.3282214306973543
75,10,5,0,0,0,0,10,0,0,2.2950822782249514
75,10,5,0,0,0,5,0,0,5,2.2972849781980487
75,10,5,0,0,0,5,0,5,0,2.3284146684708404
75,10,5,0,0,0,5,5,0,0,2.2195209937274814
75,10,5,0,0,0,10,0,0,0,2.2972849781980487
75,10,5,0,0,5,0,0,0,5,2.331775738727013
75,10,5,0,0,5,0,0,5,0,2.3397229404000974
75,10,5,0,0,5,0,5,0,0,2.2873896722958076
75,10,5,0,0,5,5,0,0,0,2.2411465837458664
75,10,5,0,0,10,0,0,0,0,2.331775738727013
75,10,5,0,5,0,0,0,0,5,2.3301779686695863
75,10,5,0,5,0,0,0,5,0,2.354994945949324
75,10,5,0,5,0,0,5,0,0,2.259981628371919
75,10,5,0,5,0,5,0,0,0,2.2299974965771705
75,10,5,0,5,5,0,0,0,0,2.2813767932519964
75,10,5,0,10,0,0,0,0,0,2.3301779686695863
75,10,5,5,0,0,0,0,0,5,3.0993244525121186
75,10,5,5,0,0,0,0,5,0,3.164280645679534
75,10,5,5,0,0,0,5,0,0,2.9951673081642487
75,10,5,5,0,0,5,0,0,0,3.0243261433317645
75,10,5,5,0,5,0,0,0,0,3.0530926101585565
75,10,5,5,5,0,0,0,0,0,2.9817056696924107
75,10,5,10,0,0,0,0,0,0,3.0993244525121186
75,10,10,0,0,0,0,0,0,5,2.3769789414753366
75,10,10,0,0,0,0,0,5,0,2.4084163045911393
75,10,10,0,0,0,0,5,0,0,2.2950822782249514
75,10,10,0,0,0,5,0,0,0,2.2972849781980487
75,10,10,0,0,5,0,0,0,0,2.331775738727013
75,10,10,0,5,0,0,0,0,0,2.3301779686695863
75,10,10,5,0,0,0,0,0,0,3.0993244525121186
75,10,15,0,0,0,0,0,0,0,2.3769789414753366
75,15,0,0,0,0,0,0,0,10,1.7684126922268097
75,15,0,0,0,0,0,0,5,5,1.8028817584786236
75,15,0,0,0,0,0,0,10,0,1.7986759038304319
75,15,0,0,0,0,0,5,0,5,1.7612575759268168
75,15,0,0,0,0,0,5,5,0,1.7963318235851105
75,15,0,0,0,0,0,10,0,0,1.75915290166992
75,15,0,0,0,0,5,0,0,5,1.7020920594257567
75,15,0,0,0,0,5,0,5,0,1.7325428764214588
75,15,0,0,0,0,5,5,0,0,1.6936202115156027
75,15,0,0,0,0,10,0,0,0,1.697886204777565
75,15,0,0,0,5,0,0,0,5,1.7525601631853898
75,15,0,0,0,5,0,0,5,0,1.771527624594369
75,15,0,0,0,5,0,5,0,0,1.7711200496195516
75,15,0,0,0,5,5,0,0,0,1.6925395776926209
75,15,0,0,0,10,0,0,0,0,1.7468325022069495
75,15,0,0,5,0,0,0,0,5,1.7694256043732686
75,15,0,0,5,0,0,0,5,0,1.793256035532906
75,15,0,0,5,0,0,5,0,0,1.7748740765554447
75,15,0,0,5,0,5,0,0,0,1.6772644631093667
75,15,0,0,5,5,0,0,0,0,1.7444125344291728
75,15,0,0,10,0,0,0,0,0,1.7652197497250768
75,15,0,5,0,0,0,0,0,5,2.494411814476664
75,15,0,5,0,0,0,0,5,0,2.5659482123378683
75,15,0,5,0,0,0,5,0,0,2.4450210278994775
75,15,0,5,0,0,5,0,0,0,2.4198385698534284
75,15,0,5,0,5,0,0,0,0,2.4456972767988434
75,15,0,5,5,0,0,0,0,0,2.4120713825526257
75,15,0,10,0,0,0,0,0,0,2.490205959828472
75,15,5,0,0,0,0,0,0,5,2.3769789414753366
75,15,5,0,0,0,0,0,5,0,2.4084163045911393
75,15,5,0,0,0,0,5,0,0,2.2950822782249514
75,15,5,0,0,0,5,0,0,0,2.2972849781980487
75,15,5,0,0,5,0,0,0,0,2.331775738727013
75,15,5,0,5,0,0,0,0,0,2.3301779686695863
75,15,5,5,0,0,0,0,0,0,3.0993244525121186
75,15,10,0,0,0,0,0,0,0,2.3769789414753366
75,20,0,0,0,0,0,0,0,5,1.7684126922268097
75,20,0,0,0,0,0,0,5,0,1.7986759038304319
75,20,0,0,0,0,0,5,0,0,1.75915290166992
75,20,0,0,0,0,5,0,0,0,1.697886204777565
75,20,0,0,0,5,0,0,0,0,1.7468325022069495
75,20,0,0,5,0,0,0,0,0,1.7652197497250768
75,20,0,5,0,0,0,0,0,0,2.490205959828472
75,20,5,0,0,0,0,0,0,0,2.3769789414753366
75,25,0,0,0,0,0,0,0,0,1.7642068375786182
80,0,0,0,0,0,0,0,0,20,1.1421097320645943
80,0,0,0,0,0,0,0,5,15,1.1270001754185224
80,0,0,0,0,0,0,0,10,10,1.1270001754185224
80,0,0,0,0,0,0,0,15,5,1.1270001754185224
80,0,0,0,0,0,0,0,20,0,1.1125210900086207
80,0,0,0,0,0,0,5,0,15,1.0885817539045057
80,0,0,0,0,0,0,5,5,10,1.082405007771042
80,0,0,0,0,0,0,5,10,5,1.082405007771042
80,0,0,0,0,0,0,5,15,0,1.0703772994843181
80,0,0,0,0,0,0,10,0,10,1.0885817539045057
80,0,0,0,0,0,0,10,5,5,1.082405007771042
80,0,0,0,0,0,0,10,10,0,1.0703772994843181
80,0,0,0,0,0,0,15,0,5,1.0885817539045057
80,0,0,0,0,0,0,15,5,0,1.0703772994843181
80,0,0,0,0,0,0,20,0,0,1.0759702662479331
80,0,0,0,0,0,5,0,0,15,1.1579111186856796
80,0,0,0,0,0,5,0,5,10,1.1745071446440651
80,0,0,0,0,0,5,0,10,5,1.1745071446440651
80,0,0,0,0,0,5,0,15,0,1.19107538445859
80,0,0,0,0,0,5,5,0,10,1.0870907498818607
80,0,0,0,0,0,5,5,5,5,1.1153542458534942
80,0,0,0,0,0,5,5,10,0,1.134373862791197
80,0,0,0,0,0,5,10,0,5,1.0870907498818607
80,0,0,0,0,0,5,10,5,0,1.134373862791197
80,0,0,0,0,0,5,15,0,0,1.1134104192258736
80,0,0,0,0,0,10,0,0,10,1.1579111186856796
80,0,0,0,0,0,10,0,5,5,1.1745071446440651
80,0,0,0,0,0,10,0,10,0,1.19107538445859
80,0,0,0,0,0,10,5,0,5,1.0870907498818607
80,0,0,0,0,0,10,5,5,0,1.134373862791197
80,0,0,0,0,0,10,10,0,0,1.1134104192258736
80,0,0,0,0,0,15,0,0,5,1.1579111186856796
80,0,0,0,0,0,15,0,5,0,1.19107538445859
80,0,0,0,0,0,15,5,0,0,1.1134104192258736
80,0,0,0,0,0,20,0,0,0,1.1832802540431537
80,0,0,0,0,5,0,0,0,15,1.035041808619468
80,0,0,0,0,5,0,0,5,10,0.9523875231769046
80,0,0,0,0,5,0,0,10,5,0.9523875231769046
80,0,0,0,0,5,0,0,15,0,0.9307467945209806
80,0,0,0,0,5,0,5,0,10,1.0222102807293982
80,0,0,0,0,5,0,5,5,5,0.946145084020042
80,0,0,0,0,5,0,5,10,0,0.9323370106896266
80,0,0,0,0,5,0,10,0,5,1.0222102807293982
80,0,0,0,0,5,0,10,5,0,0.9323370106896266
80,0,0,0,0,5,0,15,0,0,1.0067748255646896
80,0,0,0,0,5,5,0,0,10,1.0852336507723634
80,0,0,0,0,5,5,0,5,5,1.0311280683443007
80,0,0,0,0,5,5,0,10,0,1.0252428593451002
80,0,0,0,0,5,5,5,0,5,1.0470719172893375
80,0,0,0,0,5,5,5,5,0,1.003998358001396
80,0,0,0,0,5,5,10,0,0,1.061963180823903
80,0,0,0,0,5,10,0,0,5,1.0852336507723634
80,0,0,0,0,5,10,0,5,0,1.0252428593451002
80,0,0,0,0,5,10,5,0,0,1.061963180823903
80,0,0,0,0,5,15,0,0,0,1.0881493373161124
80,0,0,0,0,10,0,0,0,10,1.035041808619468
80,0,0,0,0,10,0,0,5,5,0.9523875231769046
80,0,0,0,0,10,0,0,10,0,0.9307467945209806
80,0,0,0,0,10,0,5,0,5,1.0222102807293982
80,0,0,0,0,10,0,5,5,0,0.9323370106896266
80,0,0,0,0,10,0,10,0,0,1.0067748255646896
80,0,0,0,0,10,5,0,0,5,1.0852336507723634
80,0,0,0,0,10,5,0,5,0,1.0252428593451002
80,0,0,0,0,10,5,5,0,0,1.061963180823903
80,0,0,0,0,10,10,0,0,0,1.0881493373161124
80,0,0,0,0,15,0,0,0,5,1.035041808619468
80,0,0,0,0,15,0,0,5,0,0.9307467945209806
80,0,0,0,0,15,0,5,0,0,1.0067748255646896
80,0,0,0,0,15,5,0,0,0,1.0881493373161124
80,0,0,0,0,20,0,0,0,0,1.0117736981292507
80,0,0,0,5,0,0,0,0,15,1.0709233027851246
80,0,0,0,5,0,0,0,5,10,1.0967119935987002
80,0,0,0,5,0,0,0,10,5,1.0967119935987002
80,0,0,0,5,0,0,0,15,0,1.0423349251544685
80,0,0,0,5,0,0,5,0,10,1.0327818015327288
80,0,0,0,5,0,0,5,5,5,1.0629444032188375
80,0,0,0,5,0,0,5,10,0,1.0186020205964805
80,0,0,0,5,0,0,10,0,5,1.0327818015327288
80,0,0,0,5,0,0,10,5,0,1.0186020205964805
80,0,0,0,5,0,0,15,0,0,0.987855639540523
80,0,0,0,5,0,5,0,0,10,1.0608440221378017
80,0,0,0,5,0,5,0,5,5,1.1032372060034568
80,0,0,0,5,0,5,0,10,0,1.100402427766249
80,0,0,0,5,0,5,5,0,5,1.0110282840157774
80,0,0,0,5,0,5,5,5,0,1.070531848059391
80,0,0,0,5,0,5,10,0,0,1.0322820381216318
80,0,0,0,5,0,10,0,0,5,1.0608440221378017
80,0,0,0,5,0,10,0,5,0,1.100402427766249
80,0,0,0,5,0,10,5,0,0,1.0322820381216318
80,0,0,0,5,0,15,0,0,0,1.0668101394435434
80,0,0,0,5,5,0,0,0,10,0.8317267182429865
80,0,0,0,5,5,0,0,5,5,0.8086884094149611
80,0,0,0,5,5,0,0,10,0,0.7783355435803714
80,0,0,0,5,5,0,5,0,5,0.843058828147478
80,0,0,0,5,5,0,5,5,0,0.8055338704500602
80,0,0,0,5,5,0,10,0,0,0.825209871388141
80,0,0,0,5,5,5,0,0,5,0.8449812070314138
80,0,0,0,5,5,5,0,5,0,0.8259511692597868
80,0,0,0,5,5,5,5,0,0,0.8662111538291112
80,0,0,0,5,5,10,0,0,0,0.838425378379661
80,0,0,0,5,10,0,0,0,5,0.8317267182429865
80,0,0,0,5,10,0,0,5,0,0.7783355435803714
80,0,0,0,5,10,0,5,0,0,0.825209871388141
80,0,0,0,5,10,5,0,0,0,0.838425378379661
80,0,0,0,5,15,0,0,0,0,0.7989870925572677
80,0,0,0,10,0,0,0,0,10,1.0401293992789928
80,0,0,0,10,0,0,0,5,5,1.0688281763242082
80,0,0,0,10,0,0,0,10,0,1.0168899779770153
80,0,0,0,10,0,0,5,0,5,1.0049355053366527
80,0,0,0,10,0,0,5,5,0,0.9993105302792489
80,0,0,0,10,0,0,10,0,0,0.9681514173607156
80,0,0,0,10,0,5,0,0,5,1.0033753214143575
80,0,0,0,10,0,5,0,5,0,1.0465817278166254
80,0,0,0,10,0,5,5,0,0,0.9905247193328808
80,0,0,0,10,0,10,0,0,0,1.011305041823869
80,0,0,0,10,5,0,0,0,5,0.8127844170065432
80,0,0,0,10,5,0,0,5,0,0.7648547619078551
80,0,0,0,10,5,0,5,0,0,0.8235666912050408
80,0,0,0,10,5,5,0,0,0,0.818735785642231
80,0,0,0,10,10,0,0,0,0,0.7842346450772762
80,0,0,0,15,0,0,0,0,5,1.037632044909929
80,0,0,0,15,0,0,0,5,0,1.0143926236079515
80,0,0,0,15,0,0,5,0,0,0.9638239863167386
80,0,0,0,15,0,5,0,0,0,1.011305041823869
80,0,0,0,15,5,0,0,0,0,0.7892746221610233
80,0,0,0,20,0,0,0,0,0,0.986335755754476
80,0,0,5,0,0,0,0,0,15,0.8450197888744859
80,0,0,5,0,0,0,0,5,10,0.9558343653741427
80,0,0,5,0,0,0,0,10,5,0.9558343653741427
80,0,0,5,0,0,0,0,15,0,0.9295012016071912
80,0,0,5,0,0,0,5,0,10,0.8331354791020121
80,0,0,5,0,0,0,5,5,5,0.9408526491163128
80,0,0,5,0,0,0,5,10,0,0.9169708624725392
80,0,0,5,0,0,0,10,0,5,0.8331354791020121
80,0,0,5,0,0,0,10,5,0,0.9169708624725392
80,0,0,5,0,0,0,15,0,0,0.804255003751469
80,0,0,5,0,0,5,0,0,10,0.906044342555345
80,0,0,5,0,0,5,0,5,5,1.0325297431954656
80,0,0,5,0,0,5,0,10,0,1.0434433387590483
80,0,0,5,0,0,5,5,0,5,0.8749984240423448
80,0,0,5,0,0,5,5,5,0,1.0186786992334425
80,0,0,5,0,0,5,10,0,0,0.9039306643030973
80,0,0,5,0,0,10,0,0,5,0.906044342555345
80,0,0,5,0,0,10,0,5,0,1.0434433387590483
80,0,0,5,0,0,10,5,0,0,0.9039306643030973
80,0,0,5,0,0,15,0,0,0,0.9350976022188155
80,0,0,5,0,5,0,0,0,10,0.6673017004315568
80,0,0,5,0,5,0,0,5,5,0.6688674885289803
80,0,0,5,0,5,0,0,10,0,0.646168561055666
80,0,0,5,0,5,0,5,0,5,0.6995361795063686
80,0,0,5,0,5,0,5,5,0,0.6744648188425143
80,0,0,5,0,5,0,10,0,0,0.6820085528912573
80,0,0,5,0,5,5,0,0,5,0.7002744367578702
80,0,0,5,0,5,5,0,5,0,0.730171112355266
80,0,0,5,0,5,5,5,0,0,0.7558873448826638
80,0,0,5,0,5,10,0,0,0,0.7204122982945558
80,0,0,5,0,10,0,0,0,5,0.6673017004315568
80,0,0,5,0,10,0,0,5,0,0.646168561055666
80,0,0,5,0,10,0,5,0,0,0.6820085528912573
80,0,0,5,0,10,5,0,0,0,0.7204122982945558
80,0,0,5,0,15,0,0,0,0,0.6449474503951892
80,0,0,5,5,0,0,0,0,10,0.7715304587765488
80,0,0,5,5,0,0,0,5,5,0.8748890580970331
80,0,0,5,5,0,0,0,10,0,0.8165651241217866
80,0,0,5,5,0,0,5,0,5,0.7828385994609526
80,0,0,5,5,0,0,5,5,0,0.8254901621439192
80,0,0,5,5,0,0,10,0,0,0.7247898909507831
80,0,0,5,5,0,5,0,0,5,0.7735059030465635
80,0,0,5,5,0,5,0,5,0,0.868469974720934
80,0,0,5,5,0,5,5,0,0,0.7903137918268418
80,0,0,5,5,0,10,0,0,0,0.7802322728482557
80,0,0,5,5,5,0,0,0,5,0.573913479931818
80,0,0,5,5,5,0,0,5,0,0.5866338279233431
80,0,0,5,5,5,0,5,0,0,0.6090940987243472
80,0,0,5,5,5,5,0,0,0,0.5690186969555053
80,0,0,5,5,10,0,0,0,0,0.54342082696985
80,0,0,5,10,0,0,0,0,5,0.7606984829515607
80,0,0,5,10,0,0,0,5,0,0.809099006764366
80,0,0,5,10,0,0,5,0,0,0.7296609421644848
80,0,0,5,10,0,5,0,0,0,0.7252617583109937
80,0,0,5,10,5,0,0,0,0,0.5399749842978754
80,0,0,5,15,0,0,0,0,0,0.7045648178768736
80,0,0,10,0,0,0,0,0,10,0.8900844875066112
80,0,0,10,0,0,0,0,5,5,1.000899064006268
80,0,0,10,0,0,0,0,10,0,0.974507770417425
80,0,0,10,0,0,0,5,0,5,0.8761365184212586
80,0,0,10,0,0,0,5,5,0,0.9599137719698939
80,0,0,10,0,0,0,10,0,0,0.847197913248824
80,0,0,10,0,0,5,0,0,5,0.9511090411874703
80,0,0,10,0,0,5,0,5,0,1.0884499075692822
80,0,0,10,0,0,5,5,0,0,0.9468735738004522
80,0,0,10,0,0,10,0,0,0,0.9801041710290493
80,0,0,10,0,5,0,0,0,5,0.7218757897877331
80,0,0,10,0,5,0,0,5,0,0.7001592254921271
80,0,0,10,0,5,0,5,0,0,0.7339355580148392
80,0,0,10,0,5,5,0,0,0,0.774402962731017
80,0,0,10,0,10,0,0,0,0,0.6989381148316502
80,0,0,10,5,0,0,0,0,5,0.8058393782352387
80,0,0,10,5,0,0,0,5,0,0.8564418728665818
80,0,0,10,5,0,0,5,0,0,0.7626029803826992
80,0,0,10,5,0,5,0,0,0,0.8201090215930509
80,0,0,10,5,5,0,0,0,0,0.582878590339
80,0,0,10,10,0,0,0,0,0,0.7455458180357395
80,0,0,15,0,0,0,0,0,5,0.8900844875066112
80,0,0,15,0,0,0,0,5,0,0.974507770417425
80,0,0,15,0,0,0,5,0,0,0.847197913248824
80,0,0,15,0,0,5,0,0,0,0.9801041710290493
80,0,0,15,0,5,0,0,0,0,0.6989381148316502
80,0,0,15,5,0,0,0,0,0,0.7524039141659677
80,0,0,20,0,0,0,0,0,0,0.8630138345376388
80,0,5,0,0,0,0,0,0,15,0.8611021125078121
80,0,5,0,0,0,0,0,5,10,0.872152546077213
80,0,5,0,0,0,0,0,10,5,0.872152546077213
80,0,5,0,0,0,0,0,15,0,0.872152546077213
80,0,5,0,0,0,0,5,0,10,0.8342839022996226
80,0,5,0,0,0,0,5,5,5,0.8327928836460664
80,0,5,0,0,0,0,5,10,0,0.8260931684944124
80,0,5,0,0,0,0,10,0,5,0.8342839022996226
80,0,5,0,0,0,0,10,5,0,0.8260931684944124
80,0,5,0,0,0,0,15,0,0,0.8275841871479686
80,0,5,0,0,0,5,0,0,10,0.8254397055369583
80,0,5,0,0,0,5,0,5,5,0.8444617645637436
80,0,5,0,0,0,5,0,10,0,0.8493019836794056
80,0,5,0,0,0,5,5,0,5,0.830223578348395
80,0,5,0,0,0,5,5,5,0,0.8379611119827699
80,0,5,0,0,0,5,10,0,0,0.835063797464057
80,0,5,0,0,0,10,0,0,5,0.8254397055369583
80,0,5,0,0,0,10,0,5,0,0.8493019836794056
80,0,5,0,0,0,10,5,0,0,0.835063797464057
80,0,5,0,0,0,15,0,0,0,0.8302799246526201
80,0,5,0,0,5,0,0,0,10,0.8566501217794266
80,0,5,0,0,5,0,0,5,5,0.8327238769617672
80,0,5,0,0,5,0,0,10,0,0.8286716004928409
80,0,5,0,0,5,0,5,0,5,0.8650904098837155
80,0,5,0,0,5,0,5,5,0,0.8281921698613155
80,0,5,0,0,5,0,10,0,0,0.8649752642260664
80,0,5,0,0,5,5,0,0,5,0.8372058288535787
80,0,5,0,0,5,5,0,5,0,0.821522689360848
80,0,5,0,0,5,5,5,0,0,0.8964512057974229
80,0,5,0,0,5,10,0,0,0,0.8424047008685934
80,0,5,0,0,10,0,0,0,5,0.8566501217794266
80,0,5,0,0,10,0,0,5,0,0.8286716004928409
80,0,5,0,0,10,0,5,0,0,0.8649752642260664
80,0,5,0,0,10,5,0,0,0,0.8424047008685934
80,0,5,0,0,15,0,0,0,0,0.8618489937944415
80,0,5,0,5,0,0,0,0,10,1.0573416229035901
80,0,5,0,5,0,0,0,5,5,1.0421915988360164
80,0,5,0,5,0,0,0,10,0,1.0421915988360164
80,0,5,0,5,0,0,5,0,5,1.043452248478016
80,0,5,0,5,0,0,5,5,0,1.0207383533888055
80,0,5,0,5,0,0,10,0,0,1.036752533326362
80,0,5,0,5,0,5,0,0,5,0.973830305038153
80,0,5,0,5,0,5,0,5,0,0.9985343414847456
80,0,5,0,5,0,5,5,0,0,1.0268399659262055
80,0,5,0,5,0,10,0,0,0,0.9777534603870244
80,0,5,0,5,5,0,0,0,5,1.028027736056969
80,0,5,0,5,5,0,0,5,0,0.994393238799654
80,0,5,0,5,5,0,5,0,0,1.0574050868383071
80,0,5,0,5,5,5,0,0,0,0.967411590429302
80,0,5,0,5,10,0,0,0,0,1.0332266080719839
80,0,5,0,10,0,0,0,0,5,1.0573416229035901
80,0,5,0,10,0,0,0,5,0,1.0421915988360164
80,0,5,0,10,0,0,5,0,0,1.036752533326362
80,0,5,0,10,0,5,0,0,0,0.97657779992999
80,0,5,0,10,5,0,0,0,0,1.0332266080719839
80,0,5,0,15,0,0,0,0,0,1.0573416229035901
80,0,5,5,0,0,0,0,0,10,0.6148383187468374
80,0,5,5,0,0,0,0,5,5,0.676291908152484
80,0,5,5,0,0,0,0,10,0,0.6748870703662854
80,0,5,5,0,0,0,5,0,5,0.6510304367819332
80,0,5,5,0,0,0,5,5,0,0.6966022105887996
80,0,5,5,0,0,0,10,0,0,0.6393695540019256
80,0,5,5,0,0,5,0,0,5,0.6272863946923901
80,0,5,5,0,0,5,0,5,0,0.6784533601125178
80,0,5,5,0,0,5,5,0,0,0.6970778209778296
80,0,5,5,0,0,10,0,0,0,0.6285762387281396
80,0,5,5,0,5,0,0,0,5,0.5156787919188546
80,0,5,5,0,5,0,0,5,0,0.554236816056991
80,0,5,5,0,5,0,5,0,0,0.580900231743263
80,0,5,5,0,5,5,0,0,0,0.5314317164219069
80,0,5,5,0,10,0,0,0,0,0.518682003340422
80,0,5,5,5,0,0,0,0,5,0.7229974605710758
80,0,5,5,5,0,0,0,5,0,0.743404304186916
80,0,5,5,5,0,0,5,0,0,0.7855748923560277
80,0,5,5,5,0,5,0,0,0,0.6683389573826272
80,0,5,5,5,5,0,0,0,0,0.6134213295179097
80,0,5,5,10,0,0,0,0,0,0.7177747138077842
80,0,5,10,0,0,0,0,0,5,0.6148383187468374
80,0,5,10,0,0,0,0,5,0,0.6748870703662854
80,0,5,10,0,0,0,5,0,0,0.6393695540019256
80,0,5,10,0,0,5,0,0,0,0.6285762387281396
80,0,5,10,0,5,0,0,0,0,0.518682003340422
80,0,5,10,5,0,0,0,0,0,0.7335869317418804
80,0,5,15,0,0,0,0,0,0,0.6125455529948207
80,0,10,0,0,0,0,0,0,10,0.8512986294444357
80,0,10,0,0,0,0,0,5,5,0.8635017348479278
80,0,10,0,0,0,0,0,10,0,0.8635017348479278
80,0,10,0,0,0,0,5,0,5,0.8245331614161089
80,0,10,0,0,0,0,5,5,0,0.8174950994449895
80,0,10,0,0,0,0,10,0,0,0.8178334462644546
80,0,10,0,0,0,5,0,0,5,0.8196691850270713
80,0,10,0,0,0,5,0,5,0,0.8441781538212229
80,0,10,0,0,0,5,5,0,0,0.829960930799483
80,0,10,0,0,0,10,0,0,0,0.8245094041427333
80,0,10,0,0,5,0,0,0,5,0.8493980720483373
80,0,10,0,0,5,0,0,5,0,0.8225722225958425
80,0,10,0,0,5,0,5,0,0,0.8577759566748395
80,0,10,0,0,5,5,0,0,0,0.8398323043426976
80,0,10,0,0,10,0,0,0,0,0.8545969440633521
80,0,10,0,5,0,0,0,0,5,1.0500686099788916
80,0,10,0,5,0,0,0,5,0,1.036071257745409
80,0,10,0,5,0,0,5,0,0,1.0295322625815262
80,0,10,0,5,0,5,0,0,0,0.9745343732094244
80,0,10,0,5,5,0,0,0,0,1.0259535951472853
80,0,10,0,10,0,0,0,0,0,1.0500686099788916
80,0,10,5,0,0,0,0,0,5,0.6010846408529782
80,0,10,5,0,0,0,0,5,0,0.6611333924724261
80,0,10,5,0,0,0,5,0,0,0.6225168477009861
80,0,10,5,0,0,5,0,0,0,0.6202542848859658
80,0,10,5,0,5,0,0,0,0,0.5074797587788497
80,0,10,5,5,0,0,0,0,0,0.724915157318986
80,0,10,10,0,0,0,0,0,0,0.5987918751009614
80,0,15,0,0,0,0,0,0,5,0.8512986294444357
80,0,15,0,0,0,0,0,5,0,0.8635017348479278
80,0,15,0,0,0,0,5,0,0,0.8178334462644546
80,0,15,0,0,0,5,0,0,0,0.8245094041427333
80,0,15,0,0,5,0,0,0,0,0.8545969440633521
80,0,15,0,5,0,0,0,0,0,1.0500686099788916
80,0,15,5,0,0,0,0,0,0,0.5987918751009614
80,0,20,0,0,0,0,0,0,0,0.8512986294444357
80,5,0,0,0,0,0,0,0,15,1.0836179374504589
80,5,0,0,0,0,0,0,5,10,1.074237643830658
80,5,0,0,0,0,0,0,10,5,1.074237643830658
80,5,0,0,0,0,0,0,15,0,1.0505039160712135
80,5,0,0,0,0,0,5,0,10,1.0331469602335186
80,5,0,0,0,0,0,5,5,5,1.0206262272911852
80,5,0,0,0,0,0,5,10,0,0.9995189750208598
80,5,0,0,0,0,0,10,0,5,1.0331469602335186
80,5,0,0,0,0,0,10,5,0,0.9995189750208598
80,5,0,0,0,0,0,15,0,0,1.0110266388459617
80,5,0,0,0,0,5,0,0,10,1.0613519907779498
80,5,0,0,0,0,5,0,5,5,1.0909074531875766
80,5,0,0,0,0,5,0,10,0,1.111859127167169
80,5,0,0,0,0,5,5,0,5,1.0197685897153168
80,5,0,0,0,0,5,5,5,0,1.0701621052576042
80,5,0,0,0,0,5,10,0,0,1.0502175018429554
80,5,0,0,0,0,10,0,0,5,1.0613519907779498
80,5,0,0,0,0,10,0,5,0,1.111859127167169
80,5,0,0,0,0,10,5,0,0,1.0502175018429554
80,5,0,0,0,0,15,0,0,0,1.0911045603004916
80,5,0,0,0,5,0,0,0,10,0.980406209239109
80,5,0,0,0,5,0,0,5,5,0.9070110811953224
80,5,0,0,0,5,0,0,10,0,0.8724209559966927
80,5,0,0,0,5,0,5,0,5,0.9412666877871768
80,5,0,0,0,5,0,5,5,0,0.8463195940813018
80,5,0,0,0,5,0,10,0,0,0.9152589649420707
80,5,0,0,0,5,5,0,0,5,0.9786067418650091
80,5,0,0,0,5,5,0,5,0,0.929842838687374
80,5,0,0,0,5,5,5,0,0,0.9708823281595804
80,5,0,0,0,5,10,0,0,0,0.9910870110694513
80,5,0,0,0,10,0,0,0,5,0.980406209239109
80,5,0,0,0,10,0,0,5,0,0.8724209559966927
80,5,0,0,0,10,0,5,0,0,0.9152589649420707
80,5,0,0,0,10,5,0,0,0,0.9910870110694513
80,5,0,0,0,15,0,0,0,0,0.9426668958759384
80,5,0,0,5,0,0,0,0,10,1.0651898447385828
80,5,0,0,5,0,0,0,5,5,1.0814531625324795
80,5,0,0,5,0,0,0,10,0,1.023395180087746
80,5,0,0,5,0,0,5,0,5,1.0200817554284254
80,5,0,0,5,0,0,5,5,0,0.9867781857640112
80,5,0,0,5,0,0,10,0,0,0.9714746794357181
80,5,0,0,5,0,5,0,0,5,1.0275256402026265
80,5,0,0,5,0,5,0,5,0,1.0580653612247388
80,5,0,0,5,0,5,5,0,0,1.0166026383282059
80,5,0,0,5,0,10,0,0,0,1.033093102379665
80,5,0,0,5,5,0,0,0,5,0.8351370011755079
80,5,0,0,5,5,0,0,5,0,0.7779545741444948
80,5,0,0,5,5,0,5,0,0,0.7889025577366607
80,5,0,0,5,5,5,0,0,0,0.8259169612607111
80,5,0,0,5,10,0,0,0,0,0.7831440833230652
80,5,0,0,10,0,0,0,0,5,1.0331907702700176
80,5,0,0,10,0,0,0,5,0,1.004858571334228
80,5,0,0,10,0,0,5,0,0,0.9505652862934773
80,5,0,0,10,0,5,0,0,0,0.9827424735214153
80,5,0,0,10,5,0,0,0,0,0.7640211644257452
80,5,0,0,15,0,0,0,0,0,0.9757162127449993
80,5,0,5,0,0,0,0,0,10,0.8599563484114252
80,5,0,5,0,0,0,0,5,5,0.9580415216108
80,5,0,5,0,0,0,0,10,0,0.9330621993702706
80,5,0,5,0,0,0,5,0,5,0.8443384426928532
80,5,0,5,0,0,0,5,5,0,0.9121856157720181
80,5,0,5,0,0,0,10,0,0,0.8241090611189871
80,5,0,5,0,0,5,0,0,5,0.9035051562708744
80,5,0,5,0,0,5,0,5,0,1.0526221161934286
80,5,0,5,0,0,5,5,0,0,0.9433894316576041
80,5,0,5,0,0,10,0,0,0,0.9516026104443033
80,5,0,5,0,5,0,0,0,5,0.7267312066660346
80,5,0,5,0,5,0,0,5,0,0.6969983406406172
80,5,0,5,0,5,0,5,0,0,0.7166104120307928
80,5,0,5,0,5,5,0,0,0,0.7509725496229808
80,5,0,5,0,10,0,0,0,0,0.6927235382318987
80,5,0,5,5,0,0,0,0,5,0.8121432808536659
80,5,0,5,5,0,0,0,5,0,0.8338854565617327
80,5,0,5,5,0,0,5,0,0,0.7598748927485436
80,5,0,5,5,0,5,0,0,0,0.8301473409405571
80,5,0,5,5,5,0,0,0,0,0.5437280812723562
80,5,0,5,10,0,0,0,0,0,0.7355988215632222
80,5,0,10,0,0,0,0,0,5,0.8993225016117896
80,5,0,10,0,0,0,0,5,0,0.9736412809274181
80,5,0,10,0,0,0,5,0,0,0.861353425184581
80,5,0,10,0,0,5,0,0,0,0.9909106338227762
80,5,0,10,0,5,0,0,0,0,0.7359081320845564
80,5,0,10,5,0,0,0,0,0,0.7757701041909377
80,5,0,15,0,0,0,0,0,0,0.8722549313462641
80,5,5,0,0,0,0,0,0,10,1.0729257314402505
80,5,5,0,0,0,0,0,5,5,1.0792061617420652
80,5,5,0,0,0,0,0,10,0,1.0792061617420652
80,5,5,0,0,0,0,5,0,5,1.013409814699884
80,5,5,0,0,0,0,5,5,0,1.014890615489894
80,5,5,0,0,0,0,10,0,0,1.0111375868013162
80,5,5,0,0,0,5,0,0,5,1.0389281075442038
80,5,5,0,0,0,5,0,5,0,1.0541372871689534
80,5,5,0,0,0,5,5,0,0,1.0022054183432305
80,5,5,0,0,0,10,0,0,0,1.0437683266598659
80,5,5,0,0,5,0,0,0,5,1.0306021744085312
80,5,5,0,0,5,0,0,5,0,0.9893686453339448
80,5,5,0,0,5,0,5,0,0,1.017569634715025
80,5,5,0,0,5,5,0,0,0,0.9975936664683894
80,5,5,0,0,10,0,0,0,0,1.0320489385819478
80,5,5,0,5,0,0,0,0,5,1.1826725451099498
80,5,5,0,5,0,0,0,5,0,1.1566801793594026
80,5,5,0,5,0,0,5,0,0,1.1347687426691844
80,5,5,0,5,0,5,0,0,0,1.1009305055943868
80,5,5,0,5,5,0,0,0,0,1.1297125556404553
80,5,5,0,10,0,0,0,0,0,1.1826725451099498
80,5,5,5,0,0,0,0,0,5,0.9193993651889802
80,5,5,5,0,0,0,0,5,0,0.9750568992077767
80,5,5,5,0,0,0,5,0,0,0.8695811281471448
80,5,5,5,0,0,5,0,0,0,0.9165038112681397
80,5,5,5,0,5,0,0,0,0,0.8116345576980932
80,5,5,5,5,0,0,0,0,0,0.9550111514243007
80,5,5,10,0,0,0,0,0,0,0.9176859734980103
80,5,10,0,0,0,0,0,0,5,1.0703742981079636
80,5,10,0,0,0,0,0,5,0,1.076654728409778
80,5,10,0,0,0,0,5,0,0,1.008586153469029
80,5,10,0,0,0,5,0,0,0,1.0405702026758747
80,5,10,0,0,5,0,0,0,0,1.0320489385819478
80,5,10,0,5,0,0,0,0,0,1.1826725451099498
80,5,10,5,0,0,0,0,0,0,0.9125831068334364
80,5,15,0,0,0,0,0,0,0,1.0703742981079636
80,10,0,0,0,0,0,0,0,10,1.7684126922268097
80,10,0,0,0,0,0,0,5,5,1.8028817584786236
80,10,0,0,0,0,0,0,10,0,1.7986759038304319
80,10,0,0,0,0,0,5,0,5,1.7612575759268168
80,10,0,0,0,0,0,5,5,0,1.7963318235851105
80,10,0,0,0,0,0,10,0,0,1.75915290166992
80,10,0,0,0,0,5,0,0,5,1.7020920594257567
80,10,0,0,0,0,5,0,5,0,1.7325428764214588
80,10,0,0,0,0,5,5,0,0,1.6936202115156027
80,10,0,0,0,0,10,0,0,0,1.697886204777565
80,10,0,0,0,5,0,0,0,5,1.7525601631853898
80,10,0,0,0,5,0,0,5,0,1.771527624594369
80,10,0,0,0,5,0,5,0,0,1.7711200496195516
80,10,0,0,0,5,5,0,0,0,1.6925395776926209
80,10,0,0,0,10,0,0,0,0,1.7468325022069495
80,10,0,0,5,0,0,0,0,5,1.7694256043732686
80,10,0,0,5,0,0,0,5,0,1.793256035532906
80,10,0,0,5,0,0,5,0,0,1.7748740765554447
80,10,0,0,5,0,5,0,0,0,1.6772644631093667
80,10,0,0,5,5,0,0,0,0,1.7444125344291728
80,10,0,0,10,0,0,0,0,0,1.7652197497250768
80,10,0,5,0,0,0,0,0,5,2.494411814476664
80,10,0,5,0,0,0,0,5,0,2.5659482123378683
80,10,0,5,0,0,0,5,0,0,2.4450210278994775
80,10,0,5,0,0,5,0,0,0,2.4198385698534284
80,10,0,5,0,5,0,0,0,0,2.4456972767988434
80,10,0,5,5,0,0,0,0,0,2.4120713825526257
80,10,0,10,0,0,0,0,0,0,2.490205959828472
80,10,5,0,0,0,0,0,0,5,2.3769789414753366
80,10,5,0,0,0,0,0,5,0,2.4084163045911393
80,10,5,0,0,0,0,5,0,0,2.2950822782249514
80,10,5,0,0,0,5,0,0,0,2.2972849781980487
80,10,5,0,0,5,0,0,0,0,2.331775738727013
80,10,5,0,5,0,0,0,0,0,2.3301779686695863
80,10,5,5,0,0,0,0,0,0,3.0993244525121186
80,10,10,0,0,0,0,0,0,0,2.3769789414753366
80,15,0,0,0,0,0,0,0,5,1.7684126922268097
80,15,0,0,0,0,0,0,5,0,1.7986759038304319
80,15,0,0,0,0,0,5,0,0,1.75915290166992
80,15,0,0,0,0,5,0,0,0,1.697886204777565
80,15,0,0,0,5,0,0,0,0,1.7468325022069495
80,15,0,0,5,0,0,0,0,0,1.7652197497250768
80,15,0,5,0,0,0,0,0,0,2.490205959828472
80,15,5,0,0,0,0,0,0,0,2.3769789414753366
80,20,0,0,0,0,0,0,0,0,1.7642068375786182
85,0,0,0,0,0,0,0,0,15,1.1420473332608754
85,0,0,0,0,0,0,0,5,10,1.1269377766148034
85,0,0,0,0,0,0,0,10,5,1.1269377766148034
85,0,0,0,0,0,0,0,15,0,1.1124586912049017
85,0,0,0,0,0,0,5,0,10,1.0885193551007868
85,0,0,0,0,0,0,5,5,5,1.0823426089673231
85,0,0,0,0,0,0,5,10,0,1.0703149006805992
85,0,0,0,0,0,0,10,0,5,1.0885193551007868
85,0,0,0,0,0,0,10,5,0,1.0703149006805992
85,0,0,0,0,0,0,15,0,0,1.0759078674442142
85,0,0,0,0,0,5,0,0,10,1.1578487198819607
85,0,0,0,0,0,5,0,5,5,1.1744447458403462
85,0,0,0,0,0,5,0,10,0,1.1910129856548712
85,0,0,0,0,0,5,5,0,5,1.0870283510781418
85,0,0,0,0,0,5,5,5,0,1.134311463987478
85,0,0,0,0,0,5,10,0,0,1.1133480204221544
85,0,0,0,0,0,10,0,0,5,1.1578487198819607
85,0,0,0,0,0,10,0,5,0,1.1910129856548712
85,0,0,0,0,0,10,5,0,0,1.1133480204221544
85,0,0,0,0,0,15,0,0,0,1.1832178552394348
85,0,0,0,0,5,0,0,0,10,1.0307770490331587
85,0,0,0,0,5,0,0,5,5,0.9481227635905952
85,0,0,0,0,5,0,0,10,0,0.9264820349346714
85,0,0,0,0,5,0,5,0,5,1.0200467015343841
85,0,0,0,0,5,0,5,5,0,0.9301734314946124
85,0,0,0,0,5,0,10,0,0,1.0046112463696755
85,0,0,0,0,5,5,0,0,5,1.080968891186054
85,0,0,0,0,5,5,0,5,0,1.020978099758791
85,0,0,0,0,5,5,5,0,0,1.0597996016288886
85,0,0,0,0,5,10,0,0,0,1.083884577729803
85,0,0,0,0,10,0,0,0,5,1.0307770490331587
85,0,0,0,0,10,0,0,5,0,0.9264820349346714
85,0,0,0,0,10,0,5,0,0,1.0046112463696755
85,0,0,0,0,10,5,0,0,0,1.083884577729803
85,0,0,0,0,15,0,0,0,0,1.0075089385429414
85,0,0,0,5,0,0,0,0,10,1.0708609039814057
85,0,0,0,5,0,0,0,5,5,1.0966495947949813
85,0,0,0,5,0,0,0,10,0,1.0422725263507495
85,0,0,0,5,0,0,5,0,5,1.0354209203749607
85,0,0,0,5,0,0,5,5,0,1.0212411394387124
85,0,0,0,5,0,0,10,0,0,0.990494758382755
85,0,0,0,5,0,5,0,0,5,1.0607816233340828
85,0,0,0,5,0,5,0,5,0,1.10034002896253
85,0,0,0,5,0,5,5,0,0,1.0349211569638639
85,0,0,0,5,0,10,0,0,0,1.0667477406398245
85,0,0,0,5,5,0,0,0,5,0.8274619586566772
85,0,0,0,5,5,0,0,5,0,0.7740707839940622
85,0,0,0,5,5,0,5,0,0,0.8263801488772138
85,0,0,0,5,5,5,0,0,0,0.8341606187933519
85,0,0,0,5,10,0,0,0,0,0.7947223329709584
85,0,0,0,10,0,0,0,0,5,1.040067000475274
85,0,0,0,10,0,0,0,5,0,1.0168275791732961
85,0,0,0,10,0,0,5,0,0,0.9707905362029475
85,0,0,0,10,0,5,0,0,0,1.01124264302015
85,0,0,0,10,5,0,0,0,0,0.7799698854909671
85,0,0,0,15,0,0,0,0,0,0.986273356950757
85,0,0,5,0,0,0,0,0,10,0.844957390070767
85,0,0,5,0,0,0,0,5,5,0.9557719665704237
85,0,0,5,0,0,0,0,10,0,0.9294388028034724
85,0,0,5,0,0,0,5,0,5,0.8330730802982932
85,0,0,5,0,0,0,5,5,0,0.9169084636688203
85,0,0,5,0,0,0,10,0,0,0.80419260494775
85,0,0,5,0,0,5,0,0,5,0.9059819437516261
85,0,0,5,0,0,5,0,5,0,1.0433809399553295
85,0,0,5,0,0,5,5,0,0,0.9038682654993784
85,0,0,5,0,0,10,0,0,0,0.9350352034150966
85,0,0,5,0,5,0,0,0,5,0.6630369408452478
85,0,0,5,0,5,0,0,5,0,0.6419038014693568
85,0,0,5,0,5,0,5,0,0,0.6798449736962432
85,0,0,5,0,5,5,0,0,0,0.7161475387082465
85,0,0,5,0,10,0,0,0,0,0.6406826908088802
85,0,0,5,5,0,0,0,0,5,0.7789792633872297
85,0,0,5,5,0,0,0,5,0,0.8240139287324675
85,0,0,5,5,0,0,5,0,0,0.734940213207415
85,0,0,5,5,0,5,0,0,0,0.7876810774589366
85,0,0,5,5,5,0,0,0,0,0.5391560673835408
85,0,0,5,10,0,0,0,0,0,0.7133643813105301
85,0,0,10,0,0,0,0,0,5,0.8921232690941874
85,0,0,10,0,0,0,0,5,0,0.9765465520050012
85,0,0,10,0,0,0,5,0,0,0.8492366948364001
85,0,0,10,0,0,5,0,0,0,0.9821429526166255
85,0,0,10,0,5,0,0,0,0,0.6967745356366364
85,0,0,10,5,0,0,0,0,0,0.7619538991679439
85,0,0,15,0,0,0,0,0,0,0.8650526161252149
85,0,5,0,0,0,0,0,0,10,0.8611021125078121
85,0,5,0,0,0,0,0,5,5,0.872152546077213
85,0,5,0,0,0,0,0,10,0,0.872152546077213
85,0,5,0,0,0,0,5,0,5,0.8342839022996226
85,0,5,0,0,0,0,5,5,0,0.8260931684944124
85,0,5,0,0,0,0,10,0,0,0.8275841871479686
85,0,5,0,0,0,5,0,0,5,0.8254397055369583
85,0,5,0,0,0,5,0,5,0,0.8493019836794056
85,0,5,0,0,0,5,5,0,0,0.835063797464057
85,0,5,0,0,0,10,0,0,0,0.8302799246526201
85,0,5,0,0,5,0,0,0,5,0.8566501217794266
85,0,5,0,0,5,0,0,5,0,0.8286716004928409
85,0,5,0,0,5,0,5,0,0,0.8649752642260664
85,0,5,0,0,5,5,0,0,0,0.8424047008685934
85,0,5,0,0,10,0,0,0,0,0.8618489937944415
85,0,5,0,5,0,0,0,0,5,1.0573416229035901
85,0,5,0,5,0,0,0,5,0,1.0421915988360164
85,0,5,0,5,0,0,5,0,0,1.036752533326362
85,0,5,0,5,0,5,0,0,0,0.9777534603870244
85,0,5,0,5,5,0,0,0,0,1.0332266080719839
85,0,5,0,10,0,0,0,0,0,1.0573416229035901
85,0,5,5,0,0,0,0,0,5,0.6148383187468374
85,0,5,5,0,0,0,0,5,0,0.6748870703662854
85,0,5,5,0,0,0,5,0,0,0.6393695540019256
85,0,5,5,0,0,5,0,0,0,0.6285762387281396
85,0,5,5,0,5,0,0,0,0,0.518682003340422
85,0,5,5,5,0,0,0,0,0,0.7480560925480444
85,0,5,10,0,0,0,0,0,0,0.6125455529948207
85,0,10,0,0,0,0,0,0,5,0.8512986294444357
85,0,10,0,0,0,0,0,5,0,0.8635017348479278
85,0,10,0,0,0,0,5,0,0,0.8178334462644546
85,0,10,0,0,0,5,0,0,0,0.8245094041427333
85,0,10,0,0,5,0,0,0,0,0.8545969440633521
85,0,10,0,5,0,0,0,0,0,1.0500686099788916
85,0,10,5,0,0,0,0,0,0,0.5987918751009614
85,0,15,0,0,0,0,0,0,0,0.8512986294444357
85,5,0,0,0,0,0,0,0,10,1.0815167570591637
85,5,0,0,0,0,0,0,5,5,1.0721364634393629
85,5,0,0,0,0,0,0,10,0,1.0484027356799184
85,5,0,0,0,0,0,5,0,5,1.0310457798422235
85,5,0,0,0,0,0,5,5,0,0.9974177946295647
85,5,0,0,0,0,0,10,0,0,1.0089254584546665
85,5,0,0,0,0,5,0,0,5,1.0592508103866547
85,5,0,0,0,0,5,0,5,0,1.1097579467758738
85,5,0,0,0,0,5,5,0,0,1.0481163214516602
85,5,0,0,0,0,10,0,0,0,1.0890033799091965
85,5,0,0,0,5,0,0,0,5,0.9762038484565189
85,5,0,0,0,5,0,0,5,0,0.8682185952141025
85,5,0,0,0,5,0,5,0,0,0.9131577845507757
85,5,0,0,0,5,5,0,0,0,0.9868846502868611
85,5,0,0,0,10,0,0,0,0,0.9384645350933479
85,5,0,0,5,0,0,0,0,5,1.0630886643472877
85,5,0,0,5,0,0,0,5,0,1.021293999696451
85,5,0,0,5,0,0,5,0,0,0.9720750166903739
85,5,0,0,5,0,5,0,0,0,1.0309919219883696
85,5,0,0,5,5,0,0,0,0,0.7789417225404749
85,5,0,0,10,0,0,0,0,0,0.9822966047910028
85,5,0,5,0,0,0,0,0,5,0.8578551680201301
85,5,0,5,0,0,0,0,5,0,0.9309610189789752
85,5,0,5,0,0,0,5,0,0,0.8220078807276918
85,5,0,5,0,0,5,0,0,0,0.9495014300530081
85,5,0,5,0,5,0,0,0,0,0.6885211774493085
85,5,0,5,5,0,0,0,0,0,0.7488616731156671
85,5,0,10,0,0,0,0,0,0,0.8722549313462641
85,5,5,0,0,0,0,0,0,5,1.0729257314402505
85,5,5,0,0,0,0,0,5,0,1.0792061617420652
85,5,5,0,0,0,0,5,0,0,1.0111375868013162
85,5,5,0,0,0,5,0,0,0,1.0437683266598659
85,5,5,0,0,5,0,0,0,0,1.0320489385819478
85,5,5,0,5,0,0,0,0,0,1.1826725451099498
85,5,5,5,0,0,0,0,0,0,0.9263886610361176
85,5,10,0,0,0,0,0,0,0,1.0703742981079636
85,10,0,0,0,0,0,0,0,5,1.7684126922268097
85,10,0,0,0,0,0,0,5,0,1.7986759038304319
85,10,0,0,0,0,0,5,0,0,1.75915290166992
85,10,0,0,0,0,5,0,0,0,1.697886204777565
85,10,0,0,0,5,0,0,0,0,1.7468325022069495
85,10,0,0,5,0,0,0,0,0,1.7652197497250768
85,10,0,5,0,0,0,0,0,0,2.490205959828472
85,10,5,0,0,0,0,0,0,0,2.3769789414753366
85,15,0,0,0,0,0,0,0,0,1.7642068375786182
90,0,0,0,0,0,0,0,0,10,1.1398920739063572
90,0,0,0,0,0,0,0,5,5,1.1247825172602852
90,0,0,0,0,0,0,0,10,0,1.1112204956171743
90,0,0,0,0,0,0,5,0,5,1.0863640957462686
90,0,0,0,0,0,0,5,5,0,1.0690767050928718
90,0,0,0,0,0,0,10,0,0,1.0737526080896962
90,0,0,0,0,0,5,0,0,5,1.1615257855667271
90,0,0,0,0,0,5,0,5,0,1.1916696045271509
90,0,0,0,0,0,5,5,0,0,1.1140046392944343
90,0,0,0,0,0,10,0,0,0,1.1838744741117146
90,0,0,0,0,5,0,0,0,5,1.0237891719992698
90,0,0,0,0,5,0,0,5,0,0.9257441203924904
90,0,0,0,0,5,0,5,0,0,1.002656099433376
90,0,0,0,0,5,5,0,0,0,1.0822295994208313
90,0,0,0,0,10,0,0,0,0,1.0058539602339698
90,0,0,0,5,0,0,0,0,5,1.0687056446268874
90,0,0,0,5,0,0,0,5,0,1.0429479057622373
90,0,0,0,5,0,0,5,0,0,0.9887522308908125
90,0,0,0,5,0,5,0,0,0,1.0708938198047906
90,0,0,0,5,5,0,0,0,0,0.7949809296612019
90,0,0,0,10,0,0,0,0,0,0.9897672225522455
90,0,0,5,0,0,0,0,0,5,0.8511821369799787
90,0,0,5,0,0,0,0,5,0,0.9282546861789678
90,0,0,5,0,0,0,5,0,0,0.8098081887939823
90,0,0,5,0,0,5,0,0,0,0.9434626654881266
90,0,0,5,0,5,0,0,0,0,0.6404618987571594
90,0,0,5,5,0,0,0,0,0,0.7307019652669295
90,0,0,10,0,0,0,0,0,0,0.8706681999714472
90,0,5,0,0,0,0,0,0,5,0.8629240874653883
90,0,5,0,0,0,0,0,5,0,0.8734492259369655
90,0,5,0,0,0,0,5,0,0,0.8294061621055449
90,0,5,0,0,0,5,0,0,0,0.8302799246526201
90,0,5,0,0,5,0,0,0,0,0.8608944089492349
90,0,5,0,5,0,0,0,0,0,1.0591635978611662
90,0,5,5,0,0,0,0,0,0,0.6170444585740884
90,0,10,0,0,0,0,0,0,0,0.853120604402012
90,5,0,0,0,0,0,0,0,5,1.0256593648858667
90,5,0,0,0,0,0,0,5,0,0.9822168040567355
90,5,0,0,0,0,0,5,0,0,0.9610725630101133
90,5,0,0,0,0,5,0,0,0,1.0198280303275593
90,5,0,0,0,5,0,0,0,0,0.8730101321230026
90,5,0,0,5,0,0,0,0,0,0.9479943210709773
90,5,0,5,0,0,0,0,0,0,0.7843372665518217
90,5,5,0,0,0,0,0,0,0,0.9765113574808757
90,10,0,0,0,0,0,0,0,0,1.3579451247385532
95,0,0,0,0,0,0,0,0,5,1.2114064208701771
95,0,0,0,0,0,0,0,5,0,1.1505496593679534
95,0,0,0,0,0,0,5,0,0,1.1748170784533378
95,0,0,0,0,0,5,0,0,0,1.2437665267028655
95,0,0,0,0,5,0,0,0,0,1.1018604395623761
95,0,0,0,5,0,0,0,0,0,1.0688961809839999
95,0,0,5,0,0,0,0,0,0,0.8556942743474687
95,0,5,0,0,0,0,0,0,0,0.8884139620411893
95,5,0,0,0,0,0,0,0,0,0.9695666877494732
100,0,0,0,0,0,0,0,0,0,1.598132691669727
