"Aluminum, Al","Silicon, Si","Zirconium, Zr","Copper, Cu","Magnesium, Mg","Gallium, Ga","Zinc, Zn","Iron, Fe","Chromium, Cr","Titanium, Ti",Coefficient of Thermal Expansion
75,0,0,0,0,0,0,0,0,25,0.8225898090027616
75,0,0,0,0,0,0,0,5,20,1.3987819726099
75,0,0,0,0,0,0,0,10,15,1.3987819726099
75,0,0,0,0,0,0,0,15,10,1.3987819726099
75,0,0,0,0,0,0,0,20,5,1.3987819726099
75,0,0,0,0,0,0,0,25,0,1.4212995014160197
75,0,0,0,0,0,0,5,0,20,0.6883685796425457
75,0,0,0,0,0,0,5,5,15,1.3635258991270183
75,0,0,0,0,0,0,5,10,10,1.3635258991270183
75,0,0,0,0,0,0,5,15,5,1.3635258991270183
75,0,0,0,0,0,0,5,20,0,1.3674861334013162
75,0,0,0,0,0,0,10,0,15,0.6883685796425457
75,0,0,0,0,0,0,10,5,10,1.3635258991270183
75,0,0,0,0,0,0,10,10,5,1.3635258991270183
75,0,0,0,0,0,0,10,15,0,1.3674861334013162
75,0,0,0,0,0,0,15,0,10,0.6883685796425457
75,0,0,0,0,0,0,15,5,5,1.3635258991270183
75,0,0,0,0,0,0,15,10,0,1.3674861334013162
75,0,0,0,0,0,0,20,0,5,0.6883685796425457
75,0,0,0,0,0,0,20,5,0,1.3674861334013162
75,0,0,0,0,0,0,25,0,0,0.6616942607699243
75,0,0,0,0,0,5,0,0,20,0.9203289178668441
75,0,0,0,0,0,5,0,5,15,1.5717539667355396
75,0,0,0,0,0,5,0,10,10,1.5717539667355396
75,0,0,0,0,0,5,0,15,5,1.5717539667355396
75,0,0,0,0,0,5,0,20,0,1.5956601063491587
75,0,0,0,0,0,5,5,0,15,0.7960298477539388
75,0,0,0,0,0,5,5,5,10,1.5037566559096962
75,0,0,0,0,0,5,5,10,5,1.5037566559096962
75,0,0,0,0,0,5,5,15,0,1.5420924079761194
75,0,0,0,0,0,5,10,0,10,0.7960298477539388
75,0,0,0,0,0,5,10,5,5,1.5037566559096962
75,0,0,0,0,0,5,10,10,0,1.5420924079761194
75,0,0,0,0,0,5,15,0,5,0.7960298477539388
75,0,0,0,0,0,5,15,5,0,1.5420924079761194
75,0,0,0,0,0,5,20,0,0,0.8259965389802223
75,0,0,0,0,0,10,0,0,15,1.0365811706455828
75,0,0,0,0,0,10,0,5,10,1.5559720206907013
75,0,0,0,0,0,10,0,10,5,1.5559720206907013
75,0,0,0,0,0,10,0,15,0,1.6195915817097852
75,0,0,0,0,0,10,5,0,10,0.8962953824289968
75,0,0,0,0,0,10,5,5,5,1.4426834670362902
75,0,0,0,0,0,10,5,10,0,1.5070120095434245
75,0,0,0,0,0,10,10,0,5,0.8962953824289968
75,0,0,0,0,0,10,10,5,0,1.5070120095434245
75,0,0,0,0,0,10,15,0,0,0.950603179903688
75,0,0,0,0,0,15,0,0,10,1.0365811706455828
75,0,0,0,0,0,15,0,5,5,1.5559720206907013
75,0,0,0,0,0,15,0,10,0,1.6195915817097852
75,0,0,0,0,0,15,5,0,5,0.8962953824289968
75,0,0,0,0,0,15,5,5,0,1.5070120095434245
75,0,0,0,0,0,15,10,0,0,0.950603179903688
75,0,0,0,0,0,20,0,0,5,1.0365811706455828
75,0,0,0,0,0,20,0,5,0,1.6195915817097852
75,0,0,0,0,0,20,5,0,0,0.950603179903688
75,0,0,0,0,0,25,0,0,0,1.101922882145778
75,0,0,0,0,5,0,0,0,20,2.2235182059196443
75,0,0,0,0,5,0,0,5,15,2.433357810417667
75,0,0,0,0,5,0,0,10,10,2.433357810417667
75,0,0,0,0,5,0,0,15,5,2.433357810417667
75,0,0,0,0,5,0,0,20,0,2.4604371972247985
75,0,0,0,0,5,0,5,0,15,2.183122355024795
75,0,0,0,0,5,0,5,5,10,2.429087561819963
75,0,0,0,0,5,0,5,10,5,2.429087561819963
75,0,0,0,0,5,0,5,15,0,2.4132471663937967
75,0,0,0,0,5,0,10,0,10,2.183122355024795
75,0,0,0,0,5,0,10,5,5,2.429087561819963
75,0,0,0,0,5,0,10,10,0,2.4132471663937967
75,0,0,0,0,5,0,15,0,5,2.183122355024795
75,0,0,0,0,5,0,15,5,0,2.4132471663937967
75,0,0,0,0,5,0,20,0,0,2.131389733163716
75,0,0,0,0,5,5,0,0,15,2.2251183034710174
75,0,0,0,0,5,5,0,5,10,2.505015766838054
75,0,0,0,0,5,5,0,10,5,2.505015766838054
75,0,0,0,0,5,5,0,15,0,2.533901053242262
75,0,0,0,0,5,5,5,0,10,2.1979600259577885
75,0,0,0,0,5,5,5,5,5,2.46677941142002
75,0,0,0,0,5,5,5,10,0,2.4807783523733233
75,0,0,0,0,5,5,10,0,5,2.1979600259577885
75,0,0,0,0,5,5,10,5,0,2.4807783523733233
75,0,0,0,0,5,5,15,0,0,2.193441600426588
75,0,0,0,0,5,10,0,0,10,2.278838063730839
75,0,0,0,0,5,10,0,5,5,2.479683916458744
75,0,0,0,0,5,10,0,10,0,2.5135379816002996
75,0,0,0,0,5,10,5,0,5,2.226127049192028
75,0,0,0,0,5,10,5,5,0,2.469148210574229
75,0,0,0,0,5,10,10,0,0,2.238481033323664
75,0,0,0,0,5,15,0,0,5,2.278838063730839
75,0,0,0,0,5,15,0,5,0,2.5135379816002996
75,0,0,0,0,5,15,5,0,0,2.238481033323664
75,0,0,0,0,5,20,0,0,0,2.298613105437956
75,0,0,0,0,10,0,0,0,15,2.2235182059196443
75,0,0,0,0,10,0,0,5,10,2.433357810417667
75,0,0,0,0,10,0,0,10,5,2.433357810417667
75,0,0,0,0,10,0,0,15,0,2.4604371972247985
75,0,0,0,0,10,0,5,0,10,2.183122355024795
75,0,0,0,0,10,0,5,5,5,2.429087561819963
75,0,0,0,0,10,0,5,10,0,2.4132471663937967
75,0,0,0,0,10,0,10,0,5,2.183122355024795
75,0,0,0,0,10,0,10,5,0,2.4132471663937967
75,0,0,0,0,10,0,15,0,0,2.131389733163716
75,0,0,0,0,10,5,0,0,10,2.2251183034710174
75,0,0,0,0,10,5,0,5,5,2.505015766838054
75,0,0,0,0,10,5,0,10,0,2.533901053242262
75,0,0,0,0,10,5,5,0,5,2.1979600259577885
75,0,0,0,0,10,5,5,5,0,2.4807783523733233
75,0,0,0,0,10,5,10,0,0,2.193441600426588
75,0,0,0,0,10,10,0,0,5,2.278838063730839
75,0,0,0,0,10,10,0,5,0,2.5135379816002996
75,0,0,0,0,10,10,5,0,0,2.238481033323664
75,0,0,0,0,10,15,0,0,0,2.298613105437956
75,0,0,0,0,15,0,0,0,10,2.2235182059196443
75,0,0,0,0,15,0,0,5,5,2.433357810417667
75,0,0,0,0,15,0,0,10,0,2.4604371972247985
75,0,0,0,0,15,0,5,0,5,2.183122355024795
75,0,0,0,0,15,0,5,5,0,2.4132471663937967
75,0,0,0,0,15,0,10,0,0,2.131389733163716
75,0,0,0,0,15,5,0,0,5,2.2251183034710174
75,0,0,0,0,15,5,0,5,0,2.533901053242262
75,0,0,0,0,15,5,5,0,0,2.193441600426588
75,0,0,0,0,15,10,0,0,0,2.298613105437956
75,0,0,0,0,20,0,0,0,5,2.2235182059196443
75,0,0,0,0,20,0,0,5,0,2.4604371972247985
75,0,0,0,0,20,0,5,0,0,2.131389733163716
75,0,0,0,0,20,5,0,0,0,2.234877270432712
75,0,0,0,0,25,0,0,0,0,2.21581486627388
75,0,0,0,5,0,0,0,0,20,0.7433175238055124
75,0,0,0,5,0,0,0,5,15,0.7030882673309569
75,0,0,0,5,0,0,0,10,10,0.7030882673309569
75,0,0,0,5,0,0,0,15,5,0.7030882673309569
75,0,0,0,5,0,0,0,20,0,0.7491243375474972
75,0,0,0,5,0,0,5,0,15,0.6490838675934475
75,0,0,0,5,0,0,5,5,10,0.6155792552855162
75,0,0,0,5,0,0,5,10,5,0.6155792552855162
75,0,0,0,5,0,0,5,15,0,0.6582369806835195
75,0,0,0,5,0,0,10,0,10,0.6490838675934475
75,0,0,0,5,0,0,10,5,5,0.6155792552855162
75,0,0,0,5,0,0,10,10,0,0.6582369806835195
75,0,0,0,5,0,0,15,0,5,0.6490838675934475
75,0,0,0,5,0,0,15,5,0,0.6582369806835195
75,0,0,0,5,0,0,20,0,0,0.6181660991220557
75,0,0,0,5,0,5,0,0,15,0.7474334153147246
75,0,0,0,5,0,5,0,5,10,0.7382431561126082
75,0,0,0,5,0,5,0,10,5,0.7382431561126082
75,0,0,0,5,0,5,0,15,0,0.7964338504372697
75,0,0,0,5,0,5,5,0,10,0.6744220459740801
75,0,0,0,5,0,5,5,5,5,0.6448355965518958
75,0,0,0,5,0,5,5,10,0,0.7079029077702935
75,0,0,0,5,0,5,10,0,5,0.6744220459740801
75,0,0,0,5,0,5,10,5,0,0.7079029077702935
75,0,0,0,5,0,5,15,0,0,0.6503796643618993
75,0,0,0,5,0,10,0,0,10,0.9314900826762477
75,0,0,0,5,0,10,0,5,5,0.8790693691176734
75,0,0,0,5,0,10,0,10,0,0.9266413160703411
75,0,0,0,5,0,10,5,0,5,0.8276235835689297
75,0,0,0,5,0,10,5,5,0,0.8473187147606431
75,0,0,0,5,0,10,10,0,0,0.8343748721966953
75,0,0,0,5,0,15,0,0,5,0.9314900826762477
75,0,0,0,5,0,15,0,5,0,0.9266413160703411
75,0,0,0,5,0,15,5,0,0,0.8343748721966953
75,0,0,0,5,0,20,0,0,0,0.9261021644047043
75,0,0,0,5,5,0,0,0,15,2.1840942238721333
75,0,0,0,5,5,0,0,5,10,2.030862860376568
75,0,0,0,5,5,0,0,10,5,2.030862860376568
75,0,0,0,5,5,0,0,15,0,2.0954895285243693
75,0,0,0,5,5,0,5,0,10,2.13809231463876
75,0,0,0,5,5,0,5,5,5,1.980505719435917
75,0,0,0,5,5,0,5,10,0,2.0259360745814847
75,0,0,0,5,5,0,10,0,5,2.13809231463876
75,0,0,0,5,5,0,10,5,0,2.0259360745814847
75,0,0,0,5,5,0,15,0,0,2.120200422065395
75,0,0,0,5,5,5,0,0,10,2.1832782388511673
75,0,0,0,5,5,5,0,5,5,2.0642985246196512
75,0,0,0,5,5,5,0,10,0,2.126482277854189
75,0,0,0,5,5,5,5,0,5,2.163595309642174
75,0,0,0,5,5,5,5,5,0,2.0503994538445762
75,0,0,0,5,5,5,10,0,0,2.1576076865099942
75,0,0,0,5,5,10,0,0,5,2.2550180161212965
75,0,0,0,5,5,10,0,5,0,2.1387576854838977
75,0,0,0,5,5,10,5,0,0,2.215278312688777
75,0,0,0,5,5,15,0,0,0,2.247630992411594
75,0,0,0,5,10,0,0,0,10,2.1840942238721333
75,0,0,0,5,10,0,0,5,5,2.030862860376568
75,0,0,0,5,10,0,0,10,0,2.0954895285243693
75,0,0,0,5,10,0,5,0,5,2.13809231463876
75,0,0,0,5,10,0,5,5,0,2.0259360745814847
75,0,0,0,5,10,0,10,0,0,2.120200422065395
75,0,0,0,5,10,5,0,0,5,2.1832782388511673
75,0,0,0,5,10,5,0,5,0,2.126482277854189
75,0,0,0,5,10,5,5,0,0,2.1576076865099942
75,0,0,0,5,10,10,0,0,0,2.247630992411594
75,0,0,0,5,15,0,0,0,5,2.1840942238721333
75,0,0,0,5,15,0,0,5,0,2.0954895285243693
75,0,0,0,5,15,0,5,0,0,2.120200422065395
75,0,0,0,5,15,5,0,0,0,2.202094159544458
75,0,0,0,5,20,0,0,0,0,2.1883851970785266
75,0,0,0,10,0,0,0,0,15,0.7784037600077564
75,0,0,0,10,0,0,0,5,10,0.7321954802835875
75,0,0,0,10,0,0,0,10,5,0.7321954802835875
75,0,0,0,10,0,0,0,15,0,0.7533333653050002
75,0,0,0,10,0,0,5,0,10,0.6734089778796855
75,0,0,0,10,0,0,5,5,5,0.6382388873079133
75,0,0,0,10,0,0,5,10,0,0.6642433188517611
75,0,0,0,10,0,0,10,0,5,0.6734089778796855
75,0,0,0,10,0,0,10,5,0,0.6642433188517611
75,0,0,0,10,0,0,15,0,0,0.6292300687861156
75,0,0,0,10,0,5,0,0,10,0.7820061342567574
75,0,0,0,10,0,5,0,5,5,0.7629055054498284
75,0,0,0,10,0,5,0,10,0,0.8111043227142801
75,0,0,0,10,0,5,5,0,5,0.698233639000107
75,0,0,0,10,0,5,5,5,0,0.7243706904580425
75,0,0,0,10,0,5,10,0,0,0.6719050785454667
75,0,0,0,10,0,10,0,0,5,0.9441810877041209
75,0,0,0,10,0,10,0,5,0,0.932527703883158
75,0,0,0,10,0,10,5,0,0,0.8471162019160691
75,0,0,0,10,0,15,0,0,0,0.9370461837133395
75,0,0,0,10,5,0,0,0,10,2.2016122911459903
75,0,0,0,10,5,0,0,5,5,2.047254642509806
75,0,0,0,10,5,0,0,10,0,2.0844165661959444
75,0,0,0,10,5,0,5,0,5,2.149162800982383
75,0,0,0,10,5,0,5,5,0,2.0166604226637985
75,0,0,0,10,5,0,10,0,0,2.1159824016435276
75,0,0,0,10,5,5,0,0,5,2.200282788864813
75,0,0,0,10,5,5,0,5,0,2.125870760045272
75,0,0,0,10,5,5,5,0,0,2.163851110607634
75,0,0,0,10,5,10,0,0,0,2.252077106098495
75,0,0,0,10,10,0,0,0,5,2.2016122911459903
75,0,0,0,10,10,0,0,5,0,2.0844165661959444
75,0,0,0,10,10,0,5,0,0,2.1159824016435276
75,0,0,0,10,10,5,0,0,0,2.206540273231359
75,0,0,0,10,15,0,0,0,0,2.1823698662459203
75,0,0,0,15,0,0,0,0,10,0.7784037600077564
75,0,0,0,15,0,0,0,5,5,0.7321954802835875
75,0,0,0,15,0,0,0,10,0,0.7533333653050002
75,0,0,0,15,0,0,5,0,5,0.6734089778796855
75,0,0,0,15,0,0,5,5,0,0.6642433188517611
75,0,0,0,15,0,0,10,0,0,0.6292300687861156
75,0,0,0,15,0,5,0,0,5,0.7820061342567574
75,0,0,0,15,0,5,0,5,0,0.8111043227142801
75,0,0,0,15,0,5,5,0,0,0.6719050785454667
75,0,0,0,15,0,10,0,0,0,0.9370461837133395
75,0,0,0,15,5,0,0,0,5,2.2016122911459903
75,0,0,0,15,5,0,0,5,0,2.0844165661959444
75,0,0,0,15,5,0,5,0,0,2.1159824016435276
75,0,0,0,15,5,5,0,0,0,2.206540273231359
75,0,0,0,15,10,0,0,0,0,2.1823698662459203
75,0,0,0,20,0,0,0,0,5,0.7784037600077564
75,0,0,0,20,0,0,0,5,0,0.7533333653050002
75,0,0,0,20,0,0,5,0,0,0.6292300687861156
75,0,0,0,20,0,5,0,0,0,0.768348882747269
75,0,0,0,20,5,0,0,0,0,2.1823698662459203
75,0,0,0,25,0,0,0,0,0,0.7391883274135624
75,0,0,5,0,0,0,0,0,20,1.1031342926364276
75,0,0,5,0,0,0,0,5,15,1.4653140374826328
75,0,0,5,0,0,0,0,10,10,1.4653140374826328
75,0,0,5,0,0,0,0,15,5,1.4653140374826328
75,0,0,5,0,0,0,0,20,0,1.5544816859571895
75,0,0,5,0,0,0,5,0,15,1.1290952130810172
75,0,0,5,0,0,0,5,5,10,1.5048668923860464
75,0,0,5,0,0,0,5,10,5,1.5048668923860464
75,0,0,5,0,0,0,5,15,0,1.5620261898801366
75,0,0,5,0,0,0,10,0,10,1.1290952130810172
75,0,0,5,0,0,0,10,5,5,1.5048668923860464
75,0,0,5,0,0,0,10,10,0,1.5620261898801366
75,0,0,5,0,0,0,15,0,5,1.1290952130810172
75,0,0,5,0,0,0,15,5,0,1.5620261898801366
75,0,0,5,0,0,0,20,0,0,1.1703168259754053
75,0,0,5,0,0,5,0,0,15,1.1772427214277714
75,0,0,5,0,0,5,0,5,10,1.5383075422869354
75,0,0,5,0,0,5,0,10,5,1.5383075422869354
75,0,0,5,0,0,5,0,15,0,1.6245424700569315
75,0,0,5,0,0,5,5,0,10,1.19767066369513
75,0,0,5,0,0,5,5,5,5,1.546175847143645
75,0,0,5,0,0,5,5,10,0,1.614955523843077
75,0,0,5,0,0,5,10,0,5,1.19767066369513
75,0,0,5,0,0,5,10,5,0,1.614955523843077
75,0,0,5,0,0,5,15,0,0,1.268544510677401
75,0,0,5,0,0,10,0,0,10,1.088622163023965
75,0,0,5,0,0,10,0,5,5,1.4100187132760214
75,0,0,5,0,0,10,0,10,0,1.5021809853357597
75,0,0,5,0,0,10,5,0,5,1.110308815914193
75,0,0,5,0,0,10,5,5,0,1.5079480158707343
75,0,0,5,0,0,10,10,0,0,1.1877716949315102
75,0,0,5,0,0,15,0,0,5,1.088622163023965
75,0,0,5,0,0,15,0,5,0,1.5021809853357597
75,0,0,5,0,0,15,5,0,0,1.1877716949315102
75,0,0,5,0,0,20,0,0,0,1.1889389706510816
75,0,0,5,0,5,0,0,0,15,2.2800925741674676
75,0,0,5,0,5,0,0,5,10,2.3356574201771996
75,0,0,5,0,5,0,0,10,5,2.3356574201771996
75,0,0,5,0,5,0,0,15,0,2.4326623321676113
75,0,0,5,0,5,0,5,0,10,2.2946866687017877
75,0,0,5,0,5,0,5,5,5,2.368642285742615
75,0,0,5,0,5,0,5,10,0,2.435475774638769
75,0,0,5,0,5,0,10,0,5,2.2946866687017877
75,0,0,5,0,5,0,10,5,0,2.435475774638769
75,0,0,5,0,5,0,15,0,0,2.324849609344293
75,0,0,5,0,5,5,0,0,10,2.307192379341392
75,0,0,5,0,5,5,0,5,5,2.378976307946428
75,0,0,5,0,5,5,0,10,0,2.477719009608386
75,0,0,5,0,5,5,5,0,5,2.3231198638076025
75,0,0,5,0,5,5,5,5,0,2.474415963695525
75,0,0,5,0,5,5,10,0,0,2.386324695078156
75,0,0,5,0,5,10,0,0,5,2.2735336986696435
75,0,0,5,0,5,10,0,5,0,2.4389091147309983
75,0,0,5,0,5,10,5,0,0,2.344028825977028
75,0,0,5,0,5,15,0,0,0,2.3536953717298035
75,0,0,5,0,10,0,0,0,10,2.2800925741674676
75,0,0,5,0,10,0,0,5,5,2.3356574201771996
75,0,0,5,0,10,0,0,10,0,2.4326623321676113
75,0,0,5,0,10,0,5,0,5,2.2946866687017877
75,0,0,5,0,10,0,5,5,0,2.435475774638769
75,0,0,5,0,10,0,10,0,0,2.324849609344293
75,0,0,5,0,10,5,0,0,5,2.307192379341392
75,0,0,5,0,10,5,0,5,0,2.477719009608386
75,0,0,5,0,10,5,5,0,0,2.386324695078156
75,0,0,5,0,10,10,0,0,0,2.3536953717298035
75,0,0,5,0,15,0,0,0,5,2.2800925741674676
75,0,0,5,0,15,0,0,5,0,2.4326623321676113
75,0,0,5,0,15,0,5,0,0,2.324849609344293
75,0,0,5,0,15,5,0,0,0,2.366221072429129
75,0,0,5,0,20,0,0,0,0,2.3446776891193064
75,0,0,5,5,0,0,0,0,15,0.9132214509260628
75,0,0,5,5,0,0,0,5,10,1.0260268667613
75,0,0,5,5,0,0,0,10,5,1.0260268667613
75,0,0,5,5,0,0,0,15,0,1.1153068587948654
75,0,0,5,5,0,0,5,0,10,0.9453495516707432
75,0,0,5,5,0,0,5,5,5,1.0460262440175223
75,0,0,5,5,0,0,5,10,0,1.122021891791775
75,0,0,5,5,0,0,10,0,5,0.9453495516707432
75,0,0,5,5,0,0,10,5,0,1.122021891791775
75,0,0,5,5,0,0,15,0,0,1.024242533349482
75,0,0,5,5,0,5,0,0,10,0.9909317313836418
75,0,0,5,5,0,5,0,5,5,1.0779766690483432
75,0,0,5,5,0,5,0,10,0,1.1998182296468967
75,0,0,5,5,0,5,5,0,5,1.0106814469331349
75,0,0,5,5,0,5,5,5,0,1.1873701957985725
75,0,0,5,5,0,5,10,0,0,1.106492214399063
75,0,0,5,5,0,10,0,0,5,0.9681230293863691
75,0,0,5,5,0,10,0,5,0,1.1137129447300307
75,0,0,5,5,0,10,5,0,0,1.0353867755911046
75,0,0,5,5,0,15,0,0,0,1.016540873977682
75,0,0,5,5,5,0,0,0,10,2.184532017033666
75,0,0,5,5,5,0,0,5,5,2.08555313770109
75,0,0,5,5,5,0,0,10,0,2.1851817878288404
75,0,0,5,5,5,0,5,0,5,2.1801973278646103
75,0,0,5,5,5,0,5,5,0,2.1363995789366608
75,0,0,5,5,5,0,10,0,0,2.23528477889452
75,0,0,5,5,5,5,0,0,5,2.1816640288873344
75,0,0,5,5,5,5,0,5,0,2.2254748428489375
75,0,0,5,5,5,5,5,0,0,2.2702521907176103
75,0,0,5,5,5,10,0,0,0,2.234846768785555
75,0,0,5,5,10,0,0,0,5,2.184532017033666
75,0,0,5,5,10,0,0,5,0,2.1851817878288404
75,0,0,5,5,10,0,5,0,0,2.23528477889452
75,0,0,5,5,10,5,0,0,0,2.266151425112904
75,0,0,5,5,15,0,0,0,0,2.248687069069463
75,0,0,5,10,0,0,0,0,10,0.9225190526504674
75,0,0,5,10,0,0,0,5,5,1.0347852753624833
75,0,0,5,10,0,0,0,10,0,1.1158203760550764
75,0,0,5,10,0,0,5,0,5,0.9464022620541758
75,0,0,5,10,0,0,5,5,0,1.122535409051986
75,0,0,5,10,0,0,10,0,0,1.024756050609693
75,0,0,5,10,0,5,0,0,5,0.9997158158478355
75,0,0,5,10,0,5,0,5,0,1.1998182296468967
75,0,0,5,10,0,5,5,0,0,1.106492214399063
75,0,0,5,10,0,10,0,0,0,1.016540873977682
75,0,0,5,10,5,0,0,0,5,2.193290425634849
75,0,0,5,10,5,0,0,5,0,2.1856953050890517
75,0,0,5,10,5,0,5,0,0,2.235798296154731
75,0,0,5,10,5,5,0,0,0,2.266151425112904
75,0,0,5,10,10,0,0,0,0,2.2492005863296742
75,0,0,5,15,0,0,0,0,5,0.9225190526504674
75,0,0,5,15,0,0,0,5,0,1.1158203760550764
75,0,0,5,15,0,0,5,0,0,1.024756050609693
75,0,0,5,15,0,5,0,0,0,1.0907179296641538
75,0,0,5,15,5,0,0,0,0,2.2492005863296742
75,0,0,5,20,0,0,0,0,0,0.9826961240991217
75,0,0,10,0,0,0,0,0,15,0.9932430532326206
75,0,0,10,0,0,0,0,5,10,1.363192436217931
75,0,0,10,0,0,0,0,10,5,1.363192436217931
75,0,0,10,0,0,0,0,15,0,1.4523600846924878
75,0,0,10,0,0,0,5,0,10,1.0114040775231805
75,0,0,10,0,0,0,5,5,5,1.3949453949673154
75,0,0,10,0,0,0,5,10,0,1.4521046924614052
75,0,0,10,0,0,0,10,0,5,1.0114040775231805
75,0,0,10,0,0,0,10,5,0,1.4521046924614052
75,0,0,10,0,0,0,15,0,0,1.0526256904175684
75,0,0,10,0,0,5,0,0,10,1.0673514820239647
75,0,0,10,0,0,5,0,5,5,1.436185941022234
75,0,0,10,0,0,5,0,10,0,1.52242086879223
75,0,0,10,0,0,5,5,0,5,1.0799795281372933
75,0,0,10,0,0,5,5,5,0,1.5050340264243456
75,0,0,10,0,0,5,10,0,0,1.1508533751195642
75,0,0,10,0,0,10,0,0,5,0.9814324751303575
75,0,0,10,0,0,10,0,5,0,1.4027609355812576
75,0,0,10,0,0,10,5,0,0,1.075707277786707
75,0,0,10,0,0,15,0,0,0,1.0817492827574737
75,0,0,10,0,5,0,0,0,10,2.2450653430705176
75,0,0,10,0,5,0,0,5,5,2.30063018908025
75,0,0,10,0,5,0,0,10,0,2.3976351010706614
75,0,0,10,0,5,0,5,0,5,2.2596594376048382
75,0,0,10,0,5,0,5,5,0,2.400448543541819
75,0,0,10,0,5,0,10,0,0,2.2898223782473437
75,0,0,10,0,5,5,0,0,5,2.2721651482444427
75,0,0,10,0,5,5,0,5,0,2.442691778511436
75,0,0,10,0,5,5,5,0,0,2.3512974639812056
75,0,0,10,0,5,10,0,0,0,2.3186681406328535
75,0,0,10,0,10,0,0,0,5,2.2450653430705176
75,0,0,10,0,10,0,0,5,0,2.3976351010706614
75,0,0,10,0,10,0,5,0,0,2.2898223782473437
75,0,0,10,0,10,5,0,0,0,2.331193841332179
75,0,0,10,0,15,0,0,0,0,2.309650458022357
75,0,0,10,5,0,0,0,0,10,0.7973705143388042
75,0,0,10,5,0,0,0,5,5,0.9179455683131467
75,0,0,10,5,0,0,0,10,0,1.0072255603467117
75,0,0,10,5,0,0,5,0,5,0.8216987189294548
75,0,0,10,5,0,0,5,5,0,1.0061406971895916
75,0,0,10,5,0,0,10,0,0,0.9005917006081937
75,0,0,10,5,0,5,0,0,5,0.8750807947963832
75,0,0,10,5,0,5,0,5,0,1.091736931198743
75,0,0,10,5,0,5,5,0,0,0.9828413816577745
75,0,0,10,5,0,10,0,0,0,0.9033914889006226
75,0,0,10,5,5,0,0,0,5,2.14683757728718
75,0,0,10,5,5,0,0,5,0,2.1474873480823544
75,0,0,10,5,5,0,5,0,0,2.197590339148034
75,0,0,10,5,5,5,0,0,0,2.228456985366418
75,0,0,10,5,10,0,0,0,0,2.210992629322977
75,0,0,10,10,0,0,0,0,5,0.8066681160632089
75,0,0,10,10,0,0,0,5,0,1.0077390776069228
75,0,0,10,10,0,0,5,0,0,0.9011052178684047
75,0,0,10,10,0,5,0,0,0,0.9748669930768951
75,0,0,10,10,5,0,0,0,0,2.2115061465831882
75,0,0,10,15,0,0,0,0,0,0.8668451875118631
75,0,0,15,0,0,0,0,0,10,0.9932430532326206
75,0,0,15,0,0,0,0,5,5,1.363192436217931
75,0,0,15,0,0,0,0,10,0,1.4523600846924878
75,0,0,15,0,0,0,5,0,5,1.0114040775231805
75,0,0,15,0,0,0,5,5,0,1.4521046924614052
75,0,0,15,0,0,0,10,0,0,1.0526256904175684
75,0,0,15,0,0,5,0,0,5,1.0673514820239647
75,0,0,15,0,0,5,0,5,0,1.52242086879223
75,0,0,15,0,0,5,5,0,0,1.1508533751195642
75,0,0,15,0,0,10,0,0,0,1.0817492827574737
75,0,0,15,0,5,0,0,0,5,2.2450653430705176
75,0,0,15,0,5,0,0,5,0,2.3976351010706614
75,0,0,15,0,5,0,5,0,0,2.2898223782473437
75,0,0,15,0,5,5,0,0,0,2.331193841332179
75,0,0,15,0,10,0,0,0,0,2.309650458022357
75,0,0,15,5,0,0,0,0,5,0.7973705143388042
75,0,0,15,5,0,0,0,5,0,1.0072255603467117
75,0,0,15,5,0,0,5,0,0,0.9005917006081937
75,0,0,15,5,0,5,0,0,0,0.9748669930768951
75,0,0,15,5,5,0,0,0,0,2.210992629322977
75,0,0,15,10,0,0,0,0,0,0.8668451875118631
75,0,0,20,0,0,0,0,0,5,0.9932430532326206
75,0,0,20,0,0,0,0,5,0,1.4523600846924878
75,0,0,20,0,0,0,5,0,0,1.0526256904175684
75,0,0,20,0,0,5,0,0,0,1.1484045125058258
75,0,0,20,0,5,0,0,0,0,2.309650458022357
75,0,0,20,5,0,0,0,0,0,0.866331670251652
75,0,0,25,0,0,0,0,0,0,1.080640825467497
75,0,5,0,0,0,0,0,0,20,0.8501606947932477
75,0,5,0,0,0,0,0,5,15,1.4567440590926288
75,0,5,0,0,0,0,0,10,10,1.4567440590926288
75,0,5,0,0,0,0,0,15,5,1.4567440590926288
75,0,5,0,0,0,0,0,20,0,1.4745790966036256
75,0,5,0,0,0,0,5,0,15,0.7343457440938543
75,0,5,0,0,0,0,5,5,10,1.4305330924357784
75,0,5,0,0,0,0,5,10,5,1.4305330924357784
75,0,5,0,0,0,0,5,15,0,1.4231691449603603
75,0,5,0,0,0,0,10,0,10,0.7343457440938543
75,0,5,0,0,0,0,10,5,5,1.4305330924357784
75,0,5,0,0,0,0,10,10,0,1.4231691449603603
75,0,5,0,0,0,0,15,0,5,0.7343457440938543
75,0,5,0,0,0,0,15,5,0,1.4231691449603603
75,0,5,0,0,0,0,20,0,0,0.6921799823418856
75,0,5,0,0,0,5,0,0,15,0.9453232904581563
75,0,5,0,0,0,5,0,5,10,1.6313632275370573
75,0,5,0,0,0,5,0,10,5,1.6313632275370573
75,0,5,0,0,0,5,0,15,0,1.6446447728337352
75,0,5,0,0,0,5,5,0,10,0.826932752242018
75,0,5,0,0,0,5,5,5,5,1.5415843559186377
75,0,5,0,0,0,5,5,10,0,1.5692955136681197
75,0,5,0,0,0,5,10,0,5,0.826932752242018
75,0,5,0,0,0,5,10,5,0,1.5692955136681197
75,0,5,0,0,0,5,15,0,0,0.8432896338602467
75,0,5,0,0,0,10,0,0,10,1.0450560589522417
75,0,5,0,0,0,10,0,5,5,1.5653536741371605
75,0,5,0,0,0,10,0,10,0,1.603615242780932
75,0,5,0,0,0,10,5,0,5,0.9168117807821681
75,0,5,0,0,0,10,5,5,0,1.4982961908787635
75,0,5,0,0,0,10,10,0,0,0.9331891805785131
75,0,5,0,0,0,15,0,0,5,1.0450560589522417
75,0,5,0,0,0,15,0,5,0,1.603615242780932
75,0,5,0,0,0,15,5,0,0,0.9331891805785131
75,0,5,0,0,0,20,0,0,0,1.0843523580333918
75,0,5,0,0,5,0,0,0,15,2.2275353747998397
75,0,5,0,0,5,0,0,5,10,2.450127383671843
75,0,5,0,0,5,0,0,10,5,2.450127383671843
75,0,5,0,0,5,0,0,15,0,2.4725242791838515
75,0,5,0,0,5,0,5,0,10,2.1946766939354068
75,0,5,0,0,5,0,5,5,5,2.480997347678519
75,0,5,0,0,5,0,5,10,0,2.4538327705026366
75,0,5,0,0,5,0,10,0,5,2.1946766939354068
75,0,5,0,0,5,0,10,5,0,2.4538327705026366
75,0,5,0,0,5,0,15,0,0,2.1379953157833333
75,0,5,0,0,5,5,0,0,10,2.2323413190956654
75,0,5,0,0,5,5,0,5,5,2.523432514411019
75,0,5,0,0,5,5,0,10,0,2.541693206498285
75,0,5,0,0,5,5,5,0,5,2.2030981615059795
75,0,5,0,0,5,5,5,5,0,2.4928840506151193
75,0,5,0,0,5,5,10,0,0,2.1944569632570596
75,0,5,0,0,5,10,0,0,5,2.2772738192617483
75,0,5,0,0,5,10,0,5,0,2.485029011869088
75,0,5,0,0,5,10,5,0,0,2.210894112983953
75,0,5,0,0,5,15,0,0,0,2.269947798851802
75,0,5,0,0,10,0,0,0,10,2.2275353747998397
75,0,5,0,0,10,0,0,5,5,2.450127383671843
75,0,5,0,0,10,0,0,10,0,2.4725242791838515
75,0,5,0,0,10,0,5,0,5,2.1946766939354068
75,0,5,0,0,10,0,5,5,0,2.4538327705026366
75,0,5,0,0,10,0,10,0,0,2.1379953157833333
75,0,5,0,0,10,5,0,0,5,2.2323413190956654
75,0,5,0,0,10,5,0,5,0,2.541693206498285
75,0,5,0,0,10,5,5,0,0,2.1944569632570596
75,0,5,0,0,10,10,0,0,0,2.269947798851802
75,0,5,0,0,15,0,0,0,5,2.2275353747998397
75,0,5,0,0,15,0,0,5,0,2.4725242791838515
75,0,5,0,0,15,0,5,0,0,2.1379953157833333
75,0,5,0,0,15,5,0,0,0,2.230979890281181
75,0,5,0,0,20,0,0,0,0,2.215280599433507
75,0,5,0,5,0,0,0,0,15,0.7982096199681421
75,0,5,0,5,0,0,0,5,10,0.7802724618711336
75,0,5,0,5,0,0,0,10,5,0.7802724618711336
75,0,5,0,5,0,0,0,15,0,0.8426295623949247
75,0,5,0,5,0,0,5,0,10,0.7087737684843668
75,0,5,0,5,0,0,5,5,5,0.734640502550281
75,0,5,0,5,0,0,5,10,0,0.7888246478748764
75,0,5,0,5,0,0,10,0,5,0.7087737684843668
75,0,5,0,5,0,0,10,5,0,0.7888246478748764
75,0,5,0,5,0,0,15,0,0,0.6785030078174915
75,0,5,0,5,0,5,0,0,10,0.7577720130889983
75,0,5,0,5,0,5,0,5,5,0.7766737876516041
75,0,5,0,5,0,5,0,10,0,0.8445472216458291
75,0,5,0,5,0,5,5,0,5,0.6837245163341459
75,0,5,0,5,0,5,5,5,0,0.7675736134068157
75,0,5,0,5,0,5,10,0,0,0.6620346099940788
75,0,5,0,5,0,10,0,0,5,0.9235327610009939
75,0,5,0,5,0,10,0,5,0,0.9291348140969494
75,0,5,0,5,0,10,5,0,0,0.8126283369195462
75,0,5,0,5,0,15,0,0,0,0.921716727002502
75,0,5,0,5,5,0,0,0,10,2.201876682264216
75,0,5,0,5,5,0,0,5,5,2.064994924516548
75,0,5,0,5,5,0,0,10,0,2.1396861413566537
75,0,5,0,5,5,0,5,0,5,2.165622215875192
75,0,5,0,5,5,0,5,5,0,2.1075914255039003
75,0,5,0,5,5,0,10,0,0,2.157482169366107
75,0,5,0,5,5,5,0,0,5,2.178511670213567
75,0,5,0,5,5,5,0,5,0,2.1472915084062776
75,0,5,0,5,5,5,5,0,0,2.1676677893209346
75,0,5,0,5,5,10,0,0,0,2.246121251666574
75,0,5,0,5,10,0,0,0,5,2.201876682264216
75,0,5,0,5,10,0,0,5,0,2.1396861413566537
75,0,5,0,5,10,0,5,0,0,2.157482169366107
75,0,5,0,5,10,5,0,0,0,2.2002524434320434
75,0,5,0,5,15,0,0,0,0,2.214843511702327
75,0,5,0,10,0,0,0,0,10,0.825050964829414
75,0,5,0,10,0,0,0,5,5,0.8011347834827923
75,0,5,0,10,0,0,0,10,0,0.8385936988114554
75,0,5,0,10,0,0,5,0,5,0.7248539874296327
75,0,5,0,10,0,0,5,5,0,0.786586094702146
75,0,5,0,10,0,0,10,0,0,0.6813220861405795
75,0,5,0,10,0,5,0,0,5,0.7840998406900591
75,0,5,0,10,0,5,0,5,0,0.8509728025818672
75,0,5,0,10,0,5,5,0,0,0.6753151328366741
75,0,5,0,10,0,10,0,0,0,0.9326607463111374
75,0,5,0,10,5,0,0,0,5,2.2193947495380733
75,0,5,0,10,5,0,0,5,0,2.1286131790282288
75,0,5,0,10,5,0,5,0,0,2.153264148944239
75,0,5,0,10,5,5,0,0,0,2.2046985571189444
75,0,5,0,10,10,0,0,0,0,2.2088281808697205
75,0,5,0,15,0,0,0,0,5,0.825050964829414
75,0,5,0,15,0,0,0,5,0,0.8385936988114554
75,0,5,0,15,0,0,5,0,0,0.6813220861405795
75,0,5,0,15,0,5,0,0,0,0.7775627004854602
75,0,5,0,15,5,0,0,0,0,2.2088281808697205
75,0,5,0,20,0,0,0,0,0,0.7987066472466409
75,0,5,5,0,0,0,0,0,15,1.039709816151601
75,0,5,5,0,0,0,0,5,10,1.4092298054255012
75,0,5,5,0,0,0,0,10,5,1.4092298054255012
75,0,5,5,0,0,0,0,15,0,1.456353656382763
75,0,5,5,0,0,0,5,0,10,1.0535749085512252
75,0,5,5,0,0,0,5,5,5,1.456237383140695
75,0,5,5,0,0,0,5,10,0,1.4753037374171436
75,0,5,5,0,0,0,10,0,5,1.0535749085512252
75,0,5,5,0,0,0,10,5,0,1.4753037374171436
75,0,5,5,0,0,0,15,0,0,1.0379893768868795
75,0,5,5,0,0,5,0,0,10,1.097976189564683
75,0,5,5,0,0,5,0,5,5,1.4756367602882101
75,0,5,5,0,0,5,0,10,0,1.5232444897852506
75,0,5,5,0,0,5,5,0,5,1.1293194174442482
75,0,5,5,0,0,5,5,5,0,1.5142540664892032
75,0,5,5,0,0,5,10,0,0,1.1479919270691064
75,0,5,5,0,0,10,0,0,5,1.0118785723366694
75,0,5,5,0,0,10,0,5,0,1.3860663649572242
75,0,5,5,0,0,10,5,0,0,1.052402471216361
75,0,5,5,0,0,15,0,0,0,1.0435347457644284
75,0,5,5,0,5,0,0,0,10,2.231766440963084
75,0,5,5,0,5,0,0,5,5,2.2957259535081445
75,0,5,5,0,5,0,0,10,0,2.366943029030773
75,0,5,5,0,5,0,5,0,5,2.2479944804127463
75,0,5,5,0,5,0,5,5,0,2.3913900257676435
75,0,5,5,0,5,0,10,0,0,2.254450973004872
75,0,5,5,0,5,5,0,0,5,2.2592035583427448
75,0,5,5,0,5,5,0,5,0,2.410850041603867
75,0,5,5,0,5,5,5,0,0,2.3163012923150244
75,0,5,5,0,5,10,0,0,0,2.264711276507275
75,0,5,5,0,10,0,0,0,5,2.231766440963084
75,0,5,5,0,10,0,0,5,0,2.366943029030773
75,0,5,5,0,10,0,5,0,0,2.254450973004872
75,0,5,5,0,10,5,0,0,0,2.288488774010801
75,0,5,5,0,15,0,0,0,0,2.2684888466608055
75,0,5,5,5,0,0,0,0,10,0.8496304180981912
75,0,5,5,5,0,0,0,5,5,0.9613089414346507
75,0,5,5,5,0,0,0,10,0,1.0276841350417396
75,0,5,5,5,0,0,5,0,5,0.8366320444000024
75,0,5,5,5,0,0,5,5,0,1.0491976326048218
75,0,5,5,5,0,0,10,0,0,0.8809778379625252
75,0,5,5,5,0,5,0,0,5,0.9172265564868787
75,0,5,5,5,0,5,0,5,0,1.1087373717356064
75,0,5,5,5,0,5,5,0,0,0.9732763527028361
75,0,5,5,5,0,10,0,0,0,0.8938503334664023
75,0,5,5,5,5,0,0,0,5,2.1381111513517026
75,0,5,5,5,5,0,0,5,0,2.1267861738686067
75,0,5,5,5,5,0,5,0,0,2.168650048493384
75,0,5,5,5,5,5,0,0,0,2.2025789075540736
75,0,5,5,5,10,0,0,0,0,2.1876307860856667
75,0,5,5,10,0,0,0,0,5,0.8589280198225958
75,0,5,5,10,0,0,0,5,0,1.0281976523019507
75,0,5,5,10,0,0,5,0,0,0.8814913552227361
75,0,5,5,10,0,5,0,0,0,0.9736373856529897
75,0,5,5,10,5,0,0,0,0,2.1881443033458776
75,0,5,5,15,0,0,0,0,0,0.8810785201994724
75,0,5,10,0,0,0,0,0,10,0.9298185767477942
75,0,5,10,0,0,0,0,5,5,1.3071082041608
75,0,5,10,0,0,0,0,10,0,1.3542320551180618
75,0,5,10,0,0,0,5,0,5,0.9358837729933884
75,0,5,10,0,0,0,5,5,0,1.3653822399984126
75,0,5,10,0,0,0,10,0,0,0.9202982413290427
75,0,5,10,0,0,5,0,0,5,0.988084950160876
75,0,5,10,0,0,5,0,5,0,1.4211228885205491
75,0,5,10,0,0,5,5,0,0,1.0303007915112696
75,0,5,10,0,0,10,0,0,0,0.9363450578708209
75,0,5,10,0,5,0,0,0,5,2.1967392098661342
75,0,5,10,0,5,0,0,5,0,2.331915797933823
75,0,5,10,0,5,0,5,0,0,2.2194237419079226
75,0,5,10,0,5,5,0,0,0,2.2534615429138514
75,0,5,10,0,10,0,0,0,0,2.2334616155638556
75,0,5,10,5,0,0,0,0,5,0.733779481510933
75,0,5,10,5,0,0,0,5,0,0.9196028365935861
75,0,5,10,5,0,0,5,0,0,0.757327005221237
75,0,5,10,5,0,5,0,0,0,0.8577864490657313
75,0,5,10,5,5,0,0,0,0,2.1499363463391807
75,0,5,10,10,0,0,0,0,0,0.7652275836122141
75,0,5,15,0,0,0,0,0,5,0.9298185767477942
75,0,5,15,0,0,0,0,5,0,1.3542320551180618
75,0,5,15,0,0,0,5,0,0,0.9202982413290427
75,0,5,15,0,0,5,0,0,0,1.0168582676476494
75,0,5,15,0,5,0,0,0,0,2.2334616155638556
75,0,5,15,5,0,0,0,0,0,0.7647140663520031
75,0,5,20,0,0,0,0,0,0,0.963584742105628
75,0,10,0,0,0,0,0,0,15,0.8501606947932477
75,0,10,0,0,0,0,0,5,10,1.4567440590926288
75,0,10,0,0,0,0,0,10,5,1.4567440590926288
75,0,10,0,0,0,0,0,15,0,1.4745790966036256
75,0,10,0,0,0,0,5,0,10,0.7343457440938543
75,0,10,0,0,0,0,5,5,5,1.4305330924357784
75,0,10,0,0,0,0,5,10,0,1.4231691449603603
75,0,10,0,0,0,0,10,0,5,0.7343457440938543
75,0,10,0,0,0,0,10,5,0,1.4231691449603603
75,0,10,0,0,0,0,15,0,0,0.6921799823418856
75,0,10,0,0,0,5,0,0,10,0.9453232904581563
75,0,10,0,0,0,5,0,5,5,1.6313632275370573
75,0,10,0,0,0,5,0,10,0,1.6446447728337352
75,0,10,0,0,0,5,5,0,5,0.826932752242018
75,0,10,0,0,0,5,5,5,0,1.5692955136681197
75,0,10,0,0,0,5,10,0,0,0.8432896338602467
75,0,10,0,0,0,10,0,0,5,1.0450560589522417
75,0,10,0,0,0,10,0,5,0,1.603615242780932
75,0,10,0,0,0,10,5,0,0,0.9331891805785131
75,0,10,0,0,0,15,0,0,0,1.0843523580333918
75,0,10,0,0,5,0,0,0,10,2.2275353747998397
75,0,10,0,0,5,0,0,5,5,2.450127383671843
75,0,10,0,0,5,0,0,10,0,2.4725242791838515
75,0,10,0,0,5,0,5,0,5,2.1946766939354068
75,0,10,0,0,5,0,5,5,0,2.4538327705026366
75,0,10,0,0,5,0,10,0,0,2.1379953157833333
75,0,10,0,0,5,5,0,0,5,2.2323413190956654
75,0,10,0,0,5,5,0,5,0,2.541693206498285
75,0,10,0,0,5,5,5,0,0,2.1944569632570596
75,0,10,0,0,5,10,0,0,0,2.269947798851802
75,0,10,0,0,10,0,0,0,5,2.2275353747998397
75,0,10,0,0,10,0,0,5,0,2.4725242791838515
75,0,10,0,0,10,0,5,0,0,2.1379953157833333
75,0,10,0,0,10,5,0,0,0,2.230979890281181
75,0,10,0,0,15,0,0,0,0,2.215280599433507
75,0,10,0,5,0,0,0,0,10,0.7982096199681421
75,0,10,0,5,0,0,0,5,5,0.7802724618711336
75,0,10,0,5,0,0,0,10,0,0.8426295623949247
75,0,10,0,5,0,0,5,0,5,0.7087737684843668
75,0,10,0,5,0,0,5,5,0,0.7888246478748764
75,0,10,0,5,0,0,10,0,0,0.6785030078174915
75,0,10,0,5,0,5,0,0,5,0.7577720130889983
75,0,10,0,5,0,5,0,5,0,0.8445472216458291
75,0,10,0,5,0,5,5,0,0,0.6620346099940788
75,0,10,0,5,0,10,0,0,0,0.921716727002502
75,0,10,0,5,5,0,0,0,5,2.201876682264216
75,0,10,0,5,5,0,0,5,0,2.1396861413566537
75,0,10,0,5,5,0,5,0,0,2.157482169366107
75,0,10,0,5,5,5,0,0,0,2.2002524434320434
75,0,10,0,5,10,0,0,0,0,2.214843511702327
75,0,10,0,10,0,0,0,0,5,0.825050964829414
75,0,10,0,10,0,0,0,5,0,0.8385936988114554
75,0,10,0,10,0,0,5,0,0,0.6813220861405795
75,0,10,0,10,0,5,0,0,0,0.7775627004854602
75,0,10,0,10,5,0,0,0,0,2.2088281808697205
75,0,10,0,15,0,0,0,0,0,0.7987066472466409
75,0,10,5,0,0,0,0,0,10,1.039709816151601
75,0,10,5,0,0,0,0,5,5,1.4092298054255012
75,0,10,5,0,0,0,0,10,0,1.456353656382763
75,0,10,5,0,0,0,5,0,5,1.0535749085512252
75,0,10,5,0,0,0,5,5,0,1.4753037374171436
75,0,10,5,0,0,0,10,0,0,1.0379893768868795
75,0,10,5,0,0,5,0,0,5,1.097976189564683
75,0,10,5,0,0,5,0,5,0,1.5232444897852506
75,0,10,5,0,0,5,5,0,0,1.1479919270691064
75,0,10,5,0,0,10,0,0,0,1.0435347457644284
75,0,10,5,0,5,0,0,0,5,2.231766440963084
75,0,10,5,0,5,0,0,5,0,2.366943029030773
75,0,10,5,0,5,0,5,0,0,2.254450973004872
75,0,10,5,0,5,5,0,0,0,2.288488774010801
75,0,10,5,0,10,0,0,0,0,2.2684888466608055
75,0,10,5,5,0,0,0,0,5,0.8496304180981912
75,0,10,5,5,0,0,0,5,0,1.0276841350417396
75,0,10,5,5,0,0,5,0,0,0.8809778379625252
75,0,10,5,5,0,5,0,0,0,0.9736373856529897
75,0,10,5,5,5,0,0,0,0,2.1876307860856667
75,0,10,5,10,0,0,0,0,0,0.8810785201994724
75,0,10,10,0,0,0,0,0,5,0.9298185767477942
75,0,10,10,0,0,0,0,5,0,1.3542320551180618
75,0,10,10,0,0,0,5,0,0,0.9202982413290427
75,0,10,10,0,0,5,0,0,0,1.0168582676476494
75,0,10,10,0,5,0,0,0,0,2.2334616155638556
75,0,10,10,5,0,0,0,0,0,0.7647140663520031
75,0,10,15,0,0,0,0,0,0,0.963584742105628
75,0,15,0,0,0,0,0,0,10,0.8501606947932477
75,0,15,0,0,0,0,0,5,5,1.4567440590926288
75,0,15,0,0,0,0,0,10,0,1.4745790966036256
75,0,15,0,0,0,0,5,0,5,0.7343457440938543
75,0,15,0,0,0,0,5,5,0,1.4231691449603603
75,0,15,0,0,0,0,10,0,0,0.6921799823418856
75,0,15,0,0,0,5,0,0,5,0.9453232904581563
75,0,15,0,0,0,5,0,5,0,1.6446447728337352
75,0,15,0,0,0,5,5,0,0,0.8432896338602467
75,0,15,0,0,0,10,0,0,0,1.0843523580333918
75,0,15,0,0,5,0,0,0,5,2.2275353747998397
75,0,15,0,0,5,0,0,5,0,2.4725242791838515
75,0,15,0,0,5,0,5,0,0,2.1379953157833333
75,0,15,0,0,5,5,0,0,0,2.230979890281181
75,0,15,0,0,10,0,0,0,0,2.215280599433507
75,0,15,0,5,0,0,0,0,5,0.7982096199681421
75,0,15,0,5,0,0,0,5,0,0.8426295623949247
75,0,15,0,5,0,0,5,0,0,0.6785030078174915
75,0,15,0,5,0,5,0,0,0,0.7617659430678304
75,0,15,0,5,5,0,0,0,0,2.214843511702327
75,0,15,0,10,0,0,0,0,0,0.7987066472466409
75,0,15,5,0,0,0,0,0,5,1.039709816151601
75,0,15,5,0,0,0,0,5,0,1.456353656382763
75,0,15,5,0,0,0,5,0,0,1.0379893768868795
75,0,15,5,0,0,5,0,0,0,1.1267495070514564
75,0,15,5,0,5,0,0,0,0,2.2684888466608055
75,0,15,5,5,0,0,0,0,0,0.8805650029392615
75,0,15,10,0,0,0,0,0,0,0.963584742105628
75,0,20,0,0,0,0,0,0,5,0.8501606947932477
75,0,20,0,0,0,0,0,5,0,1.4745790966036256
75,0,20,0,0,0,0,5,0,0,0.6921799823418856
75,0,20,0,0,0,5,0,0,0,0.9613958739937878
75,0,20,0,0,5,0,0,0,0,2.215280599433507
75,0,20,0,5,0,0,0,0,0,0.7933713343485185
75,0,20,5,0,0,0,0,0,0,1.0734759815094348
75,0,25,0,0,0,0,0,0,0,0.8513785240313296
75,5,0,0,0,0,0,0,0,20,0.8575967578486522
75,5,0,0,0,0,0,0,5,15,1.5116757110301342
75,5,0,0,0,0,0,0,10,10,1.5116757110301342
75,5,0,0,0,0,0,0,15,5,1.5116757110301342
75,5,0,0,0,0,0,0,20,0,1.488411206417089
75,5,0,0,0,0,0,5,0,15,0.75291798167139
75,5,0,0,0,0,0,5,5,10,1.5152040830626379
75,5,0,0,0,0,0,5,10,5,1.5152040830626379
75,5,0,0,0,0,0,5,15,0,1.5353184127580712
75,5,0,0,0,0,0,10,0,10,0.75291798167139
75,5,0,0,0,0,0,10,5,5,1.5152040830626379
75,5,0,0,0,0,0,10,10,0,1.5353184127580712
75,5,0,0,0,0,0,15,0,5,0.75291798167139
75,5,0,0,0,0,0,15,5,0,1.5353184127580712
75,5,0,0,0,0,0,20,0,0,0.8266593608497278
75,5,0,0,0,0,5,0,0,15,0.8978420976037725
75,5,0,0,0,0,5,0,5,10,1.571985179684755
75,5,0,0,0,0,5,0,10,5,1.571985179684755
75,5,0,0,0,0,5,0,15,0,1.5960351442212855
75,5,0,0,0,0,5,5,0,10,0.8068771355662908
75,5,0,0,0,0,5,5,5,5,1.5807196548438178
75,5,0,0,0,0,5,5,10,0,1.6056474690978129
75,5,0,0,0,0,5,10,0,5,0.8068771355662908
75,5,0,0,0,0,5,10,5,0,1.6056474690978129
75,5,0,0,0,0,5,15,0,0,0.8939692043223176
75,5,0,0,0,0,10,0,0,10,1.0178894628925255
75,5,0,0,0,0,10,0,5,5,1.5668580834137211
75,5,0,0,0,0,10,0,10,0,1.6424382396740222
75,5,0,0,0,0,10,5,0,5,0.8975620770521373
75,5,0,0,0,0,10,5,5,0,1.5765055943751067
75,5,0,0,0,0,10,10,0,0,0.9920935948276047
75,5,0,0,0,0,15,0,0,5,1.0178894628925255
75,5,0,0,0,0,15,0,5,0,1.6424382396740222
75,5,0,0,0,0,15,5,0,0,0.9920935948276047
75,5,0,0,0,0,20,0,0,0,1.1676034677148255
75,5,0,0,0,5,0,0,0,15,2.2157113669567114
75,5,0,0,0,5,0,0,5,10,2.476999328913476
75,5,0,0,0,5,0,0,10,5,2.476999328913476
75,5,0,0,0,5,0,0,15,0,2.4642359104258706
75,5,0,0,0,5,0,5,0,10,2.1867603937025875
75,5,0,0,0,5,0,5,5,5,2.527427054620519
75,5,0,0,0,5,0,5,10,0,2.5265732580931037
75,5,0,0,0,5,0,10,0,5,2.1867603937025875
75,5,0,0,0,5,0,10,5,0,2.5265732580931037
75,5,0,0,0,5,0,15,0,0,2.228016529432762
75,5,0,0,0,5,5,0,0,10,2.2214103344831626
75,5,0,0,0,5,5,0,5,5,2.528617131719989
75,5,0,0,0,5,5,0,10,0,2.5161176317206886
75,5,0,0,0,5,5,5,0,5,2.223050493033508
75,5,0,0,0,5,5,5,5,0,2.5492738475591694
75,5,0,0,0,5,5,10,0,0,2.26197448840085
75,5,0,0,0,5,10,0,0,5,2.277082607277092
75,5,0,0,0,5,10,0,5,0,2.520435694455986
75,5,0,0,0,5,10,5,0,0,2.2866745047939068
75,5,0,0,0,5,15,0,0,0,2.325702247688821
75,5,0,0,0,10,0,0,0,10,2.2157113669567114
75,5,0,0,0,10,0,0,5,5,2.476999328913476
75,5,0,0,0,10,0,0,10,0,2.4642359104258706
75,5,0,0,0,10,0,5,0,5,2.1867603937025875
75,5,0,0,0,10,0,5,5,0,2.5265732580931037
75,5,0,0,0,10,0,10,0,0,2.228016529432762
75,5,0,0,0,10,5,0,0,5,2.2214103344831626
75,5,0,0,0,10,5,0,5,0,2.5161176317206886
75,5,0,0,0,10,5,5,0,0,2.26197448840085
75,5,0,0,0,10,10,0,0,0,2.325702247688821
75,5,0,0,0,15,0,0,0,5,2.2157113669567114
75,5,0,0,0,15,0,0,5,0,2.4642359104258706
75,5,0,0,0,15,0,5,0,0,2.228016529432762
75,5,0,0,0,15,5,0,0,0,2.239098046591447
75,5,0,0,0,20,0,0,0,0,2.2184367474097493
75,5,0,0,5,0,0,0,0,15,0.9504303322316483
75,5,0,0,5,0,0,0,5,10,0.8795689406900553
75,5,0,0,5,0,0,0,10,5,0.8795689406900553
75,5,0,0,5,0,0,0,15,0,0.9268752298931389
75,5,0,0,5,0,0,5,0,10,0.786647347306942
75,5,0,0,5,0,0,5,5,5,0.7672648783946278
75,5,0,0,5,0,0,5,10,0,0.8390110265269844
75,5,0,0,5,0,0,10,0,5,0.786647347306942
75,5,0,0,5,0,0,10,5,0,0.8390110265269844
75,5,0,0,5,0,0,15,0,0,0.8220790205350396
75,5,0,0,5,0,5,0,0,10,0.8428312011691834
75,5,0,0,5,0,5,0,5,5,0.8021501924060678
75,5,0,0,5,0,5,0,10,0,0.9193183759670012
75,5,0,0,5,0,5,5,0,5,0.7302638801368242
75,5,0,0,5,0,5,5,5,0,0.8094522990989662
75,5,0,0,5,0,5,10,0,0,0.7702522875668771
75,5,0,0,5,0,10,0,0,5,1.0447731258518835
75,5,0,0,5,0,10,0,5,0,1.0578667544286828
75,5,0,0,5,0,10,5,0,0,0.972492908010564
75,5,0,0,5,0,15,0,0,0,1.1234159719216377
75,5,0,0,5,5,0,0,0,10,2.2793240453080155
75,5,0,0,5,5,0,0,5,5,2.121488782481698
75,5,0,0,5,5,0,0,10,0,2.167395062644911
75,5,0,0,5,5,0,5,0,5,2.226910851140344
75,5,0,0,5,5,0,5,5,0,2.1509088382089065
75,5,0,0,5,5,0,10,0,0,2.2573197009495765
75,5,0,0,5,5,5,0,0,5,2.245363939318024
75,5,0,0,5,5,5,0,5,0,2.1710804084249347
75,5,0,0,5,5,5,5,0,0,2.261886351208931
75,5,0,0,5,5,10,0,0,0,2.331105415233095
75,5,0,0,5,10,0,0,0,5,2.2793240453080155
75,5,0,0,5,10,0,0,5,0,2.167395062644911
75,5,0,0,5,10,0,5,0,0,2.2573197009495765
75,5,0,0,5,10,5,0,0,0,2.2817376152046784
75,5,0,0,5,15,0,0,0,0,2.2818592350594646
75,5,0,0,10,0,0,0,0,10,0.9793164811089006
75,5,0,0,10,0,0,0,5,5,0.9002999436720762
75,5,0,0,10,0,0,0,10,0,0.9350477965484152
75,5,0,0,10,0,0,5,0,5,0.8014699624819509
75,5,0,0,10,0,0,5,5,0,0.8489809035929994
75,5,0,0,10,0,0,10,0,0,0.8320488976010546
75,5,0,0,10,0,5,0,0,5,0.8638027315517731
75,5,0,0,10,0,5,0,5,0,0.9274909426222774
75,5,0,0,10,0,5,5,0,0,0.7723075461382297
75,5,0,0,10,0,10,0,0,0,1.114889835618058
75,5,0,0,10,5,0,0,0,5,2.291270963825843
75,5,0,0,10,5,0,0,5,0,2.1667835448359933
75,5,0,0,10,5,0,5,0,0,2.258505493551398
75,5,0,0,10,5,5,0,0,0,2.281126097395761
75,5,0,0,10,10,0,0,0,0,2.281247717250547
75,5,0,0,15,0,0,0,0,5,0.9793164811089006
75,5,0,0,15,0,0,0,5,0,0.9350477965484152
75,5,0,0,15,0,0,5,0,0,0.8320488976010546
75,5,0,0,15,0,5,0,0,0,0.9380191476125448
75,5,0,0,15,5,0,0,0,0,2.281247717250547
75,5,0,0,20,0,0,0,0,0,0.9725543413634539
75,5,0,5,0,0,0,0,0,15,1.1437939345624755
75,5,0,5,0,0,0,0,5,10,1.5920421988464302
75,5,0,5,0,0,0,0,10,5,1.5920421988464302
75,5,0,5,0,0,0,0,15,0,1.5898163706729884
75,5,0,5,0,0,0,5,0,10,1.1134587770189064
75,5,0,5,0,0,0,5,5,5,1.588950523536855
75,5,0,5,0,0,0,5,10,0,1.587119527294754
75,5,0,5,0,0,0,10,0,5,1.1134587770189064
75,5,0,5,0,0,0,10,5,0,1.587119527294754
75,5,0,5,0,0,0,15,0,0,1.1510690703282613
75,5,0,5,0,0,5,0,0,10,1.309926687073124
75,5,0,5,0,0,5,0,5,5,1.6840659281172827
75,5,0,5,0,0,5,0,10,0,1.7443748216256412
75,5,0,5,0,0,5,5,0,5,1.1880967658331234
75,5,0,5,0,0,5,5,5,0,1.6094150496774173
75,5,0,5,0,0,5,10,0,0,1.2469253455124811
75,5,0,5,0,0,10,0,0,5,1.231647791954028
75,5,0,5,0,0,10,0,5,0,1.6783862918441408
75,5,0,5,0,0,10,5,0,0,1.2004708426234858
75,5,0,5,0,0,15,0,0,0,1.3649280405540474
75,5,0,5,0,5,0,0,0,10,2.27824802494378
75,5,0,5,0,5,0,0,5,5,2.4093823626176385
75,5,0,5,0,5,0,0,10,0,2.43240659481927
75,5,0,5,0,5,0,5,0,5,2.2984364377383777
75,5,0,5,0,5,0,5,5,0,2.4709498357641646
75,5,0,5,0,5,0,10,0,0,2.344607241635376
75,5,0,5,0,5,5,0,0,5,2.365193409347542
75,5,0,5,0,5,5,0,5,0,2.5534791744640084
75,5,0,5,0,5,5,5,0,0,2.4128117105980924
75,5,0,5,0,5,10,0,0,0,2.479602800609509
75,5,0,5,0,10,0,0,0,5,2.27824802494378
75,5,0,5,0,10,0,0,5,0,2.43240659481927
75,5,0,5,0,10,0,5,0,0,2.344607241635376
75,5,0,5,0,10,5,0,0,0,2.4694297355052175
75,5,0,5,0,15,0,0,0,0,2.342021507264592
75,5,0,5,5,0,0,0,0,10,0.9447324055658113
75,5,0,5,5,0,0,0,5,5,1.1001467200390433
75,5,0,5,5,0,0,0,10,0,1.1250169167476147
75,5,0,5,5,0,0,5,0,5,0.8113222953821233
75,5,0,5,5,0,0,5,5,0,1.0324389719322522
75,5,0,5,5,0,0,10,0,0,0.830930563458318
75,5,0,5,5,0,5,0,0,5,1.1347231882906663
75,5,0,5,5,0,5,0,5,0,1.3347286294135838
75,5,0,5,5,0,5,5,0,0,0.934967765191663
75,5,0,5,5,0,10,0,0,0,1.2022118391850767
75,5,0,5,5,5,0,0,0,5,2.1865375628813353
75,5,0,5,5,5,0,0,5,0,2.162128397411479
75,5,0,5,5,5,0,5,0,0,2.175636528180137
75,5,0,5,5,5,5,0,0,0,2.3770775532651927
75,5,0,5,5,10,0,0,0,0,2.204655658081248
75,5,0,5,10,0,0,0,0,5,0.953516490030005
75,5,0,5,10,0,0,0,5,0,1.1250169167476147
75,5,0,5,10,0,0,5,0,0,0.830930563458318
75,5,0,5,10,0,5,0,0,0,1.2465111508975444
75,5,0,5,10,5,0,0,0,0,2.204655658081248
75,5,0,5,15,0,0,0,0,0,0.9454913155960952
75,5,0,10,0,0,0,0,0,10,1.0216681292805987
75,5,0,10,0,0,0,0,5,5,1.4821381043575754
75,5,0,10,0,0,0,0,10,0,1.4799122761841335
75,5,0,10,0,0,0,5,0,5,0.9835330755829994
75,5,0,10,0,0,0,5,5,0,1.4694155366518702
75,5,0,10,0,0,0,10,0,0,1.0211433688923546
75,5,0,10,0,0,5,0,0,5,1.187800881791247
75,5,0,10,0,0,5,0,5,0,1.6344707271367866
75,5,0,10,0,0,5,5,0,0,1.1169996440765744
75,5,0,10,0,0,10,0,0,0,1.24550378678237
75,5,0,10,0,5,0,0,0,5,2.2354383006226772
75,5,0,10,0,5,0,0,5,0,2.3895968704981674
75,5,0,10,0,5,0,5,0,0,2.3017975173142737
75,5,0,10,0,5,5,0,0,0,2.4266200111841147
75,5,0,10,0,10,0,0,0,0,2.2992117829434893
75,5,0,10,5,0,0,0,0,5,0.8166469031004824
75,5,0,10,5,0,0,0,5,0,1.0091531250753087
75,5,0,10,5,0,0,5,0,0,0.6950451648389593
75,5,0,10,5,0,5,0,0,0,1.1184256484322157
75,5,0,10,5,5,0,0,0,0,2.1591787251106087
75,5,0,10,10,0,0,0,0,0,0.8174058131307664
75,5,0,15,0,0,0,0,0,5,1.0216681292805987
75,5,0,15,0,0,0,0,5,0,1.4799122761841335
75,5,0,15,0,0,0,5,0,0,1.0211433688923546
75,5,0,15,0,0,5,0,0,0,1.3145926236738672
75,5,0,15,0,5,0,0,0,0,2.2992117829434893
75,5,0,15,5,0,0,0,0,0,0.8174058131307664
75,5,0,20,0,0,0,0,0,0,1.08278201923752
75,5,5,0,0,0,0,0,0,15,0.8643880293668907
75,5,5,0,0,0,0,0,5,10,1.5284452842843104
75,5,5,0,0,0,0,0,10,5,1.5284452842843104
75,5,5,0,0,0,0,0,15,0,1.5047819963458828
75,5,5,0,0,0,0,5,0,10,0.7677887919728126
75,5,5,0,0,0,0,5,5,5,1.529797157484575
75,5,5,0,0,0,0,5,10,0,1.542871013400033
75,5,5,0,0,0,0,10,0,5,0.7677887919728126
75,5,5,0,0,0,0,10,5,0,1.542871013400033
75,5,5,0,0,0,0,15,0,0,0.8299289938698908
75,5,5,0,0,0,5,0,0,10,0.9066764479925794
75,5,5,0,0,0,5,0,5,5,1.5900652017239976
75,5,5,0,0,0,5,0,10,0,1.6117809363814102
75,5,5,0,0,0,5,5,0,5,0.8175087963658363
75,5,5,0,0,0,5,5,5,0,1.600162261862796
75,5,5,0,0,0,5,10,0,0,0.9015792151990126
75,5,5,0,0,0,10,0,0,5,1.015269568725417
75,5,5,0,0,0,10,0,5,0,1.6139292699428105
75,5,5,0,0,0,10,5,0,0,0.9645066744878938
75,5,5,0,0,0,15,0,0,0,1.1389381611286715
75,5,5,0,0,5,0,0,0,10,2.2149363218701286
75,5,5,0,0,5,0,0,5,5,2.473256826936806
75,5,5,0,0,5,0,0,10,0,2.4600946251238183
75,5,5,0,0,5,0,5,0,5,2.192627039070598
75,5,5,0,0,5,0,5,5,0,2.5341258587350652
75,5,5,0,0,5,0,10,0,0,2.225099011420054
75,5,5,0,0,5,5,0,0,5,2.2236166524518852
75,5,5,0,0,5,5,0,5,0,2.5106324244856717
75,5,5,0,0,5,5,5,0,0,2.2611818929951473
75,5,5,0,0,5,10,0,0,0,2.297036941102667
75,5,5,0,0,10,0,0,0,5,2.2149363218701286
75,5,5,0,0,10,0,0,5,0,2.4600946251238183
75,5,5,0,0,10,0,5,0,0,2.225099011420054
75,5,5,0,0,10,5,0,0,0,2.2355016469449924
75,5,5,0,0,15,0,0,0,0,2.216669508059914
75,5,5,0,5,0,0,0,0,10,0.97591558006073
75,5,5,0,5,0,0,0,5,5,0.9066831361630147
75,5,5,0,5,0,0,0,10,0,0.9623951893984927
75,5,5,0,5,0,0,5,0,5,0.8169158372424693
75,5,5,0,5,0,0,5,5,0,0.8934141136193066
75,5,5,0,5,0,0,10,0,0,0.850164684322586
75,5,5,0,5,0,5,0,0,5,0.8397871417451406
75,5,5,0,5,0,5,0,5,0,0.9265076176099558
75,5,5,0,5,0,5,5,0,0,0.7698814572105167
75,5,5,0,5,0,10,0,0,0,1.12305650983949
75,5,5,0,5,5,0,0,0,5,2.2931747037449157
75,5,5,0,5,5,0,0,5,0,2.189123660265197
75,5,5,0,5,5,0,5,0,0,2.2800840983309523
75,5,5,0,5,5,5,0,0,0,2.2775924329857666
75,5,5,0,5,10,0,0,0,0,2.2984900404959037
75,5,5,0,10,0,0,0,0,5,0.9965568375970102
75,5,5,0,10,0,0,0,5,0,0.9623228647127969
75,5,5,0,10,0,0,5,0,0,0.851889670047629
75,5,5,0,10,0,5,0,0,0,0.9285047707098432
75,5,5,0,10,5,0,0,0,0,2.297878522686986
75,5,5,0,15,0,0,0,0,0,0.9925748448511018
75,5,5,5,0,0,0,0,0,10,1.1054906242052136
75,5,5,5,0,0,0,0,5,5,1.564428116464499
75,5,5,5,0,0,0,0,10,0,1.5650941064198802
75,5,5,5,0,0,0,5,0,5,1.0814072893504103
75,5,5,5,0,0,0,5,5,0,1.5827432476982315
75,5,5,5,0,0,0,10,0,0,1.119395790608507
75,5,5,5,0,0,5,0,0,5,1.2723956357807316
75,5,5,5,0,0,5,0,5,0,1.716325136698786
75,5,5,5,0,0,5,5,0,0,1.2135990125329155
75,5,5,5,0,0,10,0,0,0,1.299049178131288
75,5,5,5,0,5,0,0,0,5,2.2531962695531726
75,5,5,5,0,5,0,0,5,0,2.4159608471871867
75,5,5,5,0,5,0,5,0,0,2.3203717336783014
75,5,5,5,0,5,5,0,0,0,2.4381007725509978
75,5,5,5,0,10,0,0,0,0,2.3141673444378
75,5,5,5,5,0,0,0,0,5,0.9108650894707288
75,5,5,5,5,0,0,0,5,0,1.1041317176370908
75,5,5,5,5,0,0,5,0,0,0.8081342948603444
75,5,5,5,5,0,5,0,0,0,1.2126552030766746
75,5,5,5,5,5,0,0,0,0,2.1850098307794257
75,5,5,5,10,0,0,0,0,0,0.916041174695416
75,5,5,10,0,0,0,0,0,5,0.9833648189233368
75,5,5,10,0,0,0,0,5,0,1.4551900119310262
75,5,5,10,0,0,0,5,0,0,0.9894700891726
75,5,5,10,0,0,5,0,0,0,1.2726182889772693
75,5,5,10,0,5,0,0,0,0,2.271357620116697
75,5,5,10,5,0,0,0,0,0,0.7879556722300873
75,5,5,15,0,0,0,0,0,0,1.046651339789704
75,5,10,0,0,0,0,0,0,10,0.8643880293668907
75,5,10,0,0,0,0,0,5,5,1.5284452842843104
75,5,10,0,0,0,0,0,10,0,1.5047819963458828
75,5,10,0,0,0,0,5,0,5,0.7677887919728126
75,5,10,0,0,0,0,5,5,0,1.542871013400033
75,5,10,0,0,0,0,10,0,0,0.8299289938698908
75,5,10,0,0,0,5,0,0,5,0.9066764479925794
75,5,10,0,0,0,5,0,5,0,1.6117809363814102
75,5,10,0,0,0,5,5,0,0,0.9015792151990126
75,5,10,0,0,0,10,0,0,0,1.1389381611286715
75,5,10,0,0,5,0,0,0,5,2.2149363218701286
75,5,10,0,0,5,0,0,5,0,2.4600946251238183
75,5,10,0,0,5,0,5,0,0,2.225099011420054
75,5,10,0,0,5,5,0,0,0,2.2355016469449924
75,5,10,0,0,10,0,0,0,0,2.216669508059914
75,5,10,0,5,0,0,0,0,5,0.97591558006073
75,5,10,0,5,0,0,0,5,0,0.9623951893984927
75,5,10,0,5,0,0,5,0,0,0.850164684322586
75,5,10,0,5,0,5,0,0,0,0.9288757611181913
75,5,10,0,5,5,0,0,0,0,2.2984900404959037
75,5,10,0,10,0,0,0,0,0,0.9925748448511018
75,5,10,5,0,0,0,0,0,5,1.1054906242052136
75,5,10,5,0,0,0,0,5,0,1.5650941064198802
75,5,10,5,0,0,0,5,0,0,1.119395790608507
75,5,10,5,0,0,5,0,0,0,1.3947440942591456
75,5,10,5,0,5,0,0,0,0,2.3141673444378
75,5,10,5,5,0,0,0,0,0,0.916041174695416
75,5,10,10,0,0,0,0,0,0,1.046651339789704
75,5,15,0,0,0,0,0,0,5,0.8643880293668907
75,5,15,0,0,0,0,0,5,0,1.5047819963458828
75,5,15,0,0,0,0,5,0,0,0.8299289938698908
75,5,15,0,0,0,5,0,0,0,1.010714036874082
75,5,15,0,0,5,0,0,0,0,2.216669508059914
75,5,15,0,5,0,0,0,0,0,0.985031216764788
75,5,15,5,0,0,0,0,0,0,1.1687771450715807
75,5,20,0,0,0,0,0,0,0,0.8903106145329736
75,10,0,0,0,0,0,0,0,15,0.8195075815798967
75,10,0,0,0,0,0,0,5,10,1.483123113350669
75,10,0,0,0,0,0,0,10,5,1.483123113350669
75,10,0,0,0,0,0,0,15,0,1.4634726581416035
75,10,0,0,0,0,0,5,0,10,0.6936770537097436
75,10,0,0,0,0,0,5,5,5,1.4521975851458961
75,10,0,0,0,0,0,5,10,0,1.480162313033751
75,10,0,0,0,0,0,10,0,5,0.6936770537097436
75,10,0,0,0,0,0,10,5,0,1.480162313033751
75,10,0,0,0,0,0,15,0,0,0.7756459887526056
75,10,0,0,0,0,5,0,0,10,0.8625377527692885
75,10,0,0,0,0,5,0,5,5,1.5462725309588237
75,10,0,0,0,0,5,0,10,0,1.5756916901791445
75,10,0,0,0,0,5,5,0,5,0.7553009500765898
75,10,0,0,0,0,5,5,5,0,1.5553731125797674
75,10,0,0,0,0,5,10,0,0,0.8527547685845422
75,10,0,0,0,0,10,0,0,5,0.9917331125231833
75,10,0,0,0,0,10,0,5,0,1.6167255909480909
75,10,0,0,0,0,10,5,0,0,0.973475193704344
75,10,0,0,0,0,15,0,0,0,1.1364371899399246
75,10,0,0,0,5,0,0,0,10,2.2087267172430805
75,10,0,0,0,5,0,0,5,5,2.4668214625544733
75,10,0,0,0,5,0,0,10,0,2.457652664888345
75,10,0,0,0,5,0,5,0,5,2.154309316498161
75,10,0,0,0,5,0,5,5,0,2.4977033634624193
75,10,0,0,0,5,0,10,0,0,2.2023398514474493
75,10,0,0,0,5,5,0,0,5,2.2172462051405635
75,10,0,0,0,5,5,0,5,0,2.5141294804165075
75,10,0,0,0,5,5,5,0,0,2.2408929046488817
75,10,0,0,0,5,10,0,0,0,2.321538118346222
75,10,0,0,0,10,0,0,0,5,2.2087267172430805
75,10,0,0,0,10,0,0,5,0,2.457652664888345
75,10,0,0,0,10,0,5,0,0,2.2023398514474493
75,10,0,0,0,10,5,0,0,0,2.240303111932638
75,10,0,0,0,15,0,0,0,0,2.2150467185175957
75,10,0,0,5,0,0,0,0,10,0.9398582264057792
75,10,0,0,5,0,0,0,5,5,0.8727775722203122
75,10,0,0,5,0,0,0,10,0,0.9305262300587469
75,10,0,0,5,0,0,5,0,5,0.771971312097551
75,10,0,0,5,0,0,5,5,0,0.838444031364463
75,10,0,0,5,0,0,10,0,0,0.8192997926739765
75,10,0,0,5,0,5,0,0,5,0.831148328126034
75,10,0,0,5,0,5,0,5,0,0.9090701756228974
75,10,0,0,5,0,5,5,0,0,0.7675359709335594
75,10,0,0,5,0,10,0,0,0,1.116903356975673
75,10,0,0,5,5,0,0,0,5,2.283255391663215
75,10,0,0,5,5,0,0,5,0,2.1710460628105195
75,10,0,0,5,5,0,5,0,0,2.2597161148305616
75,10,0,0,5,5,5,0,0,0,2.2741661749311506
75,10,0,0,5,10,0,0,0,0,2.2881869952956486
75,10,0,0,10,0,0,0,0,5,0.9604994839420594
75,10,0,0,10,0,0,0,5,0,0.9386987967140231
75,10,0,0,10,0,0,5,0,0,0.8292696697399914
75,10,0,0,10,0,5,0,0,0,0.9199810094894275
75,10,0,0,10,5,0,0,0,0,2.2875754774867314
75,10,0,0,15,0,0,0,0,0,0.9641018587642755
75,10,0,5,0,0,0,0,0,10,1.112721205079264
75,10,0,5,0,0,0,0,5,5,1.5616080597466542
75,10,0,5,0,0,0,0,10,0,1.5629768523946894
75,10,0,5,0,0,0,5,0,5,1.0627057319770936
75,10,0,5,0,0,0,5,5,0,1.5387122840875918
75,10,0,5,0,0,0,10,0,0,1.1049336520126765
75,10,0,5,0,0,5,0,0,5,1.2787148480510409
75,10,0,5,0,0,5,0,5,0,1.721411473416392
75,10,0,5,0,0,5,5,0,0,1.2053850214302406
75,10,0,5,0,0,10,0,0,0,1.3316660988402256
75,10,0,5,0,5,0,0,0,5,2.269901598350558
75,10,0,5,0,5,0,0,5,0,2.425360227607522
75,10,0,5,0,5,0,5,0,0,2.3182877109347673
75,10,0,5,0,5,5,0,0,0,2.4685540998025215
75,10,0,5,0,10,0,0,0,0,2.337269701492847
75,10,0,5,5,0,0,0,0,5,0.9379800369396165
75,10,0,5,5,0,0,0,5,0,1.1270730740919839
75,10,0,5,5,0,0,5,0,0,0.8293293998504407
75,10,0,5,5,0,5,0,0,0,1.236388757431152
75,10,0,5,5,5,0,0,0,0,2.2118820735228018
75,10,0,5,10,0,0,0,0,0,0.9465721570233069
75,10,0,10,0,0,0,0,0,5,0.9905953997973872
75,10,0,10,0,0,0,0,5,0,1.4530727579058347
75,10,0,10,0,0,0,5,0,0,0.9750079505767694
75,10,0,10,0,0,5,0,0,0,1.2866998766438351
75,10,0,10,0,5,0,0,0,0,2.294459977171744
75,10,0,10,5,0,0,0,0,0,0.818486654557978
75,10,0,15,0,0,0,0,0,0,1.0513498276721611
75,10,5,0,0,0,0,0,0,10,0.8262988530981352
75,10,5,0,0,0,0,0,5,5,1.4998926866048452
75,10,5,0,0,0,0,0,10,0,1.4798434480703972
75,10,5,0,0,0,0,5,0,5,0.7085478640111661
75,10,5,0,0,0,0,5,5,0,1.4877149136757126
75,10,5,0,0,0,0,10,0,0,0.7789156217727685
75,10,5,0,0,0,5,0,0,5,0.8713721031580954
75,10,5,0,0,0,5,0,5,0,1.5914374823392692
75,10,5,0,0,0,5,5,0,0,0.8603647794612372
75,10,5,0,0,0,10,0,0,0,1.1077718833537704
75,10,5,0,0,5,0,0,0,5,2.207951672156498
75,10,5,0,0,5,0,0,5,0,2.453511379586293
75,10,5,0,0,5,0,5,0,0,2.1994223334347414
75,10,5,0,0,5,5,0,0,0,2.2367067122861837
75,10,5,0,0,10,0,0,0,0,2.213279479167761
75,10,5,0,5,0,0,0,0,5,0.9653434742348608
75,10,5,0,5,0,0,0,5,0,0.9660461895641005
75,10,5,0,5,0,0,5,0,0,0.8473854564615226
75,10,5,0,5,0,5,0,0,0,0.910837622995074
75,10,5,0,5,5,0,0,0,0,2.3048178007320876
75,10,5,0,10,0,0,0,0,0,0.9841223622519236
75,10,5,5,0,0,0,0,0,5,1.0744178947220024
75,10,5,5,0,0,0,0,5,0,1.5382545881415817
75,10,5,5,0,0,0,5,0,0,1.0732603722929217
75,10,5,5,0,0,5,0,0,0,1.366851347229114
75,10,5,5,0,5,0,0,0,0,2.309415538666055
75,10,5,5,5,0,0,0,0,0,0.9171220161226278
75,10,5,10,0,0,0,0,0,0,1.0152191482243447
75,10,10,0,0,0,0,0,0,5,0.8262988530981352
75,10,10,0,0,0,0,0,5,0,1.4798434480703972
75,10,10,0,0,0,0,5,0,0,0.7789156217727685
75,10,10,0,0,0,5,0,0,0,0.9718148764142047
75,10,10,0,0,5,0,0,0,0,2.213279479167761
75,10,10,0,5,0,0,0,0,0,0.9765787341656097
75,10,10,5,0,0,0,0,0,0,1.1373449535062217
75,10,15,0,0,0,0,0,0,0,0.8425028148539789
75,15,0,0,0,0,0,0,0,10,0.8376214791053846
75,15,0,0,0,0,0,0,5,5,1.4905705139250065
75,15,0,0,0,0,0,0,10,0,1.4709200587159408
75,15,0,0,0,0,0,5,0,5,0.7171349328591105
75,15,0,0,0,0,0,5,5,0,1.4900704410560273
75,15,0,0,0,0,0,10,0,0,0.8048477036975779
75,15,0,0,0,0,5,0,0,5,0.8824280590145519
75,15,0,0,0,0,5,0,5,0,1.5841378925523213
75,15,0,0,0,0,5,5,0,0,0.8807216034039164
75,15,0,0,0,0,10,0,0,0,1.1479987474756235
75,15,0,0,0,5,0,0,0,5,2.2196003758720337
75,15,0,0,0,5,0,0,5,0,2.460676840466689
75,15,0,0,0,5,0,5,0,0,2.21747154793508
75,15,0,0,0,5,5,0,0,0,2.2521755723604304
75,15,0,0,0,10,0,0,0,0,2.225920377146549
75,15,0,0,5,0,0,0,0,5,0.948831072538266
75,15,0,0,5,0,0,0,5,0,0.9411909737746528
75,15,0,0,5,0,0,5,0,0,0.8365736216862786
75,15,0,0,5,0,5,0,0,0,0.9305526185364351
75,15,0,0,5,5,0,0,0,0,2.294428514015561
75,15,0,0,10,0,0,0,0,0,0.9809261947534206
75,15,0,5,0,0,0,0,0,5,1.115933627270168
75,15,0,5,0,0,0,0,5,0,1.5629768523946894
75,15,0,5,0,0,0,5,0,0,1.1156947779286823
75,15,0,5,0,0,5,0,0,0,1.415655461486518
75,15,0,5,0,5,0,0,0,0,2.340482123683751
75,15,0,5,5,0,0,0,0,0,0.9580038598347129
75,15,0,10,0,0,0,0,0,0,1.058179607232968
75,15,5,0,0,0,0,0,0,5,0.841595736723082
75,15,5,0,0,0,0,0,5,0,1.4872908486447347
75,15,5,0,0,0,0,5,0,0,0.8053003228171995
75,15,5,0,0,0,5,0,0,0,0.9929597053261636
75,15,5,0,0,5,0,0,0,0,2.224153137796714
75,15,5,0,5,0,0,0,0,0,0.9934030701547549
75,15,5,5,0,0,0,0,0,0,1.1441747330670284
75,15,10,0,0,0,0,0,0,0,0.8626488419670985
75,20,0,0,0,0,0,0,0,5,0.8432530517256991
75,20,0,0,0,0,0,0,5,0,1.474514679537418
75,20,0,0,0,0,0,5,0,0,0.8101525848144138
75,20,0,0,0,0,5,0,0,0,0.9939048920045844
75,20,0,0,0,5,0,0,0,0,2.2315519497668634
75,20,0,0,5,0,0,0,0,0,0.969979045160916
75,20,0,5,0,0,0,0,0,0,1.182342364313682
75,20,5,0,0,0,0,0,0,0,0.8682804145874127
75,25,0,0,0,0,0,0,0,0,0.8681153651335093
80,0,0,0,0,0,0,0,0,20,0.8225898090027616
80,0,0,0,0,0,0,0,5,15,1.3987819726099
80,0,0,0,0,0,0,0,10,10,1.3987819726099
80,0,0,0,0,0,0,0,15,5,1.3987819726099
80,0,0,0,0,0,0,0,20,0,1.4212995014160197
80,0,0,0,0,0,0,5,0,15,0.6883685796425457
80,0,0,0,0,0,0,5,5,10,1.3635258991270183
80,0,0,0,0,0,0,5,10,5,1.3635258991270183
80,0,0,0,0,0,0,5,15,0,1.3674861334013162
80,0,0,0,0,0,0,10,0,10,0.6883685796425457
80,0,0,0,0,0,0,10,5,5,1.3635258991270183
80,0,0,0,0,0,0,10,10,0,1.3674861334013162
80,0,0,0,0,0,0,15,0,5,0.6883685796425457
80,0,0,0,0,0,0,15,5,0,1.3674861334013162
80,0,0,0,0,0,0,20,0,0,0.6616942607699243
80,0,0,0,0,0,5,0,0,15,0.9203289178668441
80,0,0,0,0,0,5,0,5,10,1.5717539667355396
80,0,0,0,0,0,5,0,10,5,1.5717539667355396
80,0,0,0,0,0,5,0,15,0,1.5956601063491587
80,0,0,0,0,0,5,5,0,10,0.7960298477539388
80,0,0,0,0,0,5,5,5,5,1.5037566559096962
80,0,0,0,0,0,5,5,10,0,1.5420924079761194
80,0,0,0,0,0,5,10,0,5,0.7960298477539388
80,0,0,0,0,0,5,10,5,0,1.5420924079761194
80,0,0,0,0,0,5,15,0,0,0.8259965389802223
80,0,0,0,0,0,10,0,0,10,1.0365811706455828
80,0,0,0,0,0,10,0,5,5,1.5559720206907013
80,0,0,0,0,0,10,0,10,0,1.6195915817097852
80,0,0,0,0,0,10,5,0,5,0.8962953824289968
80,0,0,0,0,0,10,5,5,0,1.5070120095434245
80,0,0,0,0,0,10,10,0,0,0.950603179903688
80,0,0,0,0,0,15,0,0,5,1.0365811706455828
80,0,0,0,0,0,15,0,5,0,1.6195915817097852
80,0,0,0,0,0,15,5,0,0,0.950603179903688
80,0,0,0,0,0,20,0,0,0,1.101922882145778
80,0,0,0,0,5,0,0,0,15,2.2235182059196443
80,0,0,0,0,5,0,0,5,10,2.433357810417667
80,0,0,0,0,5,0,0,10,5,2.433357810417667
80,0,0,0,0,5,0,0,15,0,2.4604371972247985
80,0,0,0,0,5,0,5,0,10,2.183122355024795
80,0,0,0,0,5,0,5,5,5,2.429087561819963
80,0,0,0,0,5,0,5,10,0,2.4132471663937967
80,0,0,0,0,5,0,10,0,5,2.183122355024795
80,0,0,0,0,5,0,10,5,0,2.4132471663937967
80,0,0,0,0,5,0,15,0,0,2.131389733163716
80,0,0,0,0,5,5,0,0,10,2.2251183034710174
80,0,0,0,0,5,5,0,5,5,2.505015766838054
80,0,0,0,0,5,5,0,10,0,2.533901053242262
80,0,0,0,0,5,5,5,0,5,2.1979600259577885
80,0,0,0,0,5,5,5,5,0,2.4807783523733233
80,0,0,0,0,5,5,10,0,0,2.193441600426588
80,0,0,0,0,5,10,0,0,5,2.278838063730839
80,0,0,0,0,5,10,0,5,0,2.5135379816002996
80,0,0,0,0,5,10,5,0,0,2.238481033323664
80,0,0,0,0,5,15,0,0,0,2.298613105437956
80,0,0,0,0,10,0,0,0,10,2.2235182059196443
80,0,0,0,0,10,0,0,5,5,2.433357810417667
80,0,0,0,0,10,0,0,10,0,2.4604371972247985
80,0,0,0,0,10,0,5,0,5,2.183122355024795
80,0,0,0,0,10,0,5,5,0,2.4132471663937967
80,0,0,0,0,10,0,10,0,0,2.131389733163716
80,0,0,0,0,10,5,0,0,5,2.2251183034710174
80,0,0,0,0,10,5,0,5,0,2.533901053242262
80,0,0,0,0,10,5,5,0,0,2.193441600426588
80,0,0,0,0,10,10,0,0,0,2.298613105437956
80,0,0,0,0,15,0,0,0,5,2.2235182059196443
80,0,0,0,0,15,0,0,5,0,2.4604371972247985
80,0,0,0,0,15,0,5,0,0,2.131389733163716
80,0,0,0,0,15,5,0,0,0,2.234877270432712
80,0,0,0,0,20,0,0,0,0,2.21581486627388
80,0,0,0,5,0,0,0,0,15,0.7433175238055124
80,0,0,0,5,0,0,0,5,10,0.7030882673309569
80,0,0,0,5,0,0,0,10,5,0.7030882673309569
80,0,0,0,5,0,0,0,15,0,0.7491243375474972
80,0,0,0,5,0,0,5,0,10,0.6490838675934475
80,0,0,0,5,0,0,5,5,5,0.6155792552855162
80,0,0,0,5,0,0,5,10,0,0.6582369806835195
80,0,0,0,5,0,0,10,0,5,0.6490838675934475
80,0,0,0,5,0,0,10,5,0,0.6582369806835195
80,0,0,0,5,0,0,15,0,0,0.6181660991220557
80,0,0,0,5,0,5,0,0,10,0.7474334153147246
80,0,0,0,5,0,5,0,5,5,0.7382431561126082
80,0,0,0,5,0,5,0,10,0,0.7964338504372697
80,0,0,0,5,0,5,5,0,5,0.6744220459740801
80,0,0,0,5,0,5,5,5,0,0.7079029077702935
80,0,0,0,5,0,5,10,0,0,0.6503796643618993
80,0,0,0,5,0,10,0,0,5,0.9314900826762477
80,0,0,0,5,0,10,0,5,0,0.9266413160703411
80,0,0,0,5,0,10,5,0,0,0.8343748721966953
80,0,0,0,5,0,15,0,0,0,0.9261021644047043
80,0,0,0,5,5,0,0,0,10,2.1840942238721333
80,0,0,0,5,5,0,0,5,5,2.030862860376568
80,0,0,0,5,5,0,0,10,0,2.0954895285243693
80,0,0,0,5,5,0,5,0,5,2.13809231463876
80,0,0,0,5,5,0,5,5,0,2.0259360745814847
80,0,0,0,5,5,0,10,0,0,2.120200422065395
80,0,0,0,5,5,5,0,0,5,2.1832782388511673
80,0,0,0,5,5,5,0,5,0,2.126482277854189
80,0,0,0,5,5,5,5,0,0,2.1576076865099942
80,0,0,0,5,5,10,0,0,0,2.247630992411594
80,0,0,0,5,10,0,0,0,5,2.1840942238721333
80,0,0,0,5,10,0,0,5,0,2.0954895285243693
80,0,0,0,5,10,0,5,0,0,2.120200422065395
80,0,0,0,5,10,5,0,0,0,2.202094159544458
80,0,0,0,5,15,0,0,0,0,2.1883851970785266
80,0,0,0,10,0,0,0,0,10,0.7784037600077564
80,0,0,0,10,0,0,0,5,5,0.7321954802835875
80,0,0,0,10,0,0,0,10,0,0.7533333653050002
80,0,0,0,10,0,0,5,0,5,0.6734089778796855
80,0,0,0,10,0,0,5,5,0,0.6642433188517611
80,0,0,0,10,0,0,10,0,0,0.6292300687861156
80,0,0,0,10,0,5,0,0,5,0.7820061342567574
80,0,0,0,10,0,5,0,5,0,0.8111043227142801
80,0,0,0,10,0,5,5,0,0,0.6719050785454667
80,0,0,0,10,0,10,0,0,0,0.9370461837133395
80,0,0,0,10,5,0,0,0,5,2.2016122911459903
80,0,0,0,10,5,0,0,5,0,2.0844165661959444
80,0,0,0,10,5,0,5,0,0,2.1159824016435276
80,0,0,0,10,5,5,0,0,0,2.206540273231359
80,0,0,0,10,10,0,0,0,0,2.1823698662459203
80,0,0,0,15,0,0,0,0,5,0.7784037600077564
80,0,0,0,15,0,0,0,5,0,0.7533333653050002
80,0,0,0,15,0,0,5,0,0,0.6292300687861156
80,0,0,0,15,0,5,0,0,0,0.768348882747269
80,0,0,0,15,5,0,0,0,0,2.1823698662459203
80,0,0,0,20,0,0,0,0,0,0.7391883274135624
80,0,0,5,0,0,0,0,0,15,1.1031342926364276
80,0,0,5,0,0,0,0,5,10,1.4653140374826328
80,0,0,5,0,0,0,0,10,5,1.4653140374826328
80,0,0,5,0,0,0,0,15,0,1.5544816859571895
80,0,0,5,0,0,0,5,0,10,1.1290952130810172
80,0,0,5,0,0,0,5,5,5,1.5048668923860464
80,0,0,5,0,0,0,5,10,0,1.5620261898801366
80,0,0,5,0,0,0,10,0,5,1.1290952130810172
80,0,0,5,0,0,0,10,5,0,1.5620261898801366
80,0,0,5,0,0,0,15,0,0,1.1703168259754053
80,0,0,5,0,0,5,0,0,10,1.1772427214277714
80,0,0,5,0,0,5,0,5,5,1.5383075422869354
80,0,0,5,0,0,5,0,10,0,1.6245424700569315
80,0,0,5,0,0,5,5,0,5,1.19767066369513
80,0,0,5,0,0,5,5,5,0,1.614955523843077
80,0,0,5,0,0,5,10,0,0,1.268544510677401
80,0,0,5,0,0,10,0,0,5,1.088622163023965
80,0,0,5,0,0,10,0,5,0,1.5021809853357597
80,0,0,5,0,0,10,5,0,0,1.1877716949315102
80,0,0,5,0,0,15,0,0,0,1.1889389706510816
80,0,0,5,0,5,0,0,0,10,2.2800925741674676
80,0,0,5,0,5,0,0,5,5,2.3356574201771996
80,0,0,5,0,5,0,0,10,0,2.4326623321676113
80,0,0,5,0,5,0,5,0,5,2.2946866687017877
80,0,0,5,0,5,0,5,5,0,2.435475774638769
80,0,0,5,0,5,0,10,0,0,2.324849609344293
80,0,0,5,0,5,5,0,0,5,2.307192379341392
80,0,0,5,0,5,5,0,5,0,2.477719009608386
80,0,0,5,0,5,5,5,0,0,2.386324695078156
80,0,0,5,0,5,10,0,0,0,2.3536953717298035
80,0,0,5,0,10,0,0,0,5,2.2800925741674676
80,0,0,5,0,10,0,0,5,0,2.4326623321676113
80,0,0,5,0,10,0,5,0,0,2.324849609344293
80,0,0,5,0,10,5,0,0,0,2.366221072429129
80,0,0,5,0,15,0,0,0,0,2.3446776891193064
80,0,0,5,5,0,0,0,0,10,0.9132214509260628
80,0,0,5,5,0,0,0,5,5,1.0260268667613
80,0,0,5,5,0,0,0,10,0,1.1153068587948654
80,0,0,5,5,0,0,5,0,5,0.9453495516707432
80,0,0,5,5,0,0,5,5,0,1.122021891791775
80,0,0,5,5,0,0,10,0,0,1.024242533349482
80,0,0,5,5,0,5,0,0,5,0.9909317313836418
80,0,0,5,5,0,5,0,5,0,1.1998182296468967
80,0,0,5,5,0,5,5,0,0,1.106492214399063
80,0,0,5,5,0,10,0,0,0,1.016540873977682
80,0,0,5,5,5,0,0,0,5,2.184532017033666
80,0,0,5,5,5,0,0,5,0,2.1851817878288404
80,0,0,5,5,5,0,5,0,0,2.23528477889452
80,0,0,5,5,5,5,0,0,0,2.266151425112904
80,0,0,5,5,10,0,0,0,0,2.248687069069463
80,0,0,5,10,0,0,0,0,5,0.9225190526504674
80,0,0,5,10,0,0,0,5,0,1.1158203760550764
80,0,0,5,10,0,0,5,0,0,1.024756050609693
80,0,0,5,10,0,5,0,0,0,1.0907179296641538
80,0,0,5,10,5,0,0,0,0,2.2492005863296742
80,0,0,5,15,0,0,0,0,0,0.9826961240991217
80,0,0,10,0,0,0,0,0,10,0.9932430532326206
80,0,0,10,0,0,0,0,5,5,1.363192436217931
80,0,0,10,0,0,0,0,10,0,1.4523600846924878
80,0,0,10,0,0,0,5,0,5,1.0114040775231805
80,0,0,10,0,0,0,5,5,0,1.4521046924614052
80,0,0,10,0,0,0,10,0,0,1.0526256904175684
80,0,0,10,0,0,5,0,0,5,1.0673514820239647
80,0,0,10,0,0,5,0,5,0,1.52242086879223
80,0,0,10,0,0,5,5,0,0,1.1508533751195642
80,0,0,10,0,0,10,0,0,0,1.0817492827574737
80,0,0,10,0,5,0,0,0,5,2.2450653430705176
80,0,0,10,0,5,0,0,5,0,2.3976351010706614
80,0,0,10,0,5,0,5,0,0,2.2898223782473437
80,0,0,10,0,5,5,0,0,0,2.331193841332179
80,0,0,10,0,10,0,0,0,0,2.309650458022357
80,0,0,10,5,0,0,0,0,5,0.7973705143388042
80,0,0,10,5,0,0,0,5,0,1.0072255603467117
80,0,0,10,5,0,0,5,0,0,0.9005917006081937
80,0,0,10,5,0,5,0,0,0,0.9748669930768951
80,0,0,10,5,5,0,0,0,0,2.210992629322977
80,0,0,10,10,0,0,0,0,0,0.8668451875118631
80,0,0,15,0,0,0,0,0,5,0.9932430532326206
80,0,0,15,0,0,0,0,5,0,1.4523600846924878
80,0,0,15,0,0,0,5,0,0,1.0526256904175684
80,0,0,15,0,0,5,0,0,0,1.1484045125058258
80,0,0,15,0,5,0,0,0,0,2.309650458022357
80,0,0,15,5,0,0,0,0,0,0.866331670251652
80,0,0,20,0,0,0,0,0,0,1.080640825467497
80,0,5,0,0,0,0,0,0,15,0.8501606947932477
80,0,5,0,0,0,0,0,5,10,1.4567440590926288
80,0,5,0,0,0,0,0,10,5,1.4567440590926288
80,0,5,0,0,0,0,0,15,0,1.4745790966036256
80,0,5,0,0,0,0,5,0,10,0.7343457440938543
80,0,5,0,0,0,0,5,5,5,1.4305330924357784
80,0,5,0,0,0,0,5,10,0,1.4231691449603603
80,0,5,0,0,0,0,10,0,5,0.7343457440938543
80,0,5,0,0,0,0,10,5,0,1.4231691449603603
80,0,5,0,0,0,0,15,0,0,0.6921799823418856
80,0,5,0,0,0,5,0,0,10,0.9453232904581563
80,0,5,0,0,0,5,0,5,5,1.6313632275370573
80,0,5,0,0,0,5,0,10,0,1.6446447728337352
80,0,5,0,0,0,5,5,0,5,0.826932752242018
80,0,5,0,0,0,5,5,5,0,1.5692955136681197
80,0,5,0,0,0,5,10,0,0,0.8432896338602467
80,0,5,0,0,0,10,0,0,5,1.0450560589522417
80,0,5,0,0,0,10,0,5,0,1.603615242780932
80,0,5,0,0,0,10,5,0,0,0.9331891805785131
80,0,5,0,0,0,15,0,0,0,1.0843523580333918
80,0,5,0,0,5,0,0,0,10,2.2275353747998397
80,0,5,0,0,5,0,0,5,5,2.450127383671843
80,0,5,0,0,5,0,0,10,0,2.4725242791838515
80,0,5,0,0,5,0,5,0,5,2.1946766939354068
80,0,5,0,0,5,0,5,5,0,2.4538327705026366
80,0,5,0,0,5,0,10,0,0,2.1379953157833333
80,0,5,0,0,5,5,0,0,5,2.2323413190956654
80,0,5,0,0,5,5,0,5,0,2.541693206498285
80,0,5,0,0,5,5,5,0,0,2.1944569632570596
80,0,5,0,0,5,10,0,0,0,2.269947798851802
80,0,5,0,0,10,0,0,0,5,2.2275353747998397
80,0,5,0,0,10,0,0,5,0,2.4725242791838515
80,0,5,0,0,10,0,5,0,0,2.1379953157833333
80,0,5,0,0,10,5,0,0,0,2.230979890281181
80,0,5,0,0,15,0,0,0,0,2.215280599433507
80,0,5,0,5,0,0,0,0,10,0.7982096199681421
80,0,5,0,5,0,0,0,5,5,0.7802724618711336
80,0,5,0,5,0,0,0,10,0,0.8426295623949247
80,0,5,0,5,0,0,5,0,5,0.7087737684843668
80,0,5,0,5,0,0,5,5,0,0.7888246478748764
80,0,5,0,5,0,0,10,0,0,0.6785030078174915
80,0,5,0,5,0,5,0,0,5,0.7577720130889983
80,0,5,0,5,0,5,0,5,0,0.8445472216458291
80,0,5,0,5,0,5,5,0,0,0.6620346099940788
80,0,5,0,5,0,10,0,0,0,0.921716727002502
80,0,5,0,5,5,0,0,0,5,2.201876682264216
80,0,5,0,5,5,0,0,5,0,2.1396861413566537
80,0,5,0,5,5,0,5,0,0,2.157482169366107
80,0,5,0,5,5,5,0,0,0,2.2002524434320434
80,0,5,0,5,10,0,0,0,0,2.214843511702327
80,0,5,0,10,0,0,0,0,5,0.825050964829414
80,0,5,0,10,0,0,0,5,0,0.8385936988114554
80,0,5,0,10,0,0,5,0,0,0.6813220861405795
80,0,5,0,10,0,5,0,0,0,0.7775627004854602
80,0,5,0,10,5,0,0,0,0,2.2088281808697205
80,0,5,0,15,0,0,0,0,0,0.7987066472466409
80,0,5,5,0,0,0,0,0,10,1.039709816151601
80,0,5,5,0,0,0,0,5,5,1.4092298054255012
80,0,5,5,0,0,0,0,10,0,1.456353656382763
80,0,5,5,0,0,0,5,0,5,1.0535749085512252
80,0,5,5,0,0,0,5,5,0,1.4753037374171436
80,0,5,5,0,0,0,10,0,0,1.0379893768868795
80,0,5,5,0,0,5,0,0,5,1.097976189564683
80,0,5,5,0,0,5,0,5,0,1.5232444897852506
80,0,5,5,0,0,5,5,0,0,1.1479919270691064
80,0,5,5,0,0,10,0,0,0,1.0435347457644284
80,0,5,5,0,5,0,0,0,5,2.231766440963084
80,0,5,5,0,5,0,0,5,0,2.366943029030773
80,0,5,5,0,5,0,5,0,0,2.254450973004872
80,0,5,5,0,5,5,0,0,0,2.288488774010801
80,0,5,5,0,10,0,0,0,0,2.2684888466608055
80,0,5,5,5,0,0,0,0,5,0.8496304180981912
80,0,5,5,5,0,0,0,5,0,1.0276841350417396
80,0,5,5,5,0,0,5,0,0,0.8809778379625252
80,0,5,5,5,0,5,0,0,0,0.9736373856529897
80,0,5,5,5,5,0,0,0,0,2.1876307860856667
80,0,5,5,10,0,0,0,0,0,0.8810785201994724
80,0,5,10,0,0,0,0,0,5,0.9298185767477942
80,0,5,10,0,0,0,0,5,0,1.3542320551180618
80,0,5,10,0,0,0,5,0,0,0.9202982413290427
80,0,5,10,0,0,5,0,0,0,1.0168582676476494
80,0,5,10,0,5,0,0,0,0,2.2334616155638556
80,0,5,10,5,0,0,0,0,0,0.7647140663520031
80,0,5,15,0,0,0,0,0,0,0.963584742105628
80,0,10,0,0,0,0,0,0,10,0.8501606947932477
80,0,10,0,0,0,0,0,5,5,1.4567440590926288
80,0,10,0,0,0,0,0,10,0,1.4745790966036256
80,0,10,0,0,0,0,5,0,5,0.7343457440938543
80,0,10,0,0,0,0,5,5,0,1.4231691449603603
80,0,10,0,0,0,0,10,0,0,0.6921799823418856
80,0,10,0,0,0,5,0,0,5,0.9453232904581563
80,0,10,0,0,0,5,0,5,0,1.6446447728337352
80,0,10,0,0,0,5,5,0,0,0.8432896338602467
80,0,10,0,0,0,10,0,0,0,1.0843523580333918
80,0,10,0,0,5,0,0,0,5,2.2275353747998397
80,0,10,0,0,5,0,0,5,0,2.4725242791838515
80,0,10,0,0,5,0,5,0,0,2.1379953157833333
80,0,10,0,0,5,5,0,0,0,2.230979890281181
80,0,10,0,0,10,0,0,0,0,2.215280599433507
80,0,10,0,5,0,0,0,0,5,0.7982096199681421
80,0,10,0,5,0,0,0,5,0,0.8426295623949247
80,0,10,0,5,0,0,5,0,0,0.6785030078174915
80,0,10,0,5,0,5,0,0,0,0.7617659430678304
80,0,10,0,5,5,0,0,0,0,2.214843511702327
80,0,10,0,10,0,0,0,0,0,0.7987066472466409
80,0,10,5,0,0,0,0,0,5,1.039709816151601
80,0,10,5,0,0,0,0,5,0,1.456353656382763
80,0,10,5,0,0,0,5,0,0,1.0379893768868795
80,0,10,5,0,0,5,0,0,0,1.1267495070514564
80,0,10,5,0,5,0,0,0,0,2.2684888466608055
80,0,10,5,5,0,0,0,0,0,0.8805650029392615
80,0,10,10,0,0,0,0,0,0,0.963584742105628
80,0,15,0,0,0,0,0,0,5,0.8501606947932477
80,0,15,0,0,0,0,0,5,0,1.4745790966036256
80,0,15,0,0,0,0,5,0,0,0.6921799823418856
80,0,15,0,0,0,5,0,0,0,0.9613958739937878
80,0,15,0,0,5,0,0,0,0,2.215280599433507
80,0,15,0,5,0,0,0,0,0,0.7933713343485185
80,0,15,5,0,0,0,0,0,0,1.0734759815094348
80,0,20,0,0,0,0,0,0,0,0.8513785240313296
80,5,0,0,0,0,0,0,0,15,0.8575967578486522
80,5,0,0,0,0,0,0,5,10,1.5116757110301342
80,5,0,0,0,0,0,0,10,5,1.5116757110301342
80,5,0,0,0,0,0,0,15,0,1.488411206417089
80,5,0,0,0,0,0,5,0,10,0.75291798167139
80,5,0,0,0,0,0,5,5,5,1.5152040830626379
80,5,0,0,0,0,0,5,10,0,1.5353184127580712
80,5,0,0,0,0,0,10,0,5,0.75291798167139
80,5,0,0,0,0,0,10,5,0,1.5353184127580712
80,5,0,0,0,0,0,15,0,0,0.8266593608497278
80,5,0,0,0,0,5,0,0,10,0.8978420976037725
80,5,0,0,0,0,5,0,5,5,1.571985179684755
80,5,0,0,0,0,5,0,10,0,1.5960351442212855
80,5,0,0,0,0,5,5,0,5,0.8068771355662908
80,5,0,0,0,0,5,5,5,0,1.6056474690978129
80,5,0,0,0,0,5,10,0,0,0.8939692043223176
80,5,0,0,0,0,10,0,0,5,1.0178894628925255
80,5,0,0,0,0,10,0,5,0,1.6424382396740222
80,5,0,0,0,0,10,5,0,0,0.9920935948276047
80,5,0,0,0,0,15,0,0,0,1.1676034677148255
80,5,0,0,0,5,0,0,0,10,2.2157113669567114
80,5,0,0,0,5,0,0,5,5,2.476999328913476
80,5,0,0,0,5,0,0,10,0,2.4642359104258706
80,5,0,0,0,5,0,5,0,5,2.1867603937025875
80,5,0,0,0,5,0,5,5,0,2.5265732580931037
80,5,0,0,0,5,0,10,0,0,2.228016529432762
80,5,0,0,0,5,5,0,0,5,2.2214103344831626
80,5,0,0,0,5,5,0,5,0,2.5161176317206886
80,5,0,0,0,5,5,5,0,0,2.26197448840085
80,5,0,0,0,5,10,0,0,0,2.325702247688821
80,5,0,0,0,10,0,0,0,5,2.2157113669567114
80,5,0,0,0,10,0,0,5,0,2.4642359104258706
80,5,0,0,0,10,0,5,0,0,2.228016529432762
80,5,0,0,0,10,5,0,0,0,2.239098046591447
80,5,0,0,0,15,0,0,0,0,2.2184367474097493
80,5,0,0,5,0,0,0,0,10,0.9504303322316483
80,5,0,0,5,0,0,0,5,5,0.8795689406900553
80,5,0,0,5,0,0,0,10,0,0.9268752298931389
80,5,0,0,5,0,0,5,0,5,0.786647347306942
80,5,0,0,5,0,0,5,5,0,0.8390110265269844
80,5,0,0,5,0,0,10,0,0,0.8220790205350396
80,5,0,0,5,0,5,0,0,5,0.8428312011691834
80,5,0,0,5,0,5,0,5,0,0.9193183759670012
80,5,0,0,5,0,5,5,0,0,0.7702522875668771
80,5,0,0,5,0,10,0,0,0,1.1234159719216377
80,5,0,0,5,5,0,0,0,5,2.2793240453080155
80,5,0,0,5,5,0,0,5,0,2.167395062644911
80,5,0,0,5,5,0,5,0,0,2.2573197009495765
80,5,0,0,5,5,5,0,0,0,2.2817376152046784
80,5,0,0,5,10,0,0,0,0,2.2818592350594646
80,5,0,0,10,0,0,0,0,5,0.9793164811089006
80,5,0,0,10,0,0,0,5,0,0.9350477965484152
80,5,0,0,10,0,0,5,0,0,0.8320488976010546
80,5,0,0,10,0,5,0,0,0,0.9380191476125448
80,5,0,0,10,5,0,0,0,0,2.281247717250547
80,5,0,0,15,0,0,0,0,0,0.9725543413634539
80,5,0,5,0,0,0,0,0,10,1.1437939345624755
80,5,0,5,0,0,0,0,5,5,1.5920421988464302
80,5,0,5,0,0,0,0,10,0,1.5898163706729884
80,5,0,5,0,0,0,5,0,5,1.1134587770189064
80,5,0,5,0,0,0,5,5,0,1.587119527294754
80,5,0,5,0,0,0,10,0,0,1.1510690703282613
80,5,0,5,0,0,5,0,0,5,1.309926687073124
80,5,0,5,0,0,5,0,5,0,1.7443748216256412
80,5,0,5,0,0,5,5,0,0,1.2469253455124811
80,5,0,5,0,0,10,0,0,0,1.3649280405540474
80,5,0,5,0,5,0,0,0,5,2.27824802494378
80,5,0,5,0,5,0,0,5,0,2.43240659481927
80,5,0,5,0,5,0,5,0,0,2.344607241635376
80,5,0,5,0,5,5,0,0,0,2.4694297355052175
80,5,0,5,0,10,0,0,0,0,2.342021507264592
80,5,0,5,5,0,0,0,0,5,0.9447324055658113
80,5,0,5,5,0,0,0,5,0,1.1250169167476147
80,5,0,5,5,0,0,5,0,0,0.830930563458318
80,5,0,5,5,0,5,0,0,0,1.2465111508975444
80,5,0,5,5,5,0,0,0,0,2.204655658081248
80,5,0,5,10,0,0,0,0,0,0.9454913155960952
80,5,0,10,0,0,0,0,0,5,1.0216681292805987
80,5,0,10,0,0,0,0,5,0,1.4799122761841335
80,5,0,10,0,0,0,5,0,0,1.0211433688923546
80,5,0,10,0,0,5,0,0,0,1.3145926236738672
80,5,0,10,0,5,0,0,0,0,2.2992117829434893
80,5,0,10,5,0,0,0,0,0,0.8174058131307664
80,5,0,15,0,0,0,0,0,0,1.08278201923752
80,5,5,0,0,0,0,0,0,10,0.8643880293668907
80,5,5,0,0,0,0,0,5,5,1.5284452842843104
80,5,5,0,0,0,0,0,10,0,1.5047819963458828
80,5,5,0,0,0,0,5,0,5,0.7677887919728126
80,5,5,0,0,0,0,5,5,0,1.542871013400033
80,5,5,0,0,0,0,10,0,0,0.8299289938698908
80,5,5,0,0,0,5,0,0,5,0.9066764479925794
80,5,5,0,0,0,5,0,5,0,1.6117809363814102
80,5,5,0,0,0,5,5,0,0,0.9015792151990126
80,5,5,0,0,0,10,0,0,0,1.1389381611286715
80,5,5,0,0,5,0,0,0,5,2.2149363218701286
80,5,5,0,0,5,0,0,5,0,2.4600946251238183
80,5,5,0,0,5,0,5,0,0,2.225099011420054
80,5,5,0,0,5,5,0,0,0,2.2355016469449924
80,5,5,0,0,10,0,0,0,0,2.216669508059914
80,5,5,0,5,0,0,0,0,5,0.97591558006073
80,5,5,0,5,0,0,0,5,0,0.9623951893984927
80,5,5,0,5,0,0,5,0,0,0.850164684322586
80,5,5,0,5,0,5,0,0,0,0.9288757611181913
80,5,5,0,5,5,0,0,0,0,2.2984900404959037
80,5,5,0,10,0,0,0,0,0,0.9925748448511018
80,5,5,5,0,0,0,0,0,5,1.1054906242052136
80,5,5,5,0,0,0,0,5,0,1.5650941064198802
80,5,5,5,0,0,0,5,0,0,1.119395790608507
80,5,5,5,0,0,5,0,0,0,1.3947440942591456
80,5,5,5,0,5,0,0,0,0,2.3141673444378
80,5,5,5,5,0,0,0,0,0,0.916041174695416
80,5,5,10,0,0,0,0,0,0,1.046651339789704
80,5,10,0,0,0,0,0,0,5,0.8643880293668907
80,5,10,0,0,0,0,0,5,0,1.5047819963458828
80,5,10,0,0,0,0,5,0,0,0.8299289938698908
80,5,10,0,0,0,5,0,0,0,1.010714036874082
80,5,10,0,0,5,0,0,0,0,2.216669508059914
80,5,10,0,5,0,0,0,0,0,0.985031216764788
80,5,10,5,0,0,0,0,0,0,1.1687771450715807
80,5,15,0,0,0,0,0,0,0,0.8903106145329736
80,10,0,0,0,0,0,0,0,10,0.8195075815798967
80,10,0,0,0,0,0,0,5,5,1.483123113350669
80,10,0,0,0,0,0,0,10,0,1.4634726581416035
80,10,0,0,0,0,0,5,0,5,0.6936770537097436
80,10,0,0,0,0,0,5,5,0,1.480162313033751
80,10,0,0,0,0,0,10,0,0,0.7756459887526056
80,10,0,0,0,0,5,0,0,5,0.8625377527692885
80,10,0,0,0,0,5,0,5,0,1.5756916901791445
80,10,0,0,0,0,5,5,0,0,0.8527547685845422
80,10,0,0,0,0,10,0,0,0,1.1364371899399246
80,10,0,0,0,5,0,0,0,5,2.2087267172430805
80,10,0,0,0,5,0,0,5,0,2.457652664888345
80,10,0,0,0,5,0,5,0,0,2.2023398514474493
80,10,0,0,0,5,5,0,0,0,2.240303111932638
80,10,0,0,0,10,0,0,0,0,2.2150467185175957
80,10,0,0,5,0,0,0,0,5,0.9398582264057792
80,10,0,0,5,0,0,0,5,0,0.9305262300587469
80,10,0,0,5,0,0,5,0,0,0.8192997926739765
80,10,0,0,5,0,5,0,0,0,0.9121071085568039
80,10,0,0,5,5,0,0,0,0,2.2881869952956486
80,10,0,0,10,0,0,0,0,0,0.9641018587642755
80,10,0,5,0,0,0,0,0,5,1.112721205079264
80,10,0,5,0,0,0,0,5,0,1.5629768523946894
80,10,0,5,0,0,0,5,0,0,1.1049336520126765
80,10,0,5,0,0,5,0,0,0,1.4088256819257117
80,10,0,5,0,5,0,0,0,0,2.337269701492847
80,10,0,5,5,0,0,0,0,0,0.9465721570233069
80,10,0,10,0,0,0,0,0,0,1.0513498276721611
80,10,5,0,0,0,0,0,0,5,0.8262988530981352
80,10,5,0,0,0,0,0,5,0,1.4798434480703972
80,10,5,0,0,0,0,5,0,0,0.7789156217727685
80,10,5,0,0,0,5,0,0,0,0.9718148764142047
80,10,5,0,0,5,0,0,0,0,2.213279479167761
80,10,5,0,5,0,0,0,0,0,0.9765787341656097
80,10,5,5,0,0,0,0,0,0,1.1373449535062217
80,10,10,0,0,0,0,0,0,0,0.8425028148539789
80,15,0,0,0,0,0,0,0,5,0.8376214791053846
80,15,0,0,0,0,0,0,5,0,1.4709200587159408
80,15,0,0,0,0,0,5,0,0,0.8048477036975779
80,15,0,0,0,0,5,0,0,0,0.9924670436759936
80,15,0,0,0,5,0,0,0,0,2.225920377146549
80,15,0,0,5,0,0,0,0,0,0.9651376753261347
80,15,0,5,0,0,0,0,0,0,1.1803054125148449
80,15,5,0,0,0,0,0,0,0,0.8626488419670985
80,20,0,0,0,0,0,0,0,0,0.8681153651335093
85,0,0,0,0,0,0,0,0,15,0.8208390811217781
85,0,0,0,0,0,0,0,5,10,1.4020637138789847
85,0,0,0,0,0,0,0,10,5,1.4020637138789847
85,0,0,0,0,0,0,0,15,0,1.4245812426851043
85,0,0,0,0,0,0,5,0,10,0.6722155224943238
85,0,0,0,0,0,0,5,5,5,1.3524053111288643
85,0,0,0,0,0,0,5,10,0,1.3563655454031625
85,0,0,0,0,0,0,10,0,5,0.6722155224943238
85,0,0,0,0,0,0,10,5,0,1.3563655454031625
85,0,0,0,0,0,0,15,0,0,0.6433844311288162
85,0,0,0,0,0,5,0,0,10,0.9203289178668441
85,0,0,0,0,0,5,0,5,5,1.5717539667355396
85,0,0,0,0,0,5,0,10,0,1.5956601063491587
85,0,0,0,0,0,5,5,0,5,0.7924352269324615
85,0,0,0,0,0,5,5,5,0,1.538497787154642
85,0,0,0,0,0,5,10,0,0,0.8202451456658586
85,0,0,0,0,0,10,0,0,5,1.0365811706455828
85,0,0,0,0,0,10,0,5,0,1.6195915817097852
85,0,0,0,0,0,10,5,0,0,0.9470085590822107
85,0,0,0,0,0,15,0,0,0,1.101922882145778
85,0,0,0,0,5,0,0,0,10,2.2184857367695763
85,0,0,0,0,5,0,0,5,5,2.433357810417667
85,0,0,0,0,5,0,0,10,0,2.4604371972247985
85,0,0,0,0,5,0,5,0,5,2.1744952650532494
85,0,0,0,0,5,0,5,5,0,2.4096525455723192
85,0,0,0,0,5,0,10,0,0,2.1227626431921705
85,0,0,0,0,5,5,0,0,5,2.2251183034710174
85,0,0,0,0,5,5,0,5,0,2.533901053242262
85,0,0,0,0,5,5,5,0,0,2.1898469796051105
85,0,0,0,0,5,10,0,0,0,2.298613105437956
85,0,0,0,0,10,0,0,0,5,2.2184857367695763
85,0,0,0,0,10,0,0,5,0,2.4604371972247985
85,0,0,0,0,10,0,5,0,0,2.1227626431921705
85,0,0,0,0,10,5,0,0,0,2.234877270432712
85,0,0,0,0,15,0,0,0,0,2.210782397123812
85,0,0,0,5,0,0,0,0,10,0.7433175238055124
85,0,0,0,5,0,0,0,5,5,0.7030882673309569
85,0,0,0,5,0,0,0,10,0,0.7491243375474972
85,0,0,0,5,0,0,5,0,5,0.6490838675934475
85,0,0,0,5,0,0,5,5,0,0.6582369806835195
85,0,0,0,5,0,0,10,0,0,0.6181660991220557
85,0,0,0,5,0,5,0,0,5,0.7474334153147246
85,0,0,0,5,0,5,0,5,0,0.7964338504372697
85,0,0,0,5,0,5,5,0,0,0.6503796643618993
85,0,0,0,5,0,10,0,0,0,0.9261021644047043
85,0,0,0,5,5,0,0,0,5,2.1840942238721333
85,0,0,0,5,5,0,0,5,0,2.0954895285243693
85,0,0,0,5,5,0,5,0,0,2.120200422065395
85,0,0,0,5,5,5,0,0,0,2.202094159544458
85,0,0,0,5,10,0,0,0,0,2.1883851970785266
85,0,0,0,10,0,0,0,0,5,0.7784037600077564
85,0,0,0,10,0,0,0,5,0,0.7533333653050002
85,0,0,0,10,0,0,5,0,0,0.6292300687861156
85,0,0,0,10,0,5,0,0,0,0.768348882747269
85,0,0,0,10,5,0,0,0,0,2.1823698662459203
85,0,0,0,15,0,0,0,0,0,0.7391883274135624
85,0,0,5,0,0,0,0,0,10,1.1064160339055125
85,0,0,5,0,0,0,0,5,5,1.468595778751717
85,0,0,5,0,0,0,0,10,0,1.5577634272262744
85,0,0,5,0,0,0,5,0,5,1.1179746250828633
85,0,0,5,0,0,0,5,5,0,1.5509056018819825
85,0,0,5,0,0,0,10,0,0,1.1591962379772514
85,0,0,5,0,0,5,0,0,5,1.1772427214277714
85,0,0,5,0,0,5,0,5,0,1.6245424700569315
85,0,0,5,0,0,5,5,0,0,1.2649498898559235
85,0,0,5,0,0,10,0,0,0,1.1889389706510816
85,0,0,5,0,5,0,0,0,5,2.2800925741674676
85,0,0,5,0,5,0,0,5,0,2.4326623321676113
85,0,0,5,0,5,0,5,0,0,2.3212549885228158
85,0,0,5,0,5,5,0,0,0,2.366221072429129
85,0,0,5,0,10,0,0,0,0,2.3446776891193064
85,0,0,5,5,0,0,0,0,5,0.9132214509260628
85,0,0,5,5,0,0,0,5,0,1.1153068587948654
85,0,0,5,5,0,0,5,0,0,1.024242533349482
85,0,0,5,5,0,5,0,0,0,1.0907179296641538
85,0,0,5,5,5,0,0,0,0,2.248687069069463
85,0,0,5,10,0,0,0,0,0,0.9826961240991217
85,0,0,10,0,0,0,0,0,5,0.9965247945017055
85,0,0,10,0,0,0,0,5,0,1.4556418259615724
85,0,0,10,0,0,0,5,0,0,1.0415051024194146
85,0,0,10,0,0,5,0,0,0,1.1484045125058258
85,0,0,10,0,5,0,0,0,0,2.309650458022357
85,0,0,10,5,0,0,0,0,0,0.866331670251652
85,0,0,15,0,0,0,0,0,0,1.0839225667365817
85,0,5,0,0,0,0,0,0,10,0.8534424360623325
85,0,5,0,0,0,0,0,5,5,1.4600258003617135
85,0,5,0,0,0,0,0,10,0,1.4778608378727103
85,0,5,0,0,0,0,5,0,5,0.7232251560957005
85,0,5,0,0,0,0,5,5,0,1.4120485569622065
85,0,5,0,0,0,0,10,0,0,0.6789026218508453
85,0,5,0,0,0,5,0,0,5,0.9453232904581563
85,0,5,0,0,0,5,0,5,0,1.6446447728337352
85,0,5,0,0,0,5,5,0,0,0.8375382405458831
85,0,5,0,0,0,10,0,0,0,1.0843523580333918
85,0,5,0,0,5,0,0,0,5,2.2275353747998397
85,0,5,0,0,5,0,0,5,0,2.4725242791838515
85,0,5,0,0,5,0,5,0,0,2.134400694961856
85,0,5,0,0,5,5,0,0,0,2.230979890281181
85,0,5,0,0,10,0,0,0,0,2.215280599433507
85,0,5,0,5,0,0,0,0,5,0.7982096199681421
85,0,5,0,5,0,0,0,5,0,0.8426295623949247
85,0,5,0,5,0,0,5,0,0,0.6785030078174915
85,0,5,0,5,0,5,0,0,0,0.7617659430678304
85,0,5,0,5,5,0,0,0,0,2.214843511702327
85,0,5,0,10,0,0,0,0,0,0.7987066472466409
85,0,5,5,0,0,0,0,0,5,1.0429915574206858
85,0,5,5,0,0,0,0,5,0,1.4596353976518481
85,0,5,5,0,0,0,5,0,0,1.0268687888887256
85,0,5,5,0,0,5,0,0,0,1.1267495070514564
85,0,5,5,0,5,0,0,0,0,2.2684888466608055
85,0,5,5,5,0,0,0,0,0,0.8805650029392615
85,0,5,10,0,0,0,0,0,0,0.9668664833747128
85,0,10,0,0,0,0,0,0,5,0.8534424360623325
85,0,10,0,0,0,0,0,5,0,1.4778608378727103
85,0,10,0,0,0,0,5,0,0,0.6789026218508453
85,0,10,0,0,0,5,0,0,0,0.9592391015009015
85,0,10,0,0,5,0,0,0,0,2.215280599433507
85,0,10,0,5,0,0,0,0,0,0.7933713343485185
85,0,10,5,0,0,0,0,0,0,1.0767577227785194
85,0,15,0,0,0,0,0,0,0,0.852503492807528
85,5,0,0,0,0,0,0,0,10,0.8591159073248288
85,5,0,0,0,0,0,0,5,5,1.518227329656379
85,5,0,0,0,0,0,0,10,0,1.4949628250433338
85,5,0,0,0,0,0,5,0,5,0.7400348018803281
85,5,0,0,0,0,0,5,5,0,1.5274677021170775
85,5,0,0,0,0,0,10,0,0,0.8116194085657794
85,5,0,0,0,0,5,0,0,5,0.9011119749609325
85,5,0,0,0,0,5,0,5,0,1.5993050215784457
85,5,0,0,0,0,5,5,0,0,0.8914876883651139
85,5,0,0,0,0,10,0,0,0,1.1676034677148255
85,5,0,0,0,5,0,0,0,5,2.213948775163803
85,5,0,0,0,5,0,0,5,0,2.467505787783031
85,5,0,0,0,5,0,5,0,0,2.222659316818376
85,5,0,0,0,5,5,0,0,0,2.242367923948607
85,5,0,0,0,10,0,0,0,0,2.2166741556168414
85,5,0,0,5,0,0,0,0,5,0.953267934397443
85,5,0,0,5,0,0,0,5,0,0.9297128320589336
85,5,0,0,5,0,0,5,0,0,0.8245571606186866
85,5,0,0,5,0,5,0,0,0,0.9329828488457159
85,5,0,0,5,5,0,0,0,0,2.285129112416625
85,5,0,0,10,0,0,0,0,0,0.9753919435292484
85,5,0,5,0,0,0,0,0,5,1.1470756758315601
85,5,0,5,0,0,0,0,5,0,1.593098111942073
85,5,0,5,0,0,0,5,0,0,1.1399484823301078
85,5,0,5,0,0,5,0,0,0,1.436718428955743
85,5,0,5,0,5,0,0,0,0,2.342021507264592
85,5,0,5,5,0,0,0,0,0,0.9387598953461413
85,5,0,10,0,0,0,0,0,0,1.0860637605066048
85,5,5,0,0,0,0,0,0,5,0.8709396479931354
85,5,5,0,0,0,0,0,5,0,1.5113336149721277
85,5,5,0,0,0,0,5,0,0,0.8199215107360106
85,5,5,0,0,0,5,0,0,0,1.0118271417383555
85,5,5,0,0,5,0,0,0,0,2.2199393854170744
85,5,5,0,5,0,0,0,0,0,0.9878688189305826
85,5,5,5,0,0,0,0,0,0,1.1720588863406654
85,5,10,0,0,0,0,0,0,0,0.8947054606663319
85,10,0,0,0,0,0,0,0,5,0.8210267310560733
85,10,0,0,0,0,0,0,5,0,1.4700242767678484
85,10,0,0,0,0,0,5,0,0,0.7606060364686571
85,10,0,0,0,0,5,0,0,0,0.968840698806831
85,10,0,0,0,5,0,0,0,0,2.213284126724688
85,10,0,0,5,0,0,0,0,0,0.9511509415027841
85,10,0,5,0,0,0,0,0,0,1.1767573742231228
85,10,5,0,0,0,0,0,0,0,0.8468976609873373
85,15,0,0,0,0,0,0,0,0,0.861846169496485
90,0,0,0,0,0,0,0,0,10,0.8200312899889297
90,0,0,0,0,0,0,0,5,5,1.4160084844667522
90,0,0,0,0,0,0,0,10,0,1.430864234571684
90,0,0,0,0,0,0,5,0,5,0.6640273904032342
90,0,0,0,0,0,0,5,5,0,1.3376399379537032
90,0,0,0,0,0,0,10,0,0,0.6239398995150615
90,0,0,0,0,0,5,0,0,5,0.919521126733996
90,0,0,0,0,0,5,0,5,0,1.6002668361094334
90,0,0,0,0,0,5,5,0,0,0.8007059850872487
90,0,0,0,0,0,10,0,0,0,1.104856033969216
90,0,0,0,0,5,0,0,0,5,2.2178866332993303
90,0,0,0,0,5,0,0,5,0,2.454468899070762
90,0,0,0,0,5,0,5,0,0,2.11300862490137
90,0,0,0,0,5,5,0,0,0,2.22723271015237
90,0,0,0,0,10,0,0,0,0,2.2048140989697753
90,0,0,0,5,0,0,0,0,5,0.7387278068116779
90,0,0,0,5,0,0,0,5,0,0.7582606606177116
90,0,0,0,5,0,0,5,0,0,0.599883887007466
90,0,0,0,5,0,5,0,0,0,0.7363516949321023
90,0,0,0,5,5,0,0,0,0,2.185292595581672
90,0,0,0,10,0,0,0,0,0,0.7315695138907194
90,0,0,5,0,0,0,0,0,5,1.105038095923946
90,0,0,5,0,0,0,0,5,0,1.5679595544946727
90,0,0,5,0,0,0,5,0,0,1.154367770904663
90,0,0,5,0,0,5,0,0,0,1.2731762545201641
90,0,0,5,0,5,0,0,0,0,2.3412028889918783
90,0,0,5,5,0,0,0,0,0,0.9735315527285553
90,0,0,10,0,0,0,0,0,0,1.0804477666091536
90,0,5,0,0,0,0,0,0,5,0.8526346449294842
90,0,5,0,0,0,0,0,5,0,1.48414382975929
90,0,5,0,0,0,0,5,0,0,0.6594580902370906
90,0,5,0,0,0,5,0,0,0,0.94909326954056
90,0,5,0,0,5,0,0,0,0,2.209312301279471
90,0,5,0,5,0,0,0,0,0,0.7866959286791193
90,0,5,5,0,0,0,0,0,0,1.0732829226510914
90,0,10,0,0,0,0,0,0,0,0.8440339229734917
90,5,0,0,0,0,0,0,0,5,0.8693974287515686
90,5,0,0,0,0,0,0,5,0,1.4930573728278356
90,5,0,0,0,0,0,5,0,0,0.783227773052699
90,5,0,0,0,0,5,0,0,0,1.003474332094898
90,5,0,0,0,5,0,0,0,0,2.219755821809675
90,5,0,0,5,0,0,0,0,0,0.9439100994150351
90,5,0,5,0,0,0,0,0,0,1.1995111500555307
90,5,5,0,0,0,0,0,0,0,0.8953615370203332
90,10,0,0,0,0,0,0,0,0,0.797102923420598
95,0,0,0,0,0,0,0,0,5,0.8680768598434794
95,0,0,0,0,0,0,0,5,0,1.430242181657025
95,0,0,0,0,0,0,5,0,0,0.6223988851715712
95,0,0,0,0,0,5,0,0,0,0.9951253351735475
95,0,0,0,0,5,0,0,0,0,2.2035080982421107
95,0,0,0,5,0,0,0,0,0,0.75101224408685
95,0,0,5,0,0,0,0,0,0,0.9835301148004166
95,0,5,0,0,0,0,0,0,0,0.8876493020629793
95,5,0,0,0,0,0,0,0,0,0.8755067289574527
100,0,0,0,0,0,0,0,0,0,1.8582687711606227
